OrderID,CustomerID,OrderDate,CustomerAge,Gender,City,Category,Product,Quantity,UnitPrice,Discount,PaymentMethod,OrderStatus,DeliveryDate,Rating,TotalAmount,DiscountRate,CalculatedAmount,AmountMismatch,InvalidRow,Revenue,OrderMonth
12460,C1057,2026-02-28 09:50:00,32.0,Male,Giza,Sports,Dumbbells,1,1400,0.15,Cash,Delivered,2026-03-03 09:50:00,4.0,1190.0,0.15,1190.0,False,False,1190.0,2026-02-01
15059,C0914,2026-03-12 15:53:00,52.0,Male,Cairo,Fashion,Bag,3,750,0.1,Cash,Delivered,2026-03-18 15:53:00,5.0,2025.0,0.1,2025.0,False,False,2025.0,2026-03-01
11044,C1523,2026-05-26 22:36:00,55.0,Male,Alexandria,Beauty,Hair Dryer,1,1300,0.1,Visa,Delivered,2026-05-30 22:36:00,4.0,1170.0,0.1,1170.0,False,False,1170.0,2026-05-01
15273,C0812,2026-02-15 00:57:00,61.0,Male,Aswan,Home,Chair,1,2500,0.1,Bank Transfer,Delivered,2026-02-16 00:57:00,4.0,2250.0,0.1,2250.0,False,False,2250.0,2026-02-01
19429,C0086,2026-06-10 04:55:00,51.0,Female,Alexandria,Electronics,Smart Watch,1,2200,0.15,Wallet,Delivered,2026-06-13 04:55:00,4.0,1870.0,0.15,1870.0,False,False,1870.0,2026-06-01
17832,C0005,2026-05-23 17:12:00,60.0,Female,Alexandria,Beauty,Makeup Kit,2,900,0%,Cash,Delivered,2026-05-28 17:12:00,3.0,1800.0,0.0,1800.0,False,False,1800.0,2026-05-01
17561,C1869,2026-02-10 18:10:00,68.0,Female,Cairo,Beauty,Shampoo,4,250,0,Mastercard,Delivered,2026-02-15 18:10:00,4.0,1000.0,0.0,1000.0,False,False,1000.0,2026-02-01
16342,C0214,2026-02-09 22:46:00,45.0,Female,Aswan,Electronics,Mouse,3,450,0.2,Bank Transfer,Delivered,2026-02-11 22:46:00,3.0,1080.0,0.2,1080.0,False,False,1080.0,2026-02-01
15595,C0765,2026-06-14 07:57:00,35.0,Male,Tanta,Home,Coffee Maker,2,1800,0.05,Bank Transfer,Delivered,2026-06-17 07:57:00,5.0,3420.0,0.05,3420.0,False,False,3420.0,2026-06-01
17772,C0806,2026-06-15 08:41:00,66.0,Female,Tanta,Electronics,Headphones,1,850,0.05,Mastercard,Delivered,2026-06-18 08:41:00,4.0,807.5,0.05,807.5,False,False,807.5,2026-06-01
13664,C1961,2026-05-29 00:00:00,57.0,Female,Giza,Home,Blender,4,1200,0.15,Cash,Delivered,2026-05-31 11:36:00,4.0,4080.0,0.15,4080.0,False,False,4080.0,2026-05-01
12953,C0691,2026-02-11 07:10:00,42.0,Male,Alexandria,Fashion,Bag,1,750,0.05,Wallet,Delivered,2026-02-16 07:10:00,5.0,712.5,0.05,712.5,False,False,712.5,2026-02-01
11228,C1323,2026-02-03 15:32:00,66.0,Male,Cairo,Sports,Tennis Racket,2,1600,0.05,Visa,Delivered,2026-02-06 15:32:00,4.0,3040.0,0.05,3040.0,False,False,3040.0,2026-02-01
17181,C0207,2026-01-24 08:09:00,65.0,Male,Tanta,Fashion,Shoes,3,1500,0.15,Wallet,Delivered,2026-01-26 08:09:00,4.0,3825.0,0.15,3825.0,False,False,3825.0,2026-01-01
10066,C1401,2026-02-02 20:21:00,38.0,Male,Cairo,Beauty,Perfume,2,1100,0.15,Visa,Delivered,2026-02-05 20:21:00,4.0,1870.0,0.15,1870.0,False,False,1870.0,2026-02-01
14018,C1555,2026-01-15 00:30:00,54.0,Male,Mansoura,Home,Chair,3,2500,0.05,Visa,Delivered,2026-01-17 00:30:00,3.0,7125.0,0.05,7125.0,False,False,7125.0,2026-01-01
14940,C1582,2026-06-26 07:14:00,66.0,Female,Alexandria,Fashion,Jacket,4,1200,0,Wallet,Delivered,2026-06-28 07:14:00,4.0,4800.0,0.0,4800.0,False,False,4800.0,2026-06-01
18179,C1846,2026-03-03 14:13:00,28.0,Female,Cairo,Home,Bedsheet,1,700,0,Cash,Delivered,2026-03-06 14:13:00,4.0,700.0,0.0,700.0,False,False,700.0,2026-03-01
13089,C1990,2026-06-16 18:51:00,34.0,Male,Cairo,Fashion,Jeans,1,900,0,Bank Transfer,Delivered,2026-06-22 18:51:00,5.0,900.0,0.0,900.0,False,False,900.0,2026-06-01
11750,C1616,2026-04-02 20:29:00,20.0,Male,Alexandria,Electronics,Keyboard,1,900,0.05,Bank Transfer,Delivered,2026-04-04 20:29:00,4.0,855.0,0.05,855.0,False,False,855.0,2026-04-01
10132,C1983,2026-04-07 06:11:00,66.0,Male,Aswan,Sports,Dumbbells,2,1400,0.1,Wallet,Delivered,2026-04-14 06:11:00,2.0,2520.0,0.1,2520.0,False,False,2520.0,2026-04-01
10490,C1358,2026-02-12 13:06:00,50.0,Male,Cairo,Beauty,Hair Dryer,4,1300,0,Wallet,Delivered,2026-02-18 13:06:00,4.0,5200.0,0.0,5200.0,False,False,5200.0,2026-02-01
15861,C1794,2026-06-20 11:46:00,61.0,Female,Mansoura,Home,Chair,2,2500,0,Visa,Delivered,2026-06-22 11:46:00,4.0,5000.0,0.0,5000.0,False,False,5000.0,2026-06-01
16734,C0054,2026-03-26 05:01:00,54.0,Male,Cairo,Home,Chair,2,2500,0.05,Bank Transfer,Delivered,2026-03-29 05:01:00,4.0,4750.0,0.05,4750.0,False,False,4750.0,2026-03-01
12199,C0458,2026-05-08 20:22:00,18.0,Female,Cairo,Home,Bedsheet,3,700,0,Cash,Delivered,2026-05-14 20:22:00,4.0,2100.0,0.0,2100.0,False,False,2100.0,2026-05-01
15075,C0938,2026-01-22 00:22:00,63.0,Male,Mansoura,Fashion,Bag,1,750,0.05,Bank Transfer,Delivered,2026-01-25 00:22:00,5.0,712.5,0.05,712.5,False,False,712.5,2026-01-01
13430,C1075,2026-01-14 02:08:00,54.0,Male,Tanta,Sports,Football,1,650,0.1,Visa,Delivered,2026-01-17 02:08:00,5.0,585.0,0.1,585.0,False,False,585.0,2026-01-01
18128,C0497,2026-06-06 07:16:00,54.0,Male,Tanta,Sports,Football,2,650,0.15,Mastercard,Delivered,2026-06-08 07:16:00,5.0,1105.0,0.15,1105.0,False,False,1105.0,2026-06-01
12872,C0203,2026-01-06 03:52:00,44.0,Female,Mansoura,Electronics,Laptop,1,18000,0.2,Cash,Delivered,2026-01-08 03:52:00,4.0,14400.0,0.2,14400.0,False,False,14400.0,2026-01-01
18229,C1251,2026-05-16 23:39:00,29.0,Female,Cairo,Home,Chair,2,2500,0.1,Bank Transfer,Delivered,2026-05-20 23:39:00,4.0,4500.0,0.1,4500.0,False,False,4500.0,2026-05-01
10192,C0868,2026-01-19 00:00:00,53.0,Male,Cairo,Sports,Yoga Mat,1,600,0,Wallet,Delivered,2026-01-24 15:44:00,5.0,600.0,0.0,600.0,False,False,600.0,2026-01-01
13697,C1100,2026-05-14 01:14:00,64.0,Male,Cairo,Sports,Tennis Racket,1,1600,0,Wallet,Delivered,2026-05-16 01:14:00,4.0,1600.0,0.0,1600.0,False,False,1600.0,2026-05-01
11186,C1976,2026-03-05 06:49:00,47.0,Male,Cairo,Sports,Running Shoes,2,1800,0,Bank Transfer,Delivered,2026-03-07 06:49:00,3.0,3600.0,0.0,3600.0,False,False,3600.0,2026-03-01
15185,C1900,2026-03-04 00:23:00,33.0,Male,Alexandria,Home,Chair,3,2500,0.1,Bank Transfer,Delivered,2026-03-06 00:23:00,4.0,6750.0,0.1,6750.0,False,False,6750.0,2026-03-01
12462,C0261,2026-04-01 04:02:00,55.0,Male,Tanta,Home,Blender,2,1200,0.1,Mastercard,Delivered,2026-04-04 04:02:00,4.0,2160.0,0.1,2160.0,False,False,2160.0,2026-04-01
16586,C0881,2026-02-15 02:52:00,41.0,Male,Tanta,Beauty,Perfume,3,1100,0,Visa,Delivered,2026-02-17 02:52:00,3.0,3300.0,0.0,3300.0,False,False,3300.0,2026-02-01
13544,C1254,2026-04-01 19:56:00,21.0,Male,Mansoura,Home,Coffee Maker,2,1800,0%,Cash,Delivered,2026-04-03 19:56:00,1.0,3600.0,0.0,3600.0,False,False,3600.0,2026-04-01
10501,C0556,2026-03-15 22:57:00,23.0,Female,Alexandria,Fashion,Jacket,1,1200,0,Bank Transfer,Delivered,2026-03-19 22:57:00,3.0,1200.0,0.0,1200.0,False,False,1200.0,2026-03-01
19197,C1336,2026-04-04 06:22:00,38.0,Female,Tanta,Home,Blender,1,1200,0,Visa,Delivered,2026-04-11 06:22:00,5.0,1200.0,0.0,1200.0,False,False,1200.0,2026-04-01
13658,C1173,2026-03-01 09:41:00,35.0,Male,Giza,Electronics,Smart Watch,1,2200,0.05,Visa,Delivered,2026-03-04 09:41:00,3.0,2090.0,0.05,2090.0,False,False,2090.0,2026-03-01
10195,C1326,2026-06-03 18:04:00,46.0,Male,Cairo,Beauty,Face Cream,2,450,0.05,Bank Transfer,Delivered,2026-06-07 18:04:00,2.0,855.0,0.05,855.0,False,False,855.0,2026-06-01
17899,C0230,2026-03-30 22:44:00,55.0,Female,Alexandria,Fashion,Bag,1,750,0.1,Mastercard,Delivered,2026-04-03 22:44:00,4.0,675.0,0.1,675.0,False,False,675.0,2026-03-01
12160,C1604,2026-05-27 00:47:00,36.0,Female,Giza,Sports,Running Shoes,1,1800,0.15,Bank Transfer,Delivered,2026-05-31 00:47:00,4.0,1530.0,0.15,1530.0,False,False,1530.0,2026-05-01
14596,C1191,2026-02-06 17:07:00,32.0,Male,Giza,Electronics,Laptop,3,18000,0,Visa,Delivered,2026-02-09 17:07:00,5.0,54000.0,0.0,54000.0,False,False,54000.0,2026-02-01
12901,C0244,2026-02-01 10:51:00,53.0,Female,Giza,Home,Chair,4,2500,0.1,Bank Transfer,Delivered,2026-02-04 10:51:00,5.0,9000.0,0.1,9000.0,False,False,9000.0,2026-02-01
17781,C1992,2026-01-13 04:07:00,57.0,Female,Aswan,Home,Chair,2,2500,0,Visa,Delivered,2026-01-20 04:07:00,3.0,5000.0,0.0,5000.0,False,False,5000.0,2026-01-01
13583,C1116,2026-01-08 13:35:00,56.0,Male,Cairo,Beauty,Shampoo,1,250,0,Wallet,Delivered,2026-01-15 13:35:00,5.0,250.0,0.0,250.0,False,False,250.0,2026-01-01
17076,C1861,2026-03-28 04:57:00,57.0,Male,Cairo,Electronics,Mouse,1,450,0.05,Mastercard,Delivered,2026-03-31 04:57:00,3.0,427.5,0.05,427.5,False,False,427.5,2026-03-01
13774,C1814,2026-06-12 09:23:00,43.0,Female,Cairo,Electronics,Mouse,1,450,0.2,Wallet,Delivered,2026-06-14 09:23:00,3.0,360.0,0.2,360.0,False,False,360.0,2026-06-01
13589,C0494,2026-02-16 00:19:00,33.0,Male,Cairo,Home,Blender,3,1200,0.15,Wallet,Delivered,2026-02-17 00:19:00,5.0,3060.0,0.15,3060.0,False,False,3060.0,2026-02-01
10085,C0194,2026-04-23 17:29:00,55.0,Female,Cairo,Electronics,Headphones,2,850,0,Cash,Delivered,2026-04-26 17:29:00,4.0,1700.0,0.0,1700.0,False,False,1700.0,2026-04-01
19644,C1846,2026-03-20 10:23:00,44.0,Male,Cairo,Beauty,Hair Dryer,4,1300,0.1,Wallet,Delivered,2026-03-23 10:23:00,4.0,4680.0,0.1,4680.0,False,False,4680.0,2026-03-01
14825,C0839,2026-04-19 15:07:00,31.0,Male,Cairo,Fashion,Jacket,3,1200,0.1,Wallet,Delivered,2026-04-23 15:07:00,4.0,3240.0,0.1,3240.0,False,False,3240.0,2026-04-01
17292,C0893,2026-05-02 15:13:00,64.0,Male,Giza,Fashion,Jeans,3,900,0,Wallet,Delivered,2026-05-07 15:13:00,4.0,2700.0,0.0,2700.0,False,False,2700.0,2026-05-01
15320,C0367,2026-05-26 04:07:00,28.0,Female,Mansoura,Home,Lamp,2,300,0.05,Visa,Delivered,2026-05-29 04:07:00,4.0,570.0,0.05,570.0,False,False,570.0,2026-05-01
10555,C1931,2026-01-08 00:52:00,24.0,Male,Cairo,Fashion,T-Shirt,1,500,0.1,Bank Transfer,Delivered,2026-01-09 00:52:00,5.0,450.0,0.1,450.0,False,False,450.0,2026-01-01
17425,C1587,2026-05-13 05:04:00,34.0,Female,Alexandria,Electronics,Keyboard,2,900,0.15,Wallet,Delivered,2026-05-18 05:04:00,4.0,1530.0,0.15,1530.0,False,False,1530.0,2026-05-01
10371,C1750,2026-04-26 05:14:00,63.0,Male,Alexandria,Sports,Tennis Racket,2,1600,0.1,Mastercard,Delivered,2026-05-02 05:14:00,4.0,2880.0,0.1,2880.0,False,False,2880.0,2026-04-01
19681,C1583,2026-04-20 06:03:00,60.0,Male,Cairo,Sports,Tennis Racket,1,1600,0.15,Bank Transfer,Delivered,2026-04-26 06:03:00,4.0,1360.0,0.15,1360.0,False,False,1360.0,2026-04-01
15668,C1315,2026-03-07 15:33:00,52.0,Female,Alexandria,Home,Bedsheet,2,700,0.1,Mastercard,Delivered,2026-03-11 15:33:00,2.0,1260.0,0.1,1260.0,False,False,1260.0,2026-03-01
11450,C1492,2026-03-04 11:14:00,61.0,Male,Cairo,Electronics,Keyboard,2,900,0,Mastercard,Delivered,2026-03-06 11:14:00,4.0,1800.0,0.0,1800.0,False,False,1800.0,2026-03-01
12881,C1762,2026-01-01 10:04:00,43.0,Male,Cairo,Electronics,Laptop,2,18000,0,Cash,Delivered,2026-01-07 10:04:00,3.0,36000.0,0.0,36000.0,False,False,36000.0,2026-01-01
14610,C1223,2026-03-16 17:37:00,29.0,Male,Alexandria,Beauty,Makeup Kit,1,900,0.1,Cash,Delivered,2026-03-20 17:37:00,1.0,810.0,0.1,810.0,False,False,810.0,2026-03-01
14445,C0481,2026-06-21 00:00:00,39.0,Male,Cairo,Sports,Yoga Mat,1,600,0,Mastercard,Delivered,2026-06-25 00:14:00,4.0,600.0,0.0,600.0,False,False,600.0,2026-06-01
13498,C1796,2026-01-26 22:47:00,66.0,Male,Cairo,Fashion,T-Shirt,2,500,0,Bank Transfer,Delivered,2026-01-29 22:47:00,4.0,1000.0,0.0,1000.0,False,False,1000.0,2026-01-01
17168,C0292,2026-02-25 12:49:00,37.0,Female,Cairo,Fashion,Jacket,1,1200,0,Wallet,Delivered,2026-02-27 12:49:00,5.0,1200.0,0.0,1200.0,False,False,1200.0,2026-02-01
13858,C0974,2026-05-03 09:21:00,61.0,Female,Cairo,Home,Coffee Maker,2,1800,0.1,Visa,Delivered,2026-05-05 09:21:00,4.0,3240.0,0.1,3240.0,False,False,3240.0,2026-05-01
11686,C0589,2026-06-24 16:21:00,35.0,Female,Cairo,Home,Lamp,2,300,0.1,Mastercard,Delivered,2026-06-26 16:21:00,5.0,540.0,0.1,540.0,False,False,540.0,2026-06-01
10807,C1617,2026-06-24 06:53:00,48.0,Female,Cairo,Electronics,Headphones,2,850,0.1,Mastercard,Delivered,2026-06-27 06:53:00,4.0,1530.0,0.1,1530.0,False,False,1530.0,2026-06-01
15218,C1249,2026-05-10 17:59:00,69.0,Male,Giza,Beauty,Makeup Kit,3,900,0,Mastercard,Delivered,2026-05-14 17:59:00,5.0,2700.0,0.0,2700.0,False,False,2700.0,2026-05-01
15958,C0008,2026-02-17 19:59:00,33.0,Female,Cairo,Electronics,Mouse,2,450,0.1,Cash,Delivered,2026-02-21 19:59:00,4.0,810.0,0.1,810.0,False,False,810.0,2026-02-01
12534,C1682,2026-03-04 16:58:00,19.0,Male,Cairo,Sports,Yoga Mat,1,600,0.2,Mastercard,Delivered,2026-03-08 16:58:00,5.0,480.0,0.2,480.0,False,False,480.0,2026-03-01
14467,C0074,2026-04-06 00:22:00,68.0,Female,Cairo,Sports,Tennis Racket,4,1600,0,Visa,Delivered,2026-04-12 00:22:00,5.0,6400.0,0.0,6400.0,False,False,6400.0,2026-04-01
13449,C0367,2026-06-27 11:34:00,66.0,Female,Giza,Fashion,Jacket,2,1200,0,Cash,Delivered,2026-07-02 11:34:00,3.0,2400.0,0.0,2400.0,False,False,2400.0,2026-06-01
16555,C0246,2026-01-05 10:50:00,20.0,Male,Mansoura,Home,Bedsheet,3,700,0.05,Wallet,Delivered,2026-01-11 10:50:00,5.0,1995.0,0.05,1995.0,False,False,1995.0,2026-01-01
13844,C0655,2026-05-25 00:00:00,50.0,Male,Cairo,Sports,Dumbbells,2,1400,0,Cash,Delivered,2026-05-26 05:04:00,4.0,2800.0,0.0,2800.0,False,False,2800.0,2026-05-01
16798,C1141,2026-03-08 15:01:00,58.0,Male,Giza,Beauty,Face Cream,2,450,0,Bank Transfer,Delivered,2026-03-14 15:01:00,5.0,900.0,0.0,900.0,False,False,900.0,2026-03-01
13035,C0423,2026-04-28 23:20:00,23.0,Female,Mansoura,Beauty,Perfume,1,1100,0.05,Bank Transfer,Delivered,2026-04-30 23:20:00,5.0,1045.0,0.05,1045.0,False,False,1045.0,2026-04-01
16409,C0210,2026-06-09 10:51:00,34.0,Male,Cairo,Electronics,Laptop,2,18000,0.1,Cash,Delivered,2026-06-13 10:51:00,5.0,32400.0,0.1,32400.0,False,False,32400.0,2026-06-01
12022,C0773,2026-02-11 16:46:00,25.0,Male,Giza,Fashion,Bag,2,750,0.15,Visa,Delivered,2026-02-14 16:46:00,3.0,1275.0,0.15,1275.0,False,False,1275.0,2026-02-01
17072,C0762,2026-01-29 06:18:00,23.0,Female,Mansoura,Sports,Yoga Mat,2,600,0.15,Wallet,Delivered,2026-02-02 06:18:00,4.0,1020.0,0.15,1020.0,False,False,1020.0,2026-01-01
12267,C1628,2026-01-23 23:13:00,52.0,Female,Giza,Home,Blender,2,1200,0.1,Cash,Delivered,2026-01-27 23:13:00,2.0,2160.0,0.1,2160.0,False,False,2160.0,2026-01-01
13981,C0211,2026-01-29 02:38:00,21.0,Female,Tanta,Fashion,Bag,2,750,0,Mastercard,Delivered,2026-02-01 02:38:00,3.0,1500.0,0.0,1500.0,False,False,1500.0,2026-01-01
19768,C0790,2026-04-21 08:45:00,58.0,Female,Giza,Sports,Running Shoes,1,1800,0,Wallet,Delivered,2026-04-27 08:45:00,4.0,1800.0,0.0,1800.0,False,False,1800.0,2026-04-01
14395,C0595,2026-06-08 09:24:00,58.0,Male,Cairo,Home,Blender,2,1200,0.05,Wallet,Delivered,2026-06-10 09:24:00,3.0,2280.0,0.05,2280.0,False,False,2280.0,2026-06-01
14113,C1414,2026-03-09 03:29:00,30.0,Female,Cairo,Fashion,T-Shirt,1,500,0.15,Visa,Delivered,2026-03-10 03:29:00,4.0,425.0,0.15,425.0,False,False,425.0,2026-03-01
15639,C0529,2026-01-23 11:45:00,29.0,Male,Cairo,Electronics,Smart Watch,4,2200,0,Wallet,Delivered,2026-01-26 11:45:00,3.0,8800.0,0.0,8800.0,False,False,8800.0,2026-01-01
12289,C1185,2026-03-26 13:55:00,55.0,Male,Cairo,Electronics,Laptop,2,18000,0.1,Bank Transfer,Delivered,2026-03-29 13:55:00,4.0,32400.0,0.1,32400.0,False,False,32400.0,2026-03-01
15374,C0403,2026-03-30 03:48:00,35.0,Male,Cairo,Fashion,Jacket,4,1200,0.05,Cash,Delivered,2026-04-03 03:48:00,4.0,4560.0,0.05,4560.0,False,False,4560.0,2026-03-01
12393,C1262,2026-05-01 18:05:00,22.0,Male,Giza,Electronics,Laptop,1,18000,0,Bank Transfer,Delivered,2026-05-02 18:05:00,4.0,18000.0,0.0,18000.0,False,False,18000.0,2026-05-01
10894,C0662,2026-05-21 11:09:00,18.0,Male,Cairo,Sports,Football,3,650,0.05,Wallet,Delivered,2026-05-24 11:09:00,4.0,1852.5,0.05,1852.5,False,False,1852.5,2026-05-01
16043,C0293,2026-04-24 04:42:00,38.0,Female,Alexandria,Electronics,Smart Watch,1,2200,0,Wallet,Delivered,2026-04-29 04:42:00,4.0,2200.0,0.0,2200.0,False,False,2200.0,2026-04-01
16064,C0618,2026-04-04 18:13:00,44.0,Male,Cairo,Electronics,Smart Watch,4,2200,0.05,Cash,Delivered,2026-04-09 18:13:00,3.0,8360.0,0.05,8360.0,False,False,8360.0,2026-04-01
16299,C1507,2026-03-08 19:00:00,50.0,Male,Cairo,Sports,Yoga Mat,2,600,0.1,Bank Transfer,Delivered,2026-03-11 19:00:00,4.0,1080.0,0.1,1080.0,False,False,1080.0,2026-03-01
11705,C1342,2026-03-16 14:01:00,54.0,Female,Alexandria,Home,Blender,1,1200,0.1,Visa,Delivered,2026-03-20 14:01:00,3.0,1080.0,0.1,1080.0,False,False,1080.0,2026-03-01
14206,C1681,2026-05-01 20:03:00,27.0,Female,Cairo,Fashion,T-Shirt,1,500,0.15,Bank Transfer,Delivered,2026-05-03 20:03:00,1.0,425.0,0.15,425.0,False,False,425.0,2026-05-01
15151,C1374,2026-02-08 19:00:00,52.0,Female,Cairo,Fashion,Bag,2,750,0,Cash,Delivered,2026-02-13 19:00:00,5.0,1500.0,0.0,1500.0,False,False,1500.0,2026-02-01
10391,C0431,2026-02-17 09:11:00,30.0,Male,Aswan,Electronics,Mouse,1,450,0,Cash,Delivered,2026-02-22 09:11:00,3.0,450.0,0.0,450.0,False,False,450.0,2026-02-01
13098,C0903,2026-02-16 17:01:00,63.0,Male,Alexandria,Fashion,Bag,1,750,0.1,Mastercard,Delivered,2026-02-20 17:01:00,3.0,675.0,0.1,675.0,False,False,675.0,2026-02-01
10099,C1224,2026-01-25 17:24:00,29.0,Female,Alexandria,Fashion,Jeans,2,900,10%,Mastercard,Delivered,2026-02-01 17:24:00,4.0,1620.0,0.1,1620.0,False,False,1620.0,2026-01-01
13737,C1987,2026-06-03 07:46:00,54.0,Male,Mansoura,Home,Coffee Maker,2,1800,0.1,Wallet,Delivered,2026-06-06 07:46:00,5.0,3240.0,0.1,3240.0,False,False,3240.0,2026-06-01
10909,C1933,2026-06-25 02:00:00,26.0,Female,Cairo,Beauty,Face Cream,1,450,0.05,Cash,Delivered,2026-06-28 02:00:00,5.0,427.5,0.05,427.5,False,False,427.5,2026-06-01
10591,C1198,2026-06-14 18:27:00,48.0,Female,Cairo,Electronics,Mouse,1,450,0,Mastercard,Delivered,2026-06-19 18:27:00,1.0,450.0,0.0,450.0,False,False,450.0,2026-06-01
12821,C1903,2026-05-06 05:20:00,62.0,Male,Cairo,Sports,Yoga Mat,1,600,0,Bank Transfer,Delivered,2026-05-09 05:20:00,5.0,600.0,0.0,600.0,False,False,600.0,2026-05-01
18759,C1583,2026-06-16 07:44:00,18.0,Male,Cairo,Sports,Tennis Racket,2,1600,0,Mastercard,Delivered,2026-06-18 07:44:00,1.0,3200.0,0.0,3200.0,False,False,3200.0,2026-06-01
19951,C1941,2026-05-09 06:23:00,50.0,Male,Cairo,Sports,Yoga Mat,1,600,0.1,Visa,Delivered,2026-05-15 06:23:00,4.0,540.0,0.1,540.0,False,False,540.0,2026-05-01
12700,C0070,2026-03-16 22:08:00,47.0,Male,Giza,Fashion,Jeans,4,900,0,Visa,Delivered,2026-03-19 22:08:00,3.0,3600.0,0.0,3600.0,False,False,3600.0,2026-03-01
10815,C1916,2026-06-05 17:57:00,69.0,Male,Giza,Beauty,Perfume,1,1100,20%,Visa,Delivered,2026-06-07 17:57:00,4.0,880.0,0.2,880.0,False,False,880.0,2026-06-01
16162,C1907,2026-01-31 00:00:00,35.0,Male,Giza,Home,Lamp,1,300,0,Visa,Delivered,2026-02-07 19:14:00,3.0,300.0,0.0,300.0,False,False,300.0,2026-01-01
17380,C1341,2026-02-13 00:50:00,28.0,Male,Aswan,Electronics,Keyboard,2,900,0,Mastercard,Delivered,2026-02-15 00:50:00,5.0,1800.0,0.0,1800.0,False,False,1800.0,2026-02-01
14234,C1749,2026-02-13 08:29:00,18.0,Female,Cairo,Electronics,Keyboard,2,900,0,Visa,Delivered,2026-02-16 08:29:00,5.0,1800.0,0.0,1800.0,False,False,1800.0,2026-02-01
11555,C1118,2026-06-07 18:24:00,63.0,Female,Mansoura,Fashion,Shoes,4,1500,0.1,Cash,Delivered,2026-06-09 18:24:00,5.0,5400.0,0.1,5400.0,False,False,5400.0,2026-06-01
13611,C0625,2026-03-24 00:00:00,70.0,Male,Giza,Electronics,Mouse,1,450,0.1,Mastercard,Delivered,2026-03-25 00:00:00,5.0,405.0,0.1,405.0,False,False,405.0,2026-03-01
18810,C0565,2026-01-10 15:43:00,25.0,Male,Tanta,Sports,Running Shoes,3,1800,0,Cash,Delivered,2026-01-13 15:43:00,3.0,5400.0,0.0,5400.0,False,False,5400.0,2026-01-01
15266,C0505,2026-01-10 21:46:00,36.0,Female,Cairo,Beauty,Perfume,1,1100,0.1,Mastercard,Delivered,2026-01-13 21:46:00,4.0,990.0,0.1,990.0,False,False,990.0,2026-01-01
18745,C0267,2026-05-30 07:52:00,38.0,Female,Alexandria,Home,Chair,2,2500,0,Bank Transfer,Delivered,2026-06-02 07:52:00,4.0,5000.0,0.0,5000.0,False,False,5000.0,2026-05-01
14903,C1363,2026-01-13 16:52:00,25.0,Female,Cairo,Fashion,T-Shirt,1,500,0.1,Wallet,Delivered,2026-01-17 16:52:00,4.0,450.0,0.1,450.0,False,False,450.0,2026-01-01
18277,C0949,2026-05-31 22:28:00,24.0,Female,Cairo,Fashion,T-Shirt,1,500,0.1,Bank Transfer,Delivered,2026-06-06 22:28:00,5.0,450.0,0.1,450.0,False,False,450.0,2026-05-01
14616,C0612,2026-03-20 17:48:00,23.0,Male,Giza,Sports,Yoga Mat,1,600,0.15,Visa,Delivered,2026-03-26 17:48:00,5.0,510.0,0.15,510.0,False,False,510.0,2026-03-01
12728,C1641,2026-01-30 04:00:00,48.0,Female,Tanta,Beauty,Makeup Kit,3,900,0.1,Bank Transfer,Delivered,2026-02-02 04:00:00,5.0,2430.0,0.1,2430.0,False,False,2430.0,2026-01-01
17287,C1521,2026-06-19 14:55:00,50.0,Female,Giza,Fashion,Shoes,2,1500,0.05,Bank Transfer,Delivered,2026-06-22 14:55:00,5.0,2850.0,0.05,2850.0,False,False,2850.0,2026-06-01
13251,C0139,2026-04-28 14:25:00,53.0,Female,Giza,Electronics,Headphones,1,850,0.1,Bank Transfer,Delivered,2026-04-30 14:25:00,4.0,765.0,0.1,765.0,False,False,765.0,2026-04-01
18636,C0588,2026-06-12 13:22:00,51.0,Male,Giza,Beauty,Makeup Kit,1,900,0.1,Bank Transfer,Delivered,2026-06-15 13:22:00,5.0,810.0,0.1,810.0,False,False,810.0,2026-06-01
15862,C0844,2026-02-22 01:27:00,38.0,Female,Alexandria,Sports,Dumbbells,1,1400,0.05,Bank Transfer,Delivered,2026-02-24 01:27:00,5.0,1330.0,0.05,1330.0,False,False,1330.0,2026-02-01
10994,C0716,2026-05-30 00:00:00,19.0,Female,Tanta,Beauty,Makeup Kit,1,900,0,Wallet,Delivered,2026-06-01 16:26:00,5.0,900.0,0.0,900.0,False,False,900.0,2026-05-01
13215,C1127,2026-06-29 00:20:00,56.0,Male,Cairo,Fashion,T-Shirt,4,500,0.1,Mastercard,Delivered,2026-07-02 00:20:00,4.0,1800.0,0.1,1800.0,False,False,1800.0,2026-06-01
16751,C0849,2026-05-23 02:20:00,36.0,Female,Aswan,Home,Lamp,1,300,0,Cash,Delivered,2026-05-28 02:20:00,4.0,300.0,0.0,300.0,False,False,300.0,2026-05-01
19838,C1067,2026-05-10 05:49:00,49.0,Female,Aswan,Home,Coffee Maker,1,1800,0,Cash,Delivered,2026-05-12 05:49:00,4.0,1800.0,0.0,1800.0,False,False,1800.0,2026-05-01
14241,C1329,2026-02-22 04:01:00,50.0,Male,Cairo,Sports,Football,1,650,0.1,Cash,Delivered,2026-02-27 04:01:00,5.0,585.0,0.1,585.0,False,False,585.0,2026-02-01
19944,C1021,2026-04-04 06:51:00,66.0,Female,Cairo,Electronics,Headphones,1,850,0.05,Bank Transfer,Delivered,2026-04-07 06:51:00,3.0,807.5,0.05,807.5,False,False,807.5,2026-04-01
14152,C1786,2026-06-18 02:33:00,42.0,Male,Cairo,Electronics,Smart Watch,1,2200,0.05,Wallet,Delivered,2026-06-23 02:33:00,5.0,2090.0,0.05,2090.0,False,False,2090.0,2026-06-01
15700,C1795,2026-01-24 22:43:00,22.0,Female,Alexandria,Fashion,Jacket,4,1200,0.05,Mastercard,Delivered,2026-01-26 22:43:00,4.0,4560.0,0.05,4560.0,False,False,4560.0,2026-01-01
15747,C1429,2026-04-06 13:50:00,64.0,Female,Cairo,Sports,Tennis Racket,3,1600,0.1,Visa,Delivered,2026-04-07 13:50:00,5.0,4320.0,0.1,4320.0,False,False,4320.0,2026-04-01
15192,C1966,2026-04-28 09:28:00,21.0,Female,Giza,Fashion,T-Shirt,2,500,0.1,Visa,Delivered,2026-05-02 09:28:00,5.0,900.0,0.1,900.0,False,False,900.0,2026-04-01
11104,C0207,2026-05-19 14:28:00,67.0,Female,Aswan,Electronics,Smart Watch,4,2200,0,Wallet,Delivered,2026-05-22 14:28:00,4.0,8800.0,0.0,8800.0,False,False,8800.0,2026-05-01
11267,C1030,2026-05-03 09:53:00,49.0,Female,Cairo,Home,Chair,2,2500,0.15,Wallet,Delivered,2026-05-05 09:53:00,5.0,4250.0,0.15,4250.0,False,False,4250.0,2026-05-01
13625,C1530,2026-03-01 01:45:00,68.0,Male,Alexandria,Beauty,Makeup Kit,1,900,0,Visa,Delivered,2026-03-04 01:45:00,4.0,900.0,0.0,900.0,False,False,900.0,2026-03-01
19289,C1903,2026-01-02 11:23:00,68.0,Female,Cairo,Home,Coffee Maker,1,1800,0,Bank Transfer,Delivered,2026-01-06 11:23:00,5.0,1800.0,0.0,1800.0,False,False,1800.0,2026-01-01
12913,C0882,2026-01-23 23:07:00,34.0,Female,Cairo,Sports,Tennis Racket,1,1600,0.15,Cash,Delivered,2026-01-28 23:07:00,2.0,1360.0,0.15,1360.0,False,False,1360.0,2026-01-01
15065,C1108,2026-06-13 22:16:00,62.0,Male,Alexandria,Beauty,Face Cream,1,450,0.05,Visa,Delivered,2026-06-17 22:16:00,4.0,427.5,0.05,427.5,False,False,427.5,2026-06-01
18765,C0302,2026-03-06 17:44:00,68.0,Male,Alexandria,Beauty,Perfume,2,1100,0.05,Mastercard,Delivered,2026-03-09 17:44:00,5.0,2090.0,0.05,2090.0,False,False,2090.0,2026-03-01
19379,C1198,2026-02-01 18:35:00,47.0,Female,Cairo,Beauty,Shampoo,1,250,0.1,Wallet,Delivered,2026-02-04 18:35:00,4.0,225.0,0.1,225.0,False,False,225.0,2026-02-01
11394,C0258,2026-06-25 09:02:00,21.0,Male,Cairo,Beauty,Shampoo,1,250,0.1,Cash,Delivered,2026-06-30 09:02:00,4.0,225.0,0.1,225.0,False,False,225.0,2026-06-01
16769,C0529,2026-05-24 00:03:00,48.0,Male,Tanta,Beauty,Shampoo,2,250,0.1,Wallet,Delivered,2026-05-26 00:03:00,4.0,450.0,0.1,450.0,False,False,450.0,2026-05-01
11086,C0467,2026-06-13 23:57:00,63.0,Female,Alexandria,Home,Chair,1,2500,0,Visa,Delivered,2026-06-16 23:57:00,4.0,2500.0,0.0,2500.0,False,False,2500.0,2026-06-01
10716,C0091,2026-06-16 14:25:00,18.0,Male,Cairo,Sports,Tennis Racket,1,1600,0.15,Cash,Delivered,2026-06-20 14:25:00,2.0,1360.0,0.15,1360.0,False,False,1360.0,2026-06-01
10176,C1850,2026-01-21 10:54:00,51.0,Male,Tanta,Fashion,T-Shirt,1,500,0.1,Wallet,Delivered,2026-01-27 10:54:00,3.0,450.0,0.1,450.0,False,False,450.0,2026-01-01
16086,C0606,2026-04-30 00:55:00,33.0,Male,Cairo,Sports,Dumbbells,3,1400,0.05,Bank Transfer,Delivered,2026-05-02 00:55:00,3.0,3990.0,0.05,3990.0,False,False,3990.0,2026-04-01
18434,C1067,2026-03-04 00:25:00,27.0,Female,Cairo,Home,Lamp,2,300,0,Cash,Delivered,2026-03-05 00:25:00,5.0,600.0,0.0,600.0,False,False,600.0,2026-03-01
14952,C1843,2026-01-28 17:29:00,57.0,Male,Cairo,Fashion,Jeans,2,900,0,Bank Transfer,Delivered,2026-01-31 17:29:00,4.0,1800.0,0.0,1800.0,False,False,1800.0,2026-01-01
18834,C1469,2026-01-11 18:50:00,52.0,Female,Alexandria,Beauty,Perfume,2,1100,0.2,Bank Transfer,Delivered,2026-01-13 18:50:00,3.0,1760.0,0.2,1760.0,False,False,1760.0,2026-01-01
16355,C0063,2026-02-09 11:04:00,40.0,Male,Giza,Electronics,Headphones,3,850,0,Visa,Delivered,2026-02-11 11:04:00,3.0,2550.0,0.0,2550.0,False,False,2550.0,2026-02-01
12927,C0821,2026-04-29 23:54:00,50.0,Female,Giza,Electronics,Keyboard,2,900,0.1,Cash,Delivered,2026-05-03 23:54:00,5.0,1620.0,0.1,1620.0,False,False,1620.0,2026-04-01
10069,C0559,2026-01-01 13:37:00,54.0,Male,Cairo,Electronics,Smart Watch,2,2200,0.05,Visa,Delivered,2026-01-04 13:37:00,4.0,4180.0,0.05,4180.0,False,False,4180.0,2026-01-01
16088,C0456,2026-01-04 11:01:00,24.0,Female,Cairo,Electronics,Mouse,1,450,0.1,Cash,Delivered,2026-01-05 11:01:00,3.0,405.0,0.1,405.0,False,False,405.0,2026-01-01
18445,C0545,2026-01-04 23:09:00,50.0,Male,Giza,Home,Coffee Maker,2,1800,0,Cash,Delivered,2026-01-07 23:09:00,5.0,3600.0,0.0,3600.0,False,False,3600.0,2026-01-01
17376,C1351,2026-05-13 11:40:00,50.0,Female,Giza,Fashion,Bag,2,750,0.1,Visa,Delivered,2026-05-19 11:40:00,4.0,1350.0,0.1,1350.0,False,False,1350.0,2026-05-01
19973,C1917,2026-04-03 09:00:00,28.0,Male,Tanta,Sports,Tennis Racket,1,1600,0,Bank Transfer,Delivered,2026-04-04 09:00:00,3.0,1600.0,0.0,1600.0,False,False,1600.0,2026-04-01
15305,C0400,2026-01-13 21:14:00,53.0,Female,Alexandria,Beauty,Hair Dryer,3,1300,0,Bank Transfer,Delivered,2026-01-15 21:14:00,2.0,3900.0,0.0,3900.0,False,False,3900.0,2026-01-01
19431,C1925,2026-05-05 20:34:00,29.0,Male,Giza,Electronics,Keyboard,2,900,0.1,Wallet,Delivered,2026-05-08 20:34:00,4.0,1620.0,0.1,1620.0,False,False,1620.0,2026-05-01
17670,C1583,2026-03-28 01:39:00,67.0,Female,Giza,Electronics,Mouse,1,450,0.05,Cash,Delivered,2026-04-02 01:39:00,5.0,427.5,0.05,427.5,False,False,427.5,2026-03-01
11572,C0285,2026-02-06 06:18:00,63.0,Male,Mansoura,Electronics,Laptop,2,18000,0,Mastercard,Delivered,2026-02-12 06:18:00,2.0,36000.0,0.0,36000.0,False,False,36000.0,2026-02-01
17530,C0072,2026-02-05 23:11:00,22.0,Female,Cairo,Home,Coffee Maker,1,1800,0,Visa,Delivered,2026-02-08 23:11:00,2.0,1800.0,0.0,1800.0,False,False,1800.0,2026-02-01
11348,C1220,2026-01-16 09:42:00,43.0,Female,Alexandria,Home,Blender,4,1200,0.05,Cash,Delivered,2026-01-18 09:42:00,4.0,4560.0,0.05,4560.0,False,False,4560.0,2026-01-01
14584,C1613,2026-03-24 23:34:00,31.0,Male,Tanta,Fashion,Jacket,3,1200,0.15,Cash,Delivered,2026-03-31 23:34:00,4.0,3060.0,0.15,3060.0,False,False,3060.0,2026-03-01
17029,C1307,2026-04-01 11:42:00,22.0,Male,Giza,Home,Lamp,2,300,0.05,Cash,Delivered,2026-04-04 11:42:00,2.0,570.0,0.05,570.0,False,False,570.0,2026-04-01
13448,C1619,2026-04-06 12:28:00,24.0,Male,Alexandria,Fashion,Jacket,2,1200,0,Wallet,Delivered,2026-04-08 12:28:00,2.0,2400.0,0.0,2400.0,False,False,2400.0,2026-04-01
11928,C0389,2026-05-05 22:15:00,25.0,Male,Alexandria,Home,Chair,2,2500,0.05,Wallet,Delivered,2026-05-07 22:15:00,4.0,4750.0,0.05,4750.0,False,False,4750.0,2026-05-01
13225,C0637,2026-01-17 15:00:00,38.0,Female,Tanta,Beauty,Hair Dryer,3,1300,0.15,Bank Transfer,Delivered,2026-01-22 15:00:00,5.0,3315.0,0.15,3315.0,False,False,3315.0,2026-01-01
15558,C1192,2026-01-04 08:37:00,66.0,Female,Giza,Fashion,Jacket,3,1200,0,Visa,Delivered,2026-01-10 08:37:00,4.0,3600.0,0.0,3600.0,False,False,3600.0,2026-01-01
15057,C1600,2026-06-28 14:59:00,23.0,Female,Cairo,Sports,Tennis Racket,2,1600,0.1,Cash,Delivered,2026-07-01 14:59:00,5.0,2880.0,0.1,2880.0,False,False,2880.0,2026-06-01
17558,C0856,2026-05-07 10:03:00,43.0,Male,Tanta,Fashion,Bag,2,750,0.2,Mastercard,Delivered,2026-05-12 10:03:00,5.0,1200.0,0.2,1200.0,False,False,1200.0,2026-05-01
18340,C0971,2026-03-06 00:11:00,27.0,Female,Alexandria,Home,Lamp,2,300,0.2,Visa,Delivered,2026-03-07 00:11:00,4.0,480.0,0.2,480.0,False,False,480.0,2026-03-01
19150,C0535,2026-10-01 00:00:00,54.0,Female,Alexandria,Home,Lamp,2,300,0.1,Wallet,Delivered,2026-01-14 17:47:00,5.0,540.0,0.1,540.0,False,False,540.0,2026-10-01
12685,C1793,2026-01-20 17:17:00,59.0,Male,Giza,Electronics,Mouse,1,450,0.1,Cash,Delivered,2026-01-24 17:17:00,1.0,405.0,0.1,405.0,False,False,405.0,2026-01-01
11445,C0670,2026-02-24 06:55:00,65.0,Male,Cairo,Home,Lamp,1,300,0.15,Wallet,Delivered,2026-03-02 06:55:00,4.0,255.0,0.15,255.0,False,False,255.0,2026-02-01
14218,C1260,2026-05-21 00:58:00,31.0,Male,Cairo,Home,Chair,3,2500,0.15,Wallet,Delivered,2026-05-23 00:58:00,5.0,6375.0,0.15,6375.0,False,False,6375.0,2026-05-01
15280,C0786,2026-03-09 10:39:00,50.0,Female,Cairo,Sports,Running Shoes,2,1800,0,Bank Transfer,Delivered,2026-03-11 10:39:00,4.0,3600.0,0.0,3600.0,False,False,3600.0,2026-03-01
15335,C0146,2026-05-08 19:57:00,63.0,Male,Cairo,Home,Bedsheet,2,700,0.1,Visa,Delivered,2026-05-11 19:57:00,5.0,1260.0,0.1,1260.0,False,False,1260.0,2026-05-01
17276,C1316,2026-07-04 00:00:00,26.0,Male,Cairo,Electronics,Mouse,2,450,0.1,Visa,Delivered,2026-04-08 16:06:00,4.0,810.0,0.1,810.0,False,False,810.0,2026-07-01
17912,C1506,2026-03-10 23:08:00,28.0,Male,Giza,Fashion,Shoes,2,1500,0.15,Wallet,Delivered,2026-03-16 23:08:00,5.0,2550.0,0.15,2550.0,False,False,2550.0,2026-03-01
17089,C1520,2026-04-14 21:08:00,51.0,Male,Alexandria,Sports,Yoga Mat,1,600,0.15,Bank Transfer,Delivered,2026-04-16 21:08:00,4.0,510.0,0.15,510.0,False,False,510.0,2026-04-01
11502,C1950,2026-01-11 21:46:00,42.0,Female,Mansoura,Home,Blender,2,1200,0.1,Wallet,Delivered,2026-01-14 21:46:00,3.0,2160.0,0.1,2160.0,False,False,2160.0,2026-01-01
17587,C1736,2026-02-14 06:01:00,47.0,Male,Giza,Fashion,Jacket,1,1200,0.15,Cash,Delivered,2026-02-19 06:01:00,5.0,1020.0,0.15,1020.0,False,False,1020.0,2026-02-01
12504,C1977,2026-02-15 07:43:00,56.0,Male,Giza,Electronics,Smart Watch,2,2200,0,Wallet,Delivered,2026-02-16 07:43:00,4.0,4400.0,0.0,4400.0,False,False,4400.0,2026-02-01
18255,C1109,2026-03-03 01:11:00,31.0,Male,Mansoura,Beauty,Face Cream,2,450,0,Bank Transfer,Delivered,2026-03-06 01:11:00,5.0,900.0,0.0,900.0,False,False,900.0,2026-03-01
12236,C0858,2026-01-03 01:04:00,37.0,Male,Giza,Electronics,Laptop,3,18000,0.1,Bank Transfer,Delivered,2026-01-07 01:04:00,5.0,48600.0,0.1,48600.0,False,False,48600.0,2026-01-01
14538,C1253,2026-03-11 00:00:00,57.0,Male,Cairo,Sports,Football,4,650,0.05,Visa,Delivered,2026-03-13 01:48:00,5.0,2470.0,0.05,2470.0,False,False,2470.0,2026-03-01
15844,C1117,2026-04-18 18:29:00,42.0,Male,Tanta,Home,Lamp,1,300,0.1,Visa,Delivered,2026-04-20 18:29:00,3.0,270.0,0.1,270.0,False,False,270.0,2026-04-01
15148,C0349,2026-05-01 17:51:00,61.0,Female,Giza,Sports,Running Shoes,4,1800,0.05,Wallet,Delivered,2026-05-06 17:51:00,3.0,6840.0,0.05,6840.0,False,False,6840.0,2026-05-01
10044,C0029,2026-06-14 05:18:00,25.0,Male,Tanta,Sports,Running Shoes,2,1800,0,Visa,Delivered,2026-06-17 05:18:00,5.0,3600.0,0.0,3600.0,False,False,3600.0,2026-06-01
16833,C0877,2026-05-28 03:42:00,48.0,Female,Tanta,Electronics,Mouse,3,450,0.1,Visa,Delivered,2026-05-30 03:42:00,3.0,1215.0,0.1,1215.0,False,False,1215.0,2026-05-01
17702,C0069,2026-03-28 09:18:00,42.0,Female,Cairo,Fashion,T-Shirt,1,500,0,Visa,Delivered,2026-04-02 09:18:00,4.0,500.0,0.0,500.0,False,False,500.0,2026-03-01
11402,C1323,2026-02-09 05:56:00,47.0,Male,Giza,Fashion,Shoes,2,1500,0.05,Wallet,Delivered,2026-02-13 05:56:00,4.0,2850.0,0.05,2850.0,False,False,2850.0,2026-02-01
16485,C0003,2026-01-26 04:54:00,20.0,Male,Mansoura,Beauty,Hair Dryer,1,1300,0.05,Mastercard,Delivered,2026-02-02 04:54:00,5.0,1235.0,0.05,1235.0,False,False,1235.0,2026-01-01
19894,C1869,2026-02-15 21:08:00,39.0,Male,Giza,Electronics,Mouse,1,450,0.1,Bank Transfer,Delivered,2026-02-20 21:08:00,4.0,405.0,0.1,405.0,False,False,405.0,2026-02-01
17003,C1879,2026-05-22 21:24:00,39.0,Female,Cairo,Fashion,T-Shirt,1,500,0.1,Bank Transfer,Delivered,2026-05-24 21:24:00,3.0,450.0,0.1,450.0,False,False,450.0,2026-05-01
10649,C0821,2026-05-25 21:24:00,19.0,Female,Alexandria,Electronics,Smart Watch,2,2200,15%,Bank Transfer,Delivered,2026-05-28 21:24:00,4.0,3740.0,0.15,3740.0,False,False,3740.0,2026-05-01
14835,C0257,2026-04-17 03:11:00,43.0,Male,Cairo,Beauty,Hair Dryer,1,1300,0.05,Wallet,Delivered,2026-04-19 03:11:00,5.0,1235.0,0.05,1235.0,False,False,1235.0,2026-04-01
10487,C1710,2026-04-02 16:17:00,49.0,Female,Cairo,Electronics,Headphones,1,850,10%,Wallet,Delivered,2026-04-07 16:17:00,4.0,765.0,0.1,765.0,False,False,765.0,2026-04-01
11575,C0535,2026-05-15 23:35:00,18.0,Male,Tanta,Home,Blender,1,1200,0,Bank Transfer,Delivered,2026-05-20 23:35:00,3.0,1200.0,0.0,1200.0,False,False,1200.0,2026-05-01
12888,C1206,2026-02-13 17:16:00,25.0,Male,Tanta,Home,Lamp,3,300,0.05,Mastercard,Delivered,2026-02-16 17:16:00,4.0,855.0,0.05,855.0,False,False,855.0,2026-02-01
13585,C0385,2026-04-01 04:49:00,23.0,Male,Alexandria,Beauty,Perfume,3,1100,10%,Cash,Delivered,2026-04-04 04:49:00,5.0,2970.0,0.1,2970.0,False,False,2970.0,2026-04-01
14115,C1840,2026-01-27 00:22:00,62.0,Female,Cairo,Sports,Running Shoes,1,1800,0.05,Bank Transfer,Delivered,2026-01-31 00:22:00,3.0,1710.0,0.05,1710.0,False,False,1710.0,2026-01-01
14553,C0278,2026-01-10 12:41:00,45.0,Male,Cairo,Fashion,Jeans,1,900,0.05,Bank Transfer,Delivered,2026-01-13 12:41:00,3.0,855.0,0.05,855.0,False,False,855.0,2026-01-01
13795,C1699,2026-02-13 03:24:00,32.0,Female,Tanta,Beauty,Shampoo,3,250,0.05,Bank Transfer,Delivered,2026-02-18 03:24:00,2.0,712.5,0.05,712.5,False,False,712.5,2026-02-01
13472,C1932,2026-01-20 06:43:00,25.0,Female,Aswan,Home,Lamp,2,300,0,Cash,Delivered,2026-01-25 06:43:00,2.0,600.0,0.0,600.0,False,False,600.0,2026-01-01
14865,C0736,2026-01-29 16:27:00,58.0,Female,Alexandria,Electronics,Keyboard,2,900,0.1,Wallet,Delivered,2026-02-02 16:27:00,4.0,1620.0,0.1,1620.0,False,False,1620.0,2026-01-01
19012,C1650,2026-05-18 01:42:00,46.0,Female,Tanta,Sports,Dumbbells,1,1400,0,Wallet,Delivered,2026-05-23 01:42:00,5.0,1400.0,0.0,1400.0,False,False,1400.0,2026-05-01
11593,C0795,2026-03-03 19:02:00,33.0,Female,Alexandria,Home,Bedsheet,3,700,0.05,Visa,Delivered,2026-03-07 19:02:00,4.0,1995.0,0.05,1995.0,False,False,1995.0,2026-03-01
15076,C0339,2026-01-09 12:21:00,57.0,Male,Mansoura,Fashion,Jeans,4,900,0.05,Bank Transfer,Delivered,2026-01-16 12:21:00,3.0,3420.0,0.05,3420.0,False,False,3420.0,2026-01-01
12041,C1335,2026-03-30 04:14:00,65.0,Male,Tanta,Beauty,Face Cream,1,450,0.1,Mastercard,Delivered,2026-04-02 04:14:00,5.0,405.0,0.1,405.0,False,False,405.0,2026-03-01
19555,C1119,2026-01-04 06:08:00,20.0,Female,Giza,Beauty,Makeup Kit,1,900,0,Bank Transfer,Delivered,2026-01-07 06:08:00,4.0,900.0,0.0,900.0,False,False,900.0,2026-01-01
14235,C0185,2026-01-18 00:00:00,63.0,Female,Aswan,Home,Chair,1,2500,0.1,Bank Transfer,Delivered,2026-01-22 07:58:00,4.0,2250.0,0.1,2250.0,False,False,2250.0,2026-01-01
11148,C0598,2026-01-31 02:29:00,38.0,Female,Tanta,Fashion,Bag,2,750,0.1,Cash,Delivered,2026-02-06 02:29:00,4.0,1350.0,0.1,1350.0,False,False,1350.0,2026-01-01
15515,C1026,2026-06-13 19:44:00,65.0,Female,Aswan,Electronics,Laptop,3,18000,0,Wallet,Delivered,2026-06-16 19:44:00,3.0,54000.0,0.0,54000.0,False,False,54000.0,2026-06-01
16801,C1824,2026-02-09 01:47:00,30.0,Female,Giza,Fashion,Shoes,1,1500,0.05,Visa,Delivered,2026-02-14 01:47:00,5.0,1425.0,0.05,1425.0,False,False,1425.0,2026-02-01
16797,C1196,2026-01-11 03:11:00,68.0,Female,Alexandria,Fashion,Bag,1,750,0,Visa,Delivered,2026-01-13 03:11:00,3.0,750.0,0.0,750.0,False,False,750.0,2026-01-01
17173,C0505,2026-01-07 00:10:00,68.0,Male,Tanta,Home,Blender,1,1200,0,Visa,Delivered,2026-01-13 00:10:00,3.0,1200.0,0.0,1200.0,False,False,1200.0,2026-01-01
18808,C0425,2026-03-08 11:49:00,29.0,Female,Aswan,Fashion,T-Shirt,1,500,0.15,Mastercard,Delivered,2026-03-11 11:49:00,3.0,425.0,0.15,425.0,False,False,425.0,2026-03-01
19480,C0658,2026-01-10 11:16:00,39.0,Male,Alexandria,Fashion,T-Shirt,1,500,0.15,Mastercard,Delivered,2026-01-13 11:16:00,5.0,425.0,0.15,425.0,False,False,425.0,2026-01-01
19563,C0899,2026-02-18 16:43:00,23.0,Male,Alexandria,Beauty,Shampoo,3,250,0,Wallet,Delivered,2026-02-20 16:43:00,5.0,750.0,0.0,750.0,False,False,750.0,2026-02-01
15952,C1388,2026-02-10 06:32:00,55.0,Male,Mansoura,Electronics,Keyboard,1,900,0.05,Cash,Delivered,2026-02-13 06:32:00,2.0,855.0,0.05,855.0,False,False,855.0,2026-02-01
16638,C0923,2026-05-18 00:00:00,51.0,Female,Giza,Beauty,Makeup Kit,3,900,0.05,Visa,Delivered,2026-05-22 22:13:00,3.0,2565.0,0.05,2565.0,False,False,2565.0,2026-05-01
16216,C1914,2026-02-18 00:12:00,24.0,Male,Aswan,Sports,Dumbbells,2,1400,0.15,Wallet,Delivered,2026-02-24 00:12:00,1.0,2380.0,0.15,2380.0,False,False,2380.0,2026-02-01
19801,C1989,2026-02-13 12:15:00,37.0,Female,Cairo,Fashion,Jeans,1,900,0.05,Bank Transfer,Delivered,2026-02-18 12:15:00,3.0,855.0,0.05,855.0,False,False,855.0,2026-02-01
10630,C1679,2026-02-02 19:41:00,29.0,Female,Cairo,Fashion,T-Shirt,3,500,0,Bank Transfer,Delivered,2026-02-06 19:41:00,5.0,1500.0,0.0,1500.0,False,False,1500.0,2026-02-01
12626,C0682,2026-01-02 13:01:00,67.0,Female,Cairo,Sports,Running Shoes,1,1800,0,Cash,Delivered,2026-01-03 13:01:00,3.0,1800.0,0.0,1800.0,False,False,1800.0,2026-01-01
19521,C1827,2026-03-23 20:04:00,46.0,Female,Giza,Sports,Yoga Mat,1,600,0.15,Visa,Delivered,2026-03-29 20:04:00,5.0,510.0,0.15,510.0,False,False,510.0,2026-03-01
10289,C1406,2026-05-03 14:53:00,53.0,Female,Cairo,Sports,Running Shoes,2,1800,0.05,Visa,Delivered,2026-05-06 14:53:00,5.0,3420.0,0.05,3420.0,False,False,3420.0,2026-05-01
15644,C1299,2026-05-13 22:43:00,36.0,Male,Cairo,Home,Lamp,1,300,0,Wallet,Delivered,2026-05-20 22:43:00,5.0,300.0,0.0,300.0,False,False,300.0,2026-05-01
11979,C0652,2026-06-22 23:10:00,30.0,Female,Giza,Sports,Running Shoes,3,1800,0,Mastercard,Delivered,2026-06-26 23:10:00,4.0,5400.0,0.0,5400.0,False,False,5400.0,2026-06-01
17419,C1443,2026-06-21 06:38:00,28.0,Female,Cairo,Electronics,Mouse,2,450,0.05,Bank Transfer,Delivered,2026-06-24 06:38:00,4.0,855.0,0.05,855.0,False,False,855.0,2026-06-01
19006,C0821,2026-04-23 05:02:00,69.0,Female,Cairo,Sports,Football,1,650,0,Mastercard,Delivered,2026-04-28 05:02:00,4.0,650.0,0.0,650.0,False,False,650.0,2026-04-01
18245,C0216,2026-06-21 12:21:00,43.0,Female,Alexandria,Electronics,Mouse,1,450,0.15,Cash,Delivered,2026-06-23 12:21:00,5.0,382.5,0.15,382.5,False,False,382.5,2026-06-01
12686,C1729,2026-02-24 19:02:00,70.0,Male,Alexandria,Sports,Running Shoes,3,1800,0.15,Wallet,Delivered,2026-02-28 19:02:00,3.0,4590.0,0.15,4590.0,False,False,4590.0,2026-02-01
18645,C0442,2026-06-08 12:26:00,58.0,Male,Giza,Electronics,Smart Watch,1,2200,0.15,Bank Transfer,Delivered,2026-06-11 12:26:00,5.0,1870.0,0.15,1870.0,False,False,1870.0,2026-06-01
13603,C1043,2026-05-07 00:00:00,55.0,Female,Alexandria,Electronics,Smart Watch,1,2200,0.05,Bank Transfer,Delivered,2026-05-09 02:33:00,5.0,2090.0,0.05,2090.0,False,False,2090.0,2026-05-01
19600,C0554,2026-02-15 14:46:00,41.0,Male,Giza,Fashion,Jacket,1,1200,0,Wallet,Delivered,2026-02-19 14:46:00,2.0,1200.0,0.0,1200.0,False,False,1200.0,2026-02-01
17716,C0969,2026-02-23 18:38:00,46.0,Male,Tanta,Electronics,Keyboard,2,900,0.15,Visa,Delivered,2026-02-25 18:38:00,4.0,1530.0,0.15,1530.0,False,False,1530.0,2026-02-01
14734,C0628,2026-01-03 10:04:00,52.0,Female,Mansoura,Fashion,Jacket,1,1200,0.2,Mastercard,Delivered,2026-01-07 10:04:00,5.0,960.0,0.2,960.0,False,False,960.0,2026-01-01
18572,C1270,2026-01-25 00:00:00,65.0,Male,Cairo,Electronics,Headphones,3,850,0.1,Wallet,Delivered,2026-01-29 03:41:00,4.0,2295.0,0.1,2295.0,False,False,2295.0,2026-01-01
12680,C0390,2026-04-25 11:06:00,62.0,Male,Mansoura,Electronics,Headphones,2,850,0.15,Bank Transfer,Delivered,2026-04-28 11:06:00,4.0,1445.0,0.15,1445.0,False,False,1445.0,2026-04-01
15410,C1625,2026-04-19 17:40:00,57.0,Male,Aswan,Beauty,Makeup Kit,1,900,0.15,Mastercard,Delivered,2026-04-24 17:40:00,5.0,765.0,0.15,765.0,False,False,765.0,2026-04-01
17269,C1427,2026-04-17 00:37:00,30.0,Female,Giza,Beauty,Face Cream,1,450,0,Wallet,Delivered,2026-04-19 00:37:00,5.0,450.0,0.0,450.0,False,False,450.0,2026-04-01
13539,C0190,2026-06-17 02:27:00,38.0,Female,Cairo,Electronics,Laptop,4,18000,0,Mastercard,Delivered,2026-06-22 02:27:00,5.0,72000.0,0.0,72000.0,False,False,72000.0,2026-06-01
15173,C0857,2026-05-06 02:00:00,40.0,Female,Cairo,Sports,Tennis Racket,1,1600,0.05,Cash,Delivered,2026-05-09 02:00:00,5.0,1520.0,0.05,1520.0,False,False,1520.0,2026-05-01
12619,C0027,2026-06-20 05:00:00,46.0,Female,Giza,Fashion,Shoes,3,1500,0.1,Wallet,Delivered,2026-06-24 05:00:00,2.0,4050.0,0.1,4050.0,False,False,4050.0,2026-06-01
19608,C0459,2026-06-26 04:40:00,39.0,Male,Giza,Sports,Football,1,650,0,Wallet,Delivered,2026-06-29 04:40:00,3.0,650.0,0.0,650.0,False,False,650.0,2026-06-01
12285,C0956,2026-04-03 20:23:00,21.0,Female,Cairo,Sports,Yoga Mat,1,600,0%,Visa,Delivered,2026-04-08 20:23:00,4.0,600.0,0.0,600.0,False,False,600.0,2026-04-01
18232,C0488,2026-05-20 21:00:00,61.0,Male,Giza,Fashion,Bag,1,750,0,Mastercard,Delivered,2026-05-27 21:00:00,4.0,750.0,0.0,750.0,False,False,750.0,2026-05-01
18458,C0840,2026-06-06 10:49:00,67.0,Female,Alexandria,Beauty,Face Cream,2,450,0,Wallet,Delivered,2026-06-10 10:49:00,5.0,900.0,0.0,900.0,False,False,900.0,2026-06-01
19667,C1862,2026-01-12 22:49:00,20.0,Female,Mansoura,Electronics,Mouse,1,450,0.1,Visa,Delivered,2026-01-16 22:49:00,5.0,405.0,0.1,405.0,False,False,405.0,2026-01-01
16077,C0896,2026-06-18 08:39:00,45.0,Male,Giza,Beauty,Hair Dryer,3,1300,0%,Wallet,Delivered,2026-06-21 08:39:00,5.0,3900.0,0.0,3900.0,False,False,3900.0,2026-06-01
15307,C0449,2026-04-30 04:48:00,44.0,Male,Alexandria,Fashion,Jeans,1,900,0.1,Visa,Delivered,2026-05-02 04:48:00,5.0,810.0,0.1,810.0,False,False,810.0,2026-04-01
11401,C0420,2026-06-08 22:37:00,68.0,Female,Tanta,Home,Bedsheet,2,700,0.05,Bank Transfer,Delivered,2026-06-10 22:37:00,2.0,1330.0,0.05,1330.0,False,False,1330.0,2026-06-01
18334,C0041,2026-05-19 23:30:00,37.0,Female,Cairo,Electronics,Keyboard,1,900,0.15,Bank Transfer,Delivered,2026-05-22 23:30:00,4.0,765.0,0.15,765.0,False,False,765.0,2026-05-01
10272,C1126,2026-02-26 14:30:00,58.0,Male,Cairo,Beauty,Face Cream,1,450,0,Wallet,Delivered,2026-02-27 14:30:00,4.0,450.0,0.0,450.0,False,False,450.0,2026-02-01
14664,C0272,2026-04-09 17:03:00,68.0,Female,Alexandria,Home,Blender,2,1200,0,Visa,Delivered,2026-04-12 17:03:00,4.0,2400.0,0.0,2400.0,False,False,2400.0,2026-04-01
18577,C0861,2026-03-24 14:35:00,35.0,Female,Cairo,Fashion,Shoes,2,1500,0.05,Bank Transfer,Delivered,2026-03-27 14:35:00,5.0,2850.0,0.05,2850.0,False,False,2850.0,2026-03-01
19538,C0279,2026-02-12 04:39:00,22.0,Male,Giza,Fashion,Jacket,1,1200,0.1,Wallet,Delivered,2026-02-16 04:39:00,2.0,1080.0,0.1,1080.0,False,False,1080.0,2026-02-01
14700,C1176,2026-04-05 05:35:00,18.0,Male,Giza,Beauty,Face Cream,2,450,0,Visa,Delivered,2026-04-10 05:35:00,5.0,900.0,0.0,900.0,False,False,900.0,2026-04-01
10333,C0903,2026-01-22 09:38:00,70.0,Female,Mansoura,Sports,Yoga Mat,4,600,0,Wallet,Delivered,2026-01-26 09:38:00,3.0,2400.0,0.0,2400.0,False,False,2400.0,2026-01-01
12614,C1139,2026-05-03 22:55:00,22.0,Male,Cairo,Beauty,Makeup Kit,1,900,0,Bank Transfer,Delivered,2026-05-07 22:55:00,4.0,900.0,0.0,900.0,False,False,900.0,2026-05-01
12571,C0229,2026-05-27 09:12:00,64.0,Male,Alexandria,Electronics,Smart Watch,4,2200,0.05,Cash,Delivered,2026-05-28 09:12:00,4.0,8360.0,0.05,8360.0,False,False,8360.0,2026-05-01
11036,C1447,2026-03-30 09:29:00,27.0,Male,Cairo,Sports,Running Shoes,2,1800,0.1,Bank Transfer,Delivered,2026-04-02 09:29:00,4.0,3240.0,0.1,3240.0,False,False,3240.0,2026-03-01
16070,C0911,2026-01-07 12:35:00,57.0,Male,Giza,Electronics,Mouse,2,450,0,Bank Transfer,Delivered,2026-01-10 12:35:00,4.0,900.0,0.0,900.0,False,False,900.0,2026-01-01
19765,C0756,2026-06-10 09:48:00,46.0,Female,Alexandria,Beauty,Makeup Kit,1,900,0.15,Mastercard,Delivered,2026-06-14 09:48:00,4.0,765.0,0.15,765.0,False,False,765.0,2026-06-01
18827,C1082,2026-02-18 11:10:00,33.0,Male,Tanta,Home,Lamp,2,300,0.05,Cash,Delivered,2026-02-20 11:10:00,4.0,570.0,0.05,570.0,False,False,570.0,2026-02-01
10867,C0566,2026-03-27 11:54:00,23.0,Female,Cairo,Electronics,Laptop,1,18000,0,Wallet,Delivered,2026-04-01 11:54:00,4.0,18000.0,0.0,18000.0,False,False,18000.0,2026-03-01
12151,C1578,2026-04-03 03:24:00,53.0,Male,Mansoura,Home,Coffee Maker,2,1800,0.05,Bank Transfer,Delivered,2026-04-06 03:24:00,2.0,3420.0,0.05,3420.0,False,False,3420.0,2026-04-01
11933,C1826,2026-04-19 07:26:00,33.0,Female,Giza,Beauty,Perfume,1,1100,0,Bank Transfer,Delivered,2026-04-22 07:26:00,4.0,1100.0,0.0,1100.0,False,False,1100.0,2026-04-01
18602,C0797,2026-06-25 07:49:00,26.0,Male,Aswan,Electronics,Laptop,2,18000,0,Mastercard,Delivered,2026-06-26 07:49:00,4.0,36000.0,0.0,36000.0,False,False,36000.0,2026-06-01
16036,C1710,2026-02-20 08:10:00,60.0,Male,Mansoura,Sports,Yoga Mat,1,600,0.05,Visa,Delivered,2026-02-22 08:10:00,3.0,570.0,0.05,570.0,False,False,570.0,2026-02-01
17494,C0855,2026-03-10 10:02:00,41.0,Female,Alexandria,Home,Lamp,2,300,0.1,Visa,Delivered,2026-03-13 10:02:00,5.0,540.0,0.1,540.0,False,False,540.0,2026-03-01
16351,C0351,2026-03-03 06:54:00,21.0,Male,Alexandria,Sports,Tennis Racket,3,1600,0,Wallet,Delivered,2026-03-04 06:54:00,2.0,4800.0,0.0,4800.0,False,False,4800.0,2026-03-01
18010,C1446,2026-01-09 17:30:00,49.0,Female,Aswan,Beauty,Hair Dryer,1,1300,0.1,Wallet,Delivered,2026-01-11 17:30:00,4.0,1170.0,0.1,1170.0,False,False,1170.0,2026-01-01
14436,C0388,2026-03-26 02:04:00,60.0,Female,Cairo,Beauty,Makeup Kit,1,900,0,Wallet,Delivered,2026-03-28 02:04:00,5.0,900.0,0.0,900.0,False,False,900.0,2026-03-01
16169,C0391,2026-05-06 20:00:00,50.0,Female,Giza,Fashion,Shoes,4,1500,0.15,Cash,Delivered,2026-05-07 20:00:00,4.0,5100.0,0.15,5100.0,False,False,5100.0,2026-05-01
11935,C1002,2026-04-15 01:39:00,48.0,Female,Aswan,Electronics,Mouse,4,450,0,Wallet,Delivered,2026-04-17 01:39:00,5.0,1800.0,0.0,1800.0,False,False,1800.0,2026-04-01
10946,C0474,2026-04-16 11:39:00,36.0,Female,Alexandria,Beauty,Shampoo,1,250,0.1,Mastercard,Delivered,2026-04-20 11:39:00,4.0,225.0,0.1,225.0,False,False,225.0,2026-04-01
15315,C0643,2026-05-07 13:07:00,60.0,Female,Giza,Electronics,Laptop,2,18000,0,Cash,Delivered,2026-05-10 13:07:00,5.0,36000.0,0.0,36000.0,False,False,36000.0,2026-05-01
12386,C1423,2026-04-10 13:01:00,62.0,Male,Cairo,Electronics,Laptop,1,18000,0.05,Bank Transfer,Delivered,2026-04-12 13:01:00,4.0,17100.0,0.05,17100.0,False,False,17100.0,2026-04-01
10162,C0627,2026-04-14 21:04:00,37.0,Male,Mansoura,Electronics,Headphones,1,850,0.1,Wallet,Delivered,2026-04-16 21:04:00,5.0,765.0,0.1,765.0,False,False,765.0,2026-04-01
19234,C1072,2026-05-18 18:26:00,62.0,Female,Giza,Home,Blender,2,1200,0,Cash,Delivered,2026-05-23 18:26:00,4.0,2400.0,0.0,2400.0,False,False,2400.0,2026-05-01
19075,C1987,2026-02-17 09:55:00,27.0,Male,Alexandria,Beauty,Shampoo,2,250,0,Cash,Delivered,2026-02-20 09:55:00,5.0,500.0,0.0,500.0,False,False,500.0,2026-02-01
10242,C0359,2026-03-09 18:00:00,45.0,Female,Cairo,Electronics,Keyboard,2,900,0.1,Cash,Delivered,2026-03-14 18:00:00,5.0,1620.0,0.1,1620.0,False,False,1620.0,2026-03-01
16887,C0904,2026-03-05 13:21:00,69.0,Male,Giza,Fashion,T-Shirt,1,500,0.1,Bank Transfer,Delivered,2026-03-09 13:21:00,5.0,450.0,0.1,450.0,False,False,450.0,2026-03-01
10568,C1538,2026-02-10 18:58:00,54.0,Male,Giza,Home,Coffee Maker,2,1800,0.05,Wallet,Delivered,2026-02-15 18:58:00,5.0,3420.0,0.05,3420.0,False,False,3420.0,2026-02-01
13888,C0206,2026-01-05 02:42:00,68.0,Male,Cairo,Home,Bedsheet,1,700,0,Visa,Delivered,2026-01-06 02:42:00,5.0,700.0,0.0,700.0,False,False,700.0,2026-01-01
10842,C0533,2026-08-06 00:00:00,42.0,Female,Cairo,Electronics,Keyboard,1,900,0.05,Bank Transfer,Delivered,2026-06-11 20:39:00,3.0,855.0,0.05,855.0,False,False,855.0,2026-08-01
11006,C0886,2026-05-24 02:16:00,26.0,Female,Giza,Fashion,Shoes,1,1500,0.05,Cash,Delivered,2026-05-28 02:16:00,4.0,1425.0,0.05,1425.0,False,False,1425.0,2026-05-01
13587,C0432,2026-03-08 08:48:00,45.0,Male,Alexandria,Fashion,Shoes,2,1500,0.05,Wallet,Delivered,2026-03-05 08:48:00,5.0,2850.0,0.05,2850.0,False,False,2850.0,2026-03-01
16023,C1473,2026-01-10 20:05:00,25.0,Male,Aswan,Electronics,Mouse,2,450,0,Wallet,Delivered,2026-01-14 20:05:00,5.0,900.0,0.0,900.0,False,False,900.0,2026-01-01
13927,C1304,2026-04-02 12:37:00,46.0,Female,Cairo,Fashion,T-Shirt,4,500,0.05,Cash,Delivered,2026-04-08 12:37:00,3.0,1900.0,0.05,1900.0,False,False,1900.0,2026-04-01
10255,C1508,2026-02-23 19:19:00,49.0,Male,Cairo,Home,Chair,2,2500,0,Wallet,Delivered,2026-02-28 19:19:00,4.0,5000.0,0.0,5000.0,False,False,5000.0,2026-02-01
12304,C1727,2026-01-26 11:24:00,45.0,Female,Alexandria,Beauty,Shampoo,3,250,0.05,Visa,Delivered,2026-02-01 11:24:00,5.0,712.5,0.05,712.5,False,False,712.5,2026-01-01
16645,C0162,2026-03-21 21:09:00,70.0,Male,Alexandria,Fashion,T-Shirt,1,500,0,Mastercard,Delivered,2026-03-24 21:09:00,4.0,500.0,0.0,500.0,False,False,500.0,2026-03-01
12928,C1837,2026-06-23 14:48:00,32.0,Female,Mansoura,Home,Coffee Maker,1,1800,0.15,Cash,Delivered,2026-06-26 14:48:00,5.0,1530.0,0.15,1530.0,False,False,1530.0,2026-06-01
10499,C1675,2026-05-04 20:35:00,27.0,Female,Mansoura,Fashion,T-Shirt,2,500,0,Wallet,Delivered,2026-05-09 20:35:00,5.0,1000.0,0.0,1000.0,False,False,1000.0,2026-05-01
18845,C0434,2026-01-01 19:22:00,68.0,Male,Cairo,Electronics,Keyboard,1,900,0.15,Wallet,Delivered,2026-01-06 19:22:00,4.0,765.0,0.15,765.0,False,False,765.0,2026-01-01
12754,C1477,2026-06-06 17:07:00,44.0,Male,Tanta,Electronics,Mouse,1,450,0,Bank Transfer,Delivered,2026-06-08 17:07:00,4.0,450.0,0.0,450.0,False,False,450.0,2026-06-01
15645,C0764,2026-05-02 13:38:00,41.0,Female,Giza,Fashion,T-Shirt,2,500,0.05,Wallet,Delivered,2026-05-06 13:38:00,5.0,950.0,0.05,950.0,False,False,950.0,2026-05-01
14245,C1732,2026-01-18 22:40:00,70.0,Female,Giza,Sports,Dumbbells,1,1400,0.1,Cash,Delivered,2026-01-21 22:40:00,4.0,1260.0,0.1,1260.0,False,False,1260.0,2026-01-01
12639,C1440,2026-03-13 12:47:00,61.0,Female,Mansoura,Beauty,Shampoo,4,250,0.1,Bank Transfer,Delivered,2026-03-15 12:47:00,5.0,900.0,0.1,900.0,False,False,900.0,2026-03-01
11901,C0737,2026-06-23 03:09:00,31.0,Female,Giza,Beauty,Perfume,2,1100,0.05,Wallet,Delivered,2026-06-26 03:09:00,4.0,2090.0,0.05,2090.0,False,False,2090.0,2026-06-01
10523,C1320,2026-06-15 10:18:00,53.0,Male,Cairo,Home,Chair,1,2500,0.1,Cash,Delivered,2026-06-18 10:18:00,4.0,2250.0,0.1,2250.0,False,False,2250.0,2026-06-01
18344,C0361,2026-03-24 19:48:00,54.0,Male,Cairo,Sports,Running Shoes,1,1800,0,Wallet,Delivered,2026-03-28 19:48:00,4.0,1800.0,0.0,1800.0,False,False,1800.0,2026-03-01
13788,C1500,2026-05-30 11:48:00,30.0,Female,Giza,Beauty,Makeup Kit,1,900,0.1,Mastercard,Delivered,2026-06-04 11:48:00,4.0,810.0,0.1,810.0,False,False,810.0,2026-05-01
12059,C0656,2026-03-13 16:48:00,45.0,Female,Cairo,Fashion,Jeans,2,900,0.15,Mastercard,Delivered,2026-03-17 16:48:00,3.0,1530.0,0.15,1530.0,False,False,1530.0,2026-03-01
19757,C1432,2026-06-20 23:43:00,57.0,Female,Cairo,Beauty,Perfume,1,1100,0.1,Wallet,Delivered,2026-06-24 23:43:00,5.0,990.0,0.1,990.0,False,False,990.0,2026-06-01
19592,C1090,2026-05-30 08:58:00,52.0,Male,Mansoura,Electronics,Keyboard,4,900,0.05,Mastercard,Delivered,2026-06-03 08:58:00,4.0,3420.0,0.05,3420.0,False,False,3420.0,2026-05-01
14059,C0800,2026-03-20 18:12:00,35.0,Male,Alexandria,Home,Lamp,4,300,0.1,Wallet,Delivered,2026-03-27 18:12:00,2.0,1080.0,0.1,1080.0,False,False,1080.0,2026-03-01
13167,C1332,2026-04-11 19:58:00,40.0,Male,Cairo,Home,Chair,1,2500,0.15,Bank Transfer,Delivered,2026-04-13 19:58:00,4.0,2125.0,0.15,2125.0,False,False,2125.0,2026-04-01
17299,C0565,2026-06-10 01:40:00,20.0,Female,Mansoura,Fashion,T-Shirt,1,500,0.05,Visa,Delivered,2026-06-12 01:40:00,3.0,475.0,0.05,475.0,False,False,475.0,2026-06-01
13414,C0278,2026-01-30 14:20:00,43.0,Male,Mansoura,Home,Lamp,1,300,0.15,Cash,Delivered,2026-02-04 14:20:00,3.0,255.0,0.15,255.0,False,False,255.0,2026-01-01
14204,C0815,2026-03-30 00:00:00,62.0,Male,Aswan,Electronics,Laptop,1,18000,15%,Cash,Delivered,2026-04-02 12:35:00,4.0,15300.0,0.15,15300.0,False,False,15300.0,2026-03-01
13782,C1395,2026-06-19 20:53:00,41.0,Male,Alexandria,Beauty,Perfume,1,1100,0,Wallet,Delivered,2026-06-20 20:53:00,5.0,1100.0,0.0,1100.0,False,False,1100.0,2026-06-01
11015,C0896,2026-03-07 17:20:00,50.0,Male,Cairo,Fashion,Bag,1,750,0.15,Mastercard,Delivered,2026-03-13 17:20:00,3.0,637.5,0.15,637.5,False,False,637.5,2026-03-01
13738,C0369,2026-04-20 13:05:00,57.0,Female,Giza,Beauty,Shampoo,1,250,0.1,Bank Transfer,Delivered,2026-04-23 13:05:00,4.0,225.0,0.1,225.0,False,False,225.0,2026-04-01
14752,C0876,2026-04-25 06:32:00,41.0,Female,Mansoura,Home,Blender,2,1200,0.05,Bank Transfer,Delivered,2026-04-29 06:32:00,5.0,2280.0,0.05,2280.0,False,False,2280.0,2026-04-01
14297,C1154,2026-04-20 15:01:00,66.0,Male,Aswan,Beauty,Hair Dryer,2,1300,0,Wallet,Delivered,2026-04-26 15:01:00,3.0,2600.0,0.0,2600.0,False,False,2600.0,2026-04-01
12322,C0616,2026-02-03 01:23:00,31.0,Female,Giza,Electronics,Headphones,3,850,0%,Wallet,Delivered,2026-02-08 01:23:00,4.0,2550.0,0.0,2550.0,False,False,2550.0,2026-02-01
14744,C1856,2026-01-23 22:55:00,33.0,Male,Cairo,Home,Blender,1,1200,0.05,Visa,Delivered,2026-01-27 22:55:00,5.0,1140.0,0.05,1140.0,False,False,1140.0,2026-01-01
12837,C0622,2026-03-02 03:38:00,66.0,Male,Cairo,Home,Chair,1,2500,0.15,Cash,Delivered,2026-03-03 03:38:00,4.0,2125.0,0.15,2125.0,False,False,2125.0,2026-03-01
15640,C0839,2026-05-11 20:53:00,69.0,Male,Tanta,Beauty,Shampoo,1,250,0.15,Cash,Delivered,2026-05-13 20:53:00,3.0,212.5,0.15,212.5,False,False,212.5,2026-05-01
17151,C1845,2026-01-24 07:10:00,26.0,Female,Cairo,Home,Blender,4,1200,0,Visa,Delivered,2026-01-27 07:10:00,5.0,4800.0,0.0,4800.0,False,False,4800.0,2026-01-01
11393,C0088,2026-02-19 06:47:00,57.0,Male,Giza,Home,Lamp,2,300,0.1,Visa,Delivered,2026-02-22 06:47:00,4.0,540.0,0.1,540.0,False,False,540.0,2026-02-01
15661,C0274,2026-02-06 12:46:00,48.0,Male,Giza,Home,Bedsheet,1,700,0.15,Mastercard,Delivered,2026-02-09 12:46:00,5.0,595.0,0.15,595.0,False,False,595.0,2026-02-01
10473,C1558,2026-05-06 18:40:00,59.0,Male,Mansoura,Beauty,Perfume,1,1100,0,Visa,Delivered,2026-05-10 18:40:00,5.0,1100.0,0.0,1100.0,False,False,1100.0,2026-05-01
14441,C0243,2026-06-27 20:33:00,44.0,Female,Tanta,Sports,Tennis Racket,2,1600,0.05,Wallet,Delivered,2026-07-02 20:33:00,4.0,3040.0,0.05,3040.0,False,False,3040.0,2026-06-01
12806,C0453,2026-06-05 00:00:00,40.0,Female,Aswan,Sports,Dumbbells,4,1400,0%,Visa,Delivered,2026-06-09 10:20:00,4.0,5600.0,0.0,5600.0,False,False,5600.0,2026-06-01
11292,C0888,2026-03-29 17:35:00,48.0,Female,Mansoura,Fashion,Bag,1,750,15%,Wallet,Delivered,2026-03-31 17:35:00,5.0,637.5,0.15,637.5,False,False,637.5,2026-03-01
13655,C0179,2026-01-01 10:14:00,56.0,Male,Mansoura,Sports,Dumbbells,2,1400,0,Cash,Delivered,2026-01-03 10:14:00,3.0,2800.0,0.0,2800.0,False,False,2800.0,2026-01-01
10312,C1650,2026-04-17 04:14:00,45.0,Male,Mansoura,Sports,Running Shoes,1,1800,0.1,Bank Transfer,Delivered,2026-04-20 04:14:00,2.0,1620.0,0.1,1620.0,False,False,1620.0,2026-04-01
11473,C0352,2026-03-24 15:11:00,27.0,Male,Cairo,Sports,Dumbbells,3,1400,0.05,Wallet,Delivered,2026-03-25 15:11:00,3.0,3990.0,0.05,3990.0,False,False,3990.0,2026-03-01
14966,C1778,2026-02-10 06:46:00,62.0,Male,Aswan,Electronics,Smart Watch,2,2200,0.2,Visa,Delivered,2026-02-13 06:46:00,4.0,3520.0,0.2,3520.0,False,False,3520.0,2026-02-01
19865,C1037,2026-06-16 17:36:00,23.0,Male,Alexandria,Sports,Running Shoes,1,1800,0.1,Wallet,Delivered,2026-06-20 17:36:00,5.0,1620.0,0.1,1620.0,False,False,1620.0,2026-06-01
11227,C0915,2026-02-11 04:18:00,60.0,Female,Aswan,Home,Coffee Maker,1,1800,0.15,Wallet,Delivered,2026-02-14 04:18:00,3.0,1530.0,0.15,1530.0,False,False,1530.0,2026-02-01
19035,C1672,2026-03-14 21:43:00,29.0,Female,Cairo,Electronics,Smart Watch,1,2200,0,Cash,Delivered,2026-03-17 21:43:00,5.0,2200.0,0.0,2200.0,False,False,2200.0,2026-03-01
14244,C1924,2026-05-29 00:42:00,43.0,Male,Cairo,Electronics,Smart Watch,4,2200,0.05,Bank Transfer,Delivered,2026-06-01 00:42:00,4.0,8360.0,0.05,8360.0,False,False,8360.0,2026-05-01
10670,C1565,2026-05-07 17:09:00,59.0,Female,Cairo,Fashion,Shoes,2,1500,0.05,Wallet,Delivered,2026-05-10 17:09:00,5.0,2850.0,0.05,2850.0,False,False,2850.0,2026-05-01
10614,C0309,2026-05-12 03:04:00,50.0,Female,Cairo,Fashion,T-Shirt,4,500,0.1,Mastercard,Delivered,2026-05-17 03:04:00,5.0,1800.0,0.1,1800.0,False,False,1800.0,2026-05-01
12503,C1249,2026-05-21 23:59:00,46.0,Male,Cairo,Electronics,Laptop,1,18000,0,Bank Transfer,Delivered,2026-05-23 23:59:00,4.0,18000.0,0.0,18000.0,False,False,18000.0,2026-05-01
17148,C0682,2026-06-14 14:41:00,45.0,Female,Alexandria,Electronics,Smart Watch,3,2200,0.15,Cash,Delivered,2026-06-19 14:41:00,5.0,5610.0,0.15,5610.0,False,False,5610.0,2026-06-01
17391,C1482,2026-02-05 11:26:00,25.0,Male,Cairo,Sports,Yoga Mat,1,600,0.15,Visa,Delivered,2026-02-06 11:26:00,4.0,510.0,0.15,510.0,False,False,510.0,2026-02-01
16883,C1660,2026-03-18 01:33:00,59.0,Male,Giza,Electronics,Laptop,1,18000,0.15,Bank Transfer,Delivered,2026-03-21 01:33:00,4.0,15300.0,0.15,15300.0,False,False,15300.0,2026-03-01
16048,C1461,2026-04-03 20:07:00,57.0,Female,Tanta,Home,Coffee Maker,3,1800,0,Mastercard,Delivered,2026-04-06 20:07:00,5.0,5400.0,0.0,5400.0,False,False,5400.0,2026-04-01
13014,C1182,2026-03-16 19:23:00,31.0,Female,Alexandria,Home,Bedsheet,1,700,0,Cash,Delivered,2026-03-19 19:23:00,4.0,700.0,0.0,700.0,False,False,700.0,2026-03-01
10950,C1576,2026-04-19 09:01:00,57.0,Male,Alexandria,Beauty,Face Cream,3,450,0,Mastercard,Delivered,2026-04-20 09:01:00,3.0,1350.0,0.0,1350.0,False,False,1350.0,2026-04-01
18208,C0627,2026-06-28 06:36:00,63.0,Female,Giza,Home,Lamp,2,300,0,Visa,Delivered,2026-07-04 06:36:00,4.0,600.0,0.0,600.0,False,False,600.0,2026-06-01
11076,C1738,2026-05-26 12:31:00,31.0,Male,Cairo,Beauty,Shampoo,4,250,0.1,Wallet,Delivered,2026-05-30 12:31:00,3.0,900.0,0.1,900.0,False,False,900.0,2026-05-01
13015,C1446,2026-01-13 16:08:00,43.0,Female,Mansoura,Sports,Dumbbells,1,1400,0,Wallet,Delivered,2026-01-17 16:08:00,5.0,1400.0,0.0,1400.0,False,False,1400.0,2026-01-01
11395,C1444,2026-01-24 21:37:00,34.0,Male,Cairo,Sports,Running Shoes,1,1800,0,Bank Transfer,Delivered,2026-01-26 21:37:00,3.0,1800.0,0.0,1800.0,False,False,1800.0,2026-01-01
19515,C0122,2026-05-17 00:16:00,54.0,Female,Cairo,Fashion,Jacket,1,1200,0.1,Bank Transfer,Delivered,2026-05-21 00:16:00,3.0,1080.0,0.1,1080.0,False,False,1080.0,2026-05-01
14354,C0921,2026-01-24 07:26:00,63.0,Male,Cairo,Electronics,Laptop,2,18000,0.1,Visa,Delivered,2026-01-28 07:26:00,3.0,32400.0,0.1,32400.0,False,False,32400.0,2026-01-01
16692,C0806,2026-01-20 03:50:00,66.0,Male,Cairo,Electronics,Headphones,1,850,0,Visa,Delivered,2026-01-23 03:50:00,4.0,850.0,0.0,850.0,False,False,850.0,2026-01-01
15243,C1090,2026-01-18 14:15:00,29.0,Male,Aswan,Sports,Running Shoes,2,1800,0,Cash,Delivered,2026-01-22 14:15:00,5.0,3600.0,0.0,3600.0,False,False,3600.0,2026-01-01
19682,C1153,2026-06-09 15:14:00,65.0,Male,Alexandria,Electronics,Mouse,4,450,0.1,Wallet,Delivered,2026-06-13 15:14:00,4.0,1620.0,0.1,1620.0,False,False,1620.0,2026-06-01
14980,C0165,2026-06-29 17:20:00,59.0,Female,Giza,Beauty,Hair Dryer,1,1300,0.15,Bank Transfer,Delivered,2026-07-03 17:20:00,3.0,1105.0,0.15,1105.0,False,False,1105.0,2026-06-01
17073,C0110,2026-03-02 06:49:00,21.0,Female,Giza,Fashion,Bag,1,750,0,Visa,Delivered,2026-03-05 06:49:00,5.0,750.0,0.0,750.0,False,False,750.0,2026-03-01
13058,C0328,2026-03-13 00:00:00,39.0,Female,Cairo,Sports,Yoga Mat,1,600,10%,Cash,Delivered,2026-03-16 09:49:00,1.0,540.0,0.1,540.0,False,False,540.0,2026-03-01
16991,C0508,2026-01-17 17:45:00,22.0,Female,Alexandria,Electronics,Mouse,2,450,0.05,Mastercard,Delivered,2026-01-23 17:45:00,5.0,855.0,0.05,855.0,False,False,855.0,2026-01-01
10544,C1090,2026-03-11 08:31:00,37.0,Female,Cairo,Beauty,Perfume,1,1100,0.1,Visa,Delivered,2026-03-13 08:31:00,4.0,990.0,0.1,990.0,False,False,990.0,2026-03-01
19411,C1022,2026-01-13 04:33:00,36.0,Female,Cairo,Home,Coffee Maker,3,1800,0,Bank Transfer,Delivered,2026-01-17 04:33:00,5.0,5400.0,0.0,5400.0,False,False,5400.0,2026-01-01
17777,C0726,2026-11-03 00:00:00,57.0,Male,Alexandria,Electronics,Mouse,1,450,0.2,Cash,Delivered,2026-03-14 22:53:00,4.0,360.0,0.2,360.0,False,False,360.0,2026-11-01
15572,C1192,2026-05-29 14:02:00,34.0,Female,Alexandria,Fashion,T-Shirt,1,500,0,Mastercard,Delivered,2026-06-03 14:02:00,4.0,500.0,0.0,500.0,False,False,500.0,2026-05-01
19394,C0803,2026-02-07 14:39:00,62.0,Female,Alexandria,Electronics,Mouse,4,450,0.1,Visa,Delivered,2026-02-13 14:39:00,5.0,1620.0,0.1,1620.0,False,False,1620.0,2026-02-01
19884,C1195,2026-03-09 14:06:00,63.0,Female,Alexandria,Home,Chair,2,2500,0.05,Visa,Delivered,2026-03-14 14:06:00,4.0,4750.0,0.05,4750.0,False,False,4750.0,2026-03-01
18370,C1937,2026-02-27 03:03:00,70.0,Female,Giza,Home,Blender,1,1200,0,Bank Transfer,Delivered,2026-02-28 03:03:00,3.0,1200.0,0.0,1200.0,False,False,1200.0,2026-02-01
16457,C0162,2026-05-05 08:12:00,42.0,Male,Tanta,Home,Blender,3,1200,0,Wallet,Delivered,2026-05-07 08:12:00,5.0,3600.0,0.0,3600.0,False,False,3600.0,2026-05-01
18554,C0205,2026-05-20 00:00:00,35.0,Female,Giza,Home,Lamp,1,300,0,Cash,Delivered,2026-05-22 04:11:00,4.0,300.0,0.0,300.0,False,False,300.0,2026-05-01
14536,C0533,2026-05-29 16:28:00,50.0,Female,Tanta,Fashion,Shoes,2,1500,0.05,Visa,Delivered,2026-05-31 16:28:00,3.0,2850.0,0.05,2850.0,False,False,2850.0,2026-05-01
19062,C1620,2026-01-31 19:26:00,67.0,Female,Giza,Home,Bedsheet,3,700,0.1,Mastercard,Delivered,2026-02-06 19:26:00,4.0,1890.0,0.1,1890.0,False,False,1890.0,2026-01-01
16384,C1524,2026-06-19 15:02:00,59.0,Male,Cairo,Beauty,Face Cream,1,450,0,Visa,Delivered,2026-06-20 15:02:00,5.0,450.0,0.0,450.0,False,False,450.0,2026-06-01
15533,C0826,2026-06-21 14:31:00,56.0,Male,Cairo,Sports,Yoga Mat,2,600,0.15,Mastercard,Delivered,2026-06-23 14:31:00,4.0,1020.0,0.15,1020.0,False,False,1020.0,2026-06-01
16395,C0774,2026-03-19 17:42:00,37.0,Female,Cairo,Beauty,Perfume,1,1100,0.15,Visa,Delivered,2026-03-21 17:42:00,1.0,935.0,0.15,935.0,False,False,935.0,2026-03-01
13080,C1009,2026-05-23 14:11:00,70.0,Male,Alexandria,Sports,Running Shoes,2,1800,0.1,Bank Transfer,Delivered,2026-05-25 14:11:00,5.0,3240.0,0.1,3240.0,False,False,3240.0,2026-05-01
10307,C0644,2026-04-03 08:26:00,43.0,Female,Alexandria,Beauty,Face Cream,1,450,0.1,Mastercard,Delivered,2026-04-05 08:26:00,5.0,405.0,0.1,405.0,False,False,405.0,2026-04-01
16422,C1608,2026-05-18 00:16:00,68.0,Male,Cairo,Beauty,Shampoo,3,250,0,Visa,Delivered,2026-05-21 00:16:00,4.0,750.0,0.0,750.0,False,False,750.0,2026-05-01
10248,C1888,2026-03-13 18:37:00,20.0,Female,Cairo,Home,Bedsheet,3,700,0,Mastercard,Delivered,2026-03-17 18:37:00,5.0,2100.0,0.0,2100.0,False,False,2100.0,2026-03-01
19214,C1771,2026-03-25 01:36:00,70.0,Female,Giza,Home,Bedsheet,4,700,0.1,Cash,Delivered,2026-03-28 01:36:00,5.0,2520.0,0.1,2520.0,False,False,2520.0,2026-03-01
19319,C0699,2026-01-24 15:08:00,30.0,Male,Cairo,Beauty,makeup kit,3,900,0,Bank Transfer,Delivered,2026-01-27 15:08:00,4.0,2700.0,0.0,2700.0,False,False,2700.0,2026-01-01
10180,C0463,2026-06-27 02:48:00,53.0,Male,Cairo,Fashion,Jeans,1,900,0.2,Mastercard,Delivered,2026-06-29 02:48:00,4.0,720.0,0.2,720.0,False,False,720.0,2026-06-01
16854,C1118,2026-02-12 02:44:00,35.0,Male,Cairo,Home,Blender,3,1200,0%,Visa,Delivered,2026-02-14 02:44:00,5.0,3600.0,0.0,3600.0,False,False,3600.0,2026-02-01
13670,C0991,2026-06-08 04:55:00,35.0,Male,Giza,Home,Lamp,2,300,0.1,Cash,Delivered,2026-06-15 04:55:00,4.0,540.0,0.1,540.0,False,False,540.0,2026-06-01
19068,C0475,2026-03-09 14:41:00,30.0,Male,Cairo,Sports,Football,1,650,0.15,Bank Transfer,Delivered,2026-03-12 14:41:00,4.0,552.5,0.15,552.5,False,False,552.5,2026-03-01
19817,C0302,2026-05-08 00:35:00,53.0,Male,Alexandria,Sports,Football,4,650,0,Cash,Delivered,2026-05-11 00:35:00,5.0,2600.0,0.0,2600.0,False,False,2600.0,2026-05-01
19399,C0438,2026-03-25 01:29:00,61.0,Female,Cairo,Home,Lamp,3,300,0,Mastercard,Delivered,2026-03-31 01:29:00,4.0,900.0,0.0,900.0,False,False,900.0,2026-03-01
16530,C1783,2026-03-22 19:30:00,48.0,Male,Cairo,Fashion,Shoes,4,1500,0.15,Bank Transfer,Delivered,2026-03-24 19:30:00,2.0,5100.0,0.15,5100.0,False,False,5100.0,2026-03-01
12584,C1191,2026-04-21 23:27:00,67.0,Male,Giza,Sports,Yoga Mat,2,600,0,Bank Transfer,Delivered,2026-04-24 23:27:00,4.0,1200.0,0.0,1200.0,False,False,1200.0,2026-04-01
19099,C0596,2026-04-15 14:48:00,54.0,Female,Cairo,Beauty,Hair Dryer,1,1300,0,Mastercard,Delivered,2026-04-16 14:48:00,4.0,1300.0,0.0,1300.0,False,False,1300.0,2026-04-01
14674,C0979,2026-05-28 21:10:00,35.0,Female,Alexandria,Home,Coffee Maker,4,1800,0.15,Wallet,Delivered,2026-05-31 21:10:00,5.0,6120.0,0.15,6120.0,False,False,6120.0,2026-05-01
17310,C1831,2026-04-11 00:29:00,43.0,Female,Giza,Home,Chair,2,2500,0.1,Bank Transfer,Delivered,2026-04-15 00:29:00,5.0,4500.0,0.1,4500.0,False,False,4500.0,2026-04-01
18047,C1979,2026-05-16 08:20:00,51.0,Male,Tanta,Sports,Running Shoes,1,1800,0,Mastercard,Delivered,2026-05-19 08:20:00,5.0,1800.0,0.0,1800.0,False,False,1800.0,2026-05-01
10828,C1096,2026-01-18 12:44:00,41.0,Female,Cairo,Beauty,Face Cream,3,450,0.1,Wallet,Delivered,2026-01-21 12:44:00,4.0,1215.0,0.1,1215.0,False,False,1215.0,2026-01-01
13890,C1439,2026-01-04 08:14:00,61.0,Female,Cairo,Home,Bedsheet,1,700,0,Cash,Delivered,2026-01-07 08:14:00,4.0,700.0,0.0,700.0,False,False,700.0,2026-01-01
10194,C1529,2026-03-02 09:49:00,20.0,Female,Alexandria,Sports,Running Shoes,2,1800,0.1,Cash,Delivered,2026-03-08 09:49:00,4.0,3240.0,0.1,3240.0,False,False,3240.0,2026-03-01
17543,C0848,2026-05-13 21:42:00,34.0,Male,Giza,Fashion,Shoes,1,1500,0.15,Cash,Delivered,2026-05-15 21:42:00,5.0,1275.0,0.15,1275.0,False,False,1275.0,2026-05-01
11782,C1939,2026-04-17 14:56:00,33.0,Female,Cairo,Fashion,Bag,1,750,0.1,Visa,Delivered,2026-04-19 14:56:00,4.0,675.0,0.1,675.0,False,False,675.0,2026-04-01
15094,C1059,2026-01-12 14:48:00,61.0,Female,Cairo,Sports,Tennis Racket,1,1600,0.1,Cash,Delivered,2026-01-13 14:48:00,5.0,1440.0,0.1,1440.0,False,False,1440.0,2026-01-01
13998,C1685,2026-04-23 22:30:00,51.0,Male,Cairo,Electronics,Keyboard,3,900,0.05,Visa,Delivered,2026-04-28 22:30:00,5.0,2565.0,0.05,2565.0,False,False,2565.0,2026-04-01
17294,C1646,2026-05-30 04:59:00,63.0,Male,Giza,Beauty,Hair Dryer,3,1300,0.15,Bank Transfer,Delivered,2026-06-05 04:59:00,4.0,3315.0,0.15,3315.0,False,False,3315.0,2026-05-01
19572,C0953,2026-03-08 23:10:00,54.0,Male,Cairo,Home,Lamp,1,300,0.05,Wallet,Delivered,2026-03-09 23:10:00,5.0,285.0,0.05,285.0,False,False,285.0,2026-03-01
14927,C0218,2026-01-12 23:52:00,61.0,Male,Cairo,Sports,Tennis Racket,3,1600,0.1,Mastercard,Delivered,2026-01-14 23:52:00,4.0,4320.0,0.1,4320.0,False,False,4320.0,2026-01-01
18480,C1457,2026-06-29 13:25:00,69.0,Male,Aswan,Fashion,Shoes,4,1500,0.05,Visa,Delivered,2026-07-03 13:25:00,5.0,5700.0,0.05,5700.0,False,False,5700.0,2026-06-01
17081,C0094,2026-01-21 17:21:00,61.0,Male,Giza,Electronics,Laptop,4,18000,0,Wallet,Delivered,2026-01-26 17:21:00,4.0,72000.0,0.0,72000.0,False,False,72000.0,2026-01-01
11834,C0835,2026-06-06 03:38:00,21.0,Female,Cairo,Beauty,Face Cream,4,450,0.2,Bank Transfer,Delivered,2026-06-08 03:38:00,4.0,1440.0,0.2,1440.0,False,False,1440.0,2026-06-01
12925,C1468,2026-01-07 00:08:00,45.0,Male,Aswan,Fashion,Jeans,3,900,0.1,Cash,Delivered,2026-01-12 00:08:00,4.0,2430.0,0.1,2430.0,False,False,2430.0,2026-01-01
10012,C1977,2026-05-14 11:43:00,37.0,Male,Tanta,Sports,Yoga Mat,2,600,0.05,Visa,Delivered,2026-05-18 11:43:00,1.0,1140.0,0.05,1140.0,False,False,1140.0,2026-05-01
17275,C1312,2026-03-16 05:34:00,64.0,Male,Cairo,Sports,Tennis Racket,3,1600,0.15,Mastercard,Delivered,2026-03-20 05:34:00,4.0,4080.0,0.15,4080.0,False,False,4080.0,2026-03-01
16184,C1300,2026-03-07 17:41:00,27.0,Female,Alexandria,Electronics,Mouse,2,450,0.15,Mastercard,Delivered,2026-03-08 17:41:00,5.0,765.0,0.15,765.0,False,False,765.0,2026-03-01
15130,C0701,2026-05-06 15:01:00,62.0,Male,Giza,Fashion,Bag,1,750,0%,Wallet,Delivered,2026-05-11 15:01:00,5.0,750.0,0.0,750.0,False,False,750.0,2026-05-01
12753,C0161,2026-04-03 02:04:00,31.0,Male,Alexandria,Fashion,Jeans,1,900,0.05,Bank Transfer,Delivered,2026-04-04 02:04:00,4.0,855.0,0.05,855.0,False,False,855.0,2026-04-01
15627,C0205,2026-05-24 22:10:00,41.0,Female,Cairo,Beauty,Makeup Kit,1,900,0.1,Wallet,Delivered,2026-05-31 22:10:00,5.0,810.0,0.1,810.0,False,False,810.0,2026-05-01
15078,C0584,2026-04-15 01:39:00,24.0,Male,Alexandria,Fashion,Jeans,1,900,0.1,Cash,Delivered,2026-04-17 01:39:00,3.0,810.0,0.1,810.0,False,False,810.0,2026-04-01
18914,C0851,2026-06-05 22:55:00,19.0,Male,Cairo,Home,Bedsheet,3,700,0.2,Visa,Delivered,2026-06-08 22:55:00,4.0,1680.0,0.2,1680.0,False,False,1680.0,2026-06-01
10580,C1888,2026-01-12 07:04:00,59.0,Male,Cairo,Beauty,Face Cream,1,450,0.1,Bank Transfer,Delivered,2026-01-16 07:04:00,2.0,405.0,0.1,405.0,False,False,405.0,2026-01-01
18411,C1056,2026-05-13 19:40:00,35.0,Male,Cairo,Home,Bedsheet,1,700,0,Cash,Delivered,2026-05-17 19:40:00,5.0,700.0,0.0,700.0,False,False,700.0,2026-05-01
16171,C1473,2026-05-06 09:02:00,45.0,Male,Cairo,Electronics,Mouse,1,450,0,Visa,Delivered,2026-05-10 09:02:00,4.0,450.0,0.0,450.0,False,False,450.0,2026-05-01
13798,C1937,2026-04-15 07:39:00,56.0,Female,Tanta,Beauty,Makeup Kit,1,900,0,Bank Transfer,Delivered,2026-04-21 07:39:00,3.0,900.0,0.0,900.0,False,False,900.0,2026-04-01
14293,C0961,2026-05-13 09:52:00,55.0,Female,Alexandria,Beauty,Hair Dryer,2,1300,0.1,Mastercard,Delivered,2026-05-17 09:52:00,2.0,2340.0,0.1,2340.0,False,False,2340.0,2026-05-01
15949,C1029,2026-06-26 18:58:00,43.0,Male,Cairo,Home,Coffee Maker,1,1800,0.05,Wallet,Delivered,2026-06-28 18:58:00,2.0,1710.0,0.05,1710.0,False,False,1710.0,2026-06-01
14014,C1010,2026-05-06 17:25:00,66.0,Female,Cairo,Fashion,Jeans,1,900,0.15,Bank Transfer,Delivered,2026-05-08 17:25:00,5.0,765.0,0.15,765.0,False,False,765.0,2026-05-01
11406,C1521,2026-02-24 02:13:00,56.0,Female,Alexandria,Electronics,Mouse,1,450,0.1,Cash,Delivered,2026-02-28 02:13:00,4.0,405.0,0.1,405.0,False,False,405.0,2026-02-01
12929,C1319,2026-04-08 01:26:00,61.0,Female,Giza,Fashion,Shoes,1,1500,0.1,Visa,Delivered,2026-04-10 01:26:00,4.0,1350.0,0.1,1350.0,False,False,1350.0,2026-04-01
19311,C0109,2026-01-10 14:46:00,27.0,Female,Giza,Fashion,T-Shirt,1,500,0.05,Visa,Delivered,2026-01-13 14:46:00,4.0,475.0,0.05,475.0,False,False,475.0,2026-01-01
16526,C0061,2026-03-24 07:54:00,21.0,Male,Giza,Fashion,Shoes,1,1500,0.15,Cash,Delivered,2026-03-30 07:54:00,5.0,1275.0,0.15,1275.0,False,False,1275.0,2026-03-01
11181,C0052,2026-05-28 06:40:00,57.0,Female,Cairo,Home,Coffee Maker,2,1800,0,Bank Transfer,Delivered,2026-05-30 06:40:00,5.0,3600.0,0.0,3600.0,False,False,3600.0,2026-05-01
14850,C1368,2026-04-25 00:00:00,18.0,Male,Giza,Sports,Yoga Mat,1,600,0.1,Wallet,Delivered,2026-04-28 01:40:00,4.0,540.0,0.1,540.0,False,False,540.0,2026-04-01
19935,C0329,2026-05-19 02:09:00,58.0,Female,Tanta,Sports,Dumbbells,2,1400,0.1,Mastercard,Delivered,2026-05-21 02:09:00,4.0,2520.0,0.1,2520.0,False,False,2520.0,2026-05-01
14077,C1531,2026-02-22 15:40:00,48.0,Female,Mansoura,Sports,Tennis Racket,1,1600,0.05,Bank Transfer,Delivered,2026-02-28 15:40:00,1.0,1520.0,0.05,1520.0,False,False,1520.0,2026-02-01
14055,C1042,2026-02-24 03:46:00,35.0,Male,Giza,Beauty,Face Cream,3,450,0.15,Mastercard,Delivered,2026-02-28 03:46:00,5.0,1147.5,0.15,1147.5,False,False,1147.5,2026-02-01
14650,C0195,2026-02-07 02:58:00,55.0,Female,Cairo,Sports,Football,1,650,0.15,Cash,Delivered,2026-02-10 02:58:00,4.0,552.5,0.15,552.5,False,False,552.5,2026-02-01
18516,C1361,2026-06-04 16:16:00,37.0,Male,Cairo,Sports,Yoga Mat,2,600,0.1,Mastercard,Delivered,2026-06-09 16:16:00,5.0,1080.0,0.1,1080.0,False,False,1080.0,2026-06-01
11570,C1642,2026-06-01 00:00:00,31.0,Male,Cairo,Sports,Running Shoes,1,1800,0,Mastercard,Delivered,2026-01-07 13:05:00,2.0,1800.0,0.0,1800.0,False,False,1800.0,2026-06-01
11667,C0432,2026-03-10 09:27:00,32.0,Male,Cairo,Home,Blender,3,1200,0.1,Visa,Delivered,2026-03-16 09:27:00,1.0,3240.0,0.1,3240.0,False,False,3240.0,2026-03-01
18713,C0048,2026-04-16 18:06:00,60.0,Male,Cairo,Electronics,Smart Watch,2,2200,0,Cash,Delivered,2026-04-21 18:06:00,4.0,4400.0,0.0,4400.0,False,False,4400.0,2026-04-01
11963,C1817,2026-06-15 15:17:00,36.0,Female,Mansoura,Electronics,Keyboard,2,900,0,Cash,Delivered,2026-06-17 15:17:00,2.0,1800.0,0.0,1800.0,False,False,1800.0,2026-06-01
11557,C1892,2026-04-21 07:14:00,31.0,Female,Mansoura,Sports,Football,1,650,0,Mastercard,Delivered,2026-04-23 07:14:00,4.0,650.0,0.0,650.0,False,False,650.0,2026-04-01
19614,C0156,2026-05-01 14:43:00,22.0,Male,Mansoura,Home,Blender,2,1200,0.1,Mastercard,Delivered,2026-05-05 14:43:00,5.0,2160.0,0.1,2160.0,False,False,2160.0,2026-05-01
15348,C0511,2026-01-05 01:45:00,28.0,Male,Tanta,Fashion,Shoes,4,1500,0.2,Visa,Delivered,2026-01-09 01:45:00,4.0,4800.0,0.2,4800.0,False,False,4800.0,2026-01-01
17821,C1167,2026-04-04 02:05:00,48.0,Female,Cairo,Sports,Tennis Racket,1,1600,0,Visa,Delivered,2026-04-05 02:05:00,3.0,1600.0,0.0,1600.0,False,False,1600.0,2026-04-01
12194,C1188,2026-03-04 00:00:00,53.0,Female,Giza,Sports,Yoga Mat,1,600,0,Visa,Delivered,2026-04-06 19:14:00,4.0,600.0,0.0,600.0,False,False,600.0,2026-03-01
19803,C0925,2026-02-23 16:56:00,60.0,Male,Giza,Beauty,Hair Dryer,4,1300,0,Cash,Delivered,2026-02-27 16:56:00,4.0,5200.0,0.0,5200.0,False,False,5200.0,2026-02-01
12580,C1164,2026-05-22 00:03:00,66.0,Male,Alexandria,Fashion,Jacket,1,1200,0.15,Visa,Delivered,2026-05-26 00:03:00,3.0,1020.0,0.15,1020.0,False,False,1020.0,2026-05-01
14251,C0059,2026-01-08 03:56:00,39.0,Male,Mansoura,Sports,Football,2,650,0,Wallet,Delivered,2026-01-09 03:56:00,4.0,1300.0,0.0,1300.0,False,False,1300.0,2026-01-01
19356,C0028,2026-09-04 00:00:00,25.0,Female,Cairo,Home,Coffee Maker,1,1800,0.15,Bank Transfer,Delivered,2026-04-10 22:14:00,4.0,1530.0,0.15,1530.0,False,False,1530.0,2026-09-01
15959,C0133,2026-04-20 15:58:00,18.0,Male,Mansoura,Fashion,Bag,1,750,0,Wallet,Delivered,2026-04-22 15:58:00,4.0,750.0,0.0,750.0,False,False,750.0,2026-04-01
15799,C1536,2026-05-09 09:25:00,49.0,Male,Tanta,Home,Lamp,1,300,0.1,Bank Transfer,Delivered,2026-05-15 09:25:00,3.0,270.0,0.1,270.0,False,False,270.0,2026-05-01
12722,C1220,2026-02-03 15:30:00,42.0,Female,Tanta,Electronics,Mouse,4,450,0.2,Mastercard,Delivered,2026-02-08 15:30:00,5.0,1440.0,0.2,1440.0,False,False,1440.0,2026-02-01
17321,C0361,2026-06-12 14:23:00,35.0,Female,Cairo,Home,Lamp,1,300,0.1,Bank Transfer,Delivered,2026-06-16 14:23:00,4.0,270.0,0.1,270.0,False,False,270.0,2026-06-01
17286,C0064,2026-04-25 23:29:00,58.0,Male,Mansoura,Sports,Tennis Racket,1,1600,0.1,Wallet,Delivered,2026-04-27 23:29:00,3.0,1440.0,0.1,1440.0,False,False,1440.0,2026-04-01
15849,C0956,2026-04-19 23:57:00,35.0,Female,Cairo,Sports,Football,1,650,0,Mastercard,Delivered,2026-04-22 23:57:00,4.0,650.0,0.0,650.0,False,False,650.0,2026-04-01
11014,C1819,2026-05-15 11:41:00,46.0,Female,Giza,Electronics,Smart Watch,1,2200,0,Visa,Delivered,2026-05-20 11:41:00,5.0,2200.0,0.0,2200.0,False,False,2200.0,2026-05-01
15994,C1062,2026-05-15 22:13:00,29.0,Female,Mansoura,Sports,Football,4,650,0,Mastercard,Delivered,2026-05-18 22:13:00,4.0,2600.0,0.0,2600.0,False,False,2600.0,2026-05-01
13704,C0673,2026-04-26 13:37:00,52.0,Female,Giza,Home,Chair,1,2500,0,Cash,Delivered,2026-05-01 13:37:00,2.0,2500.0,0.0,2500.0,False,False,2500.0,2026-04-01
16823,C1126,2026-01-22 01:22:00,59.0,Female,Giza,Electronics,Mouse,1,450,0.05,Wallet,Delivered,2026-01-23 01:22:00,4.0,427.5,0.05,427.5,False,False,427.5,2026-01-01
10634,C1169,2026-01-19 23:55:00,25.0,Male,Giza,Fashion,Jeans,2,900,0,Wallet,Delivered,2026-01-21 23:55:00,3.0,1800.0,0.0,1800.0,False,False,1800.0,2026-01-01
12153,C0381,2026-04-15 04:07:00,61.0,Male,Alexandria,Sports,Running Shoes,3,1800,0.15,Bank Transfer,Delivered,2026-04-19 04:07:00,2.0,4590.0,0.15,4590.0,False,False,4590.0,2026-04-01
19314,C0079,2026-01-14 08:45:00,27.0,Female,Cairo,Electronics,Headphones,3,850,0,Wallet,Delivered,2026-01-18 08:45:00,1.0,2550.0,0.0,2550.0,False,False,2550.0,2026-01-01
15330,C1636,2026-03-17 13:14:00,68.0,Female,Cairo,Electronics,Keyboard,4,900,0,Wallet,Delivered,2026-03-22 13:14:00,4.0,3600.0,0.0,3600.0,False,False,3600.0,2026-03-01
13193,C0372,2026-04-30 15:50:00,47.0,Female,Alexandria,Home,Chair,4,2500,0.15,Mastercard,Delivered,2026-05-02 15:50:00,4.0,8500.0,0.15,8500.0,False,False,8500.0,2026-04-01
12607,C1149,2026-04-15 12:12:00,54.0,Male,Cairo,Sports,Tennis Racket,1,1600,0.15,Bank Transfer,Delivered,2026-04-17 12:12:00,1.0,1360.0,0.15,1360.0,False,False,1360.0,2026-04-01
19478,C1014,2026-05-10 06:16:00,50.0,Male,Cairo,Electronics,Headphones,1,850,0,Bank Transfer,Delivered,2026-05-13 06:16:00,1.0,850.0,0.0,850.0,False,False,850.0,2026-05-01
18894,C1775,2026-05-30 08:32:00,28.0,Female,Cairo,Fashion,Bag,1,750,0.05,Mastercard,Delivered,2026-06-02 08:32:00,4.0,712.5,0.05,712.5,False,False,712.5,2026-05-01
17062,C0358,2026-05-03 15:29:00,18.0,Male,Mansoura,Electronics,Mouse,1,450,0.05,Bank Transfer,Delivered,2026-05-05 15:29:00,5.0,427.5,0.05,427.5,False,False,427.5,2026-05-01
14535,C1790,2026-02-03 19:06:00,60.0,Male,Alexandria,Electronics,Smart Watch,1,2200,0,Bank Transfer,Delivered,2026-02-06 19:06:00,2.0,2200.0,0.0,2200.0,False,False,2200.0,2026-02-01
15067,C0918,2026-02-21 15:16:00,44.0,Male,Mansoura,Electronics,Keyboard,2,900,0.1,Bank Transfer,Delivered,2026-02-26 15:16:00,3.0,1620.0,0.1,1620.0,False,False,1620.0,2026-02-01
13764,C0848,2026-02-17 21:30:00,44.0,Female,Cairo,Sports,football,1,650,0.1,Cash,Delivered,2026-02-22 21:30:00,3.0,585.0,0.1,585.0,False,False,585.0,2026-02-01
16448,C0424,2026-04-06 16:33:00,34.0,Female,Cairo,Home,Lamp,1,300,0.15,Mastercard,Delivered,2026-04-11 16:33:00,3.0,255.0,0.15,255.0,False,False,255.0,2026-04-01
18227,C1792,2026-04-03 09:07:00,57.0,Male,Cairo,Fashion,Jacket,4,1200,0,Bank Transfer,Delivered,2026-04-04 09:07:00,3.0,4800.0,0.0,4800.0,False,False,4800.0,2026-04-01
16512,C0841,2026-01-28 00:22:00,37.0,Female,Alexandria,Home,Chair,4,2500,0.1,Bank Transfer,Delivered,2026-02-02 00:22:00,5.0,9000.0,0.1,9000.0,False,False,9000.0,2026-01-01
11362,C1224,2026-02-01 19:50:00,34.0,Male,Tanta,Fashion,Jacket,1,1200,0,Mastercard,Delivered,2026-02-04 19:50:00,3.0,1200.0,0.0,1200.0,False,False,1200.0,2026-02-01
18427,C1476,2026-03-12 07:14:00,58.0,Female,Alexandria,Beauty,Hair Dryer,1,1300,0,Mastercard,Delivered,2026-03-16 07:14:00,3.0,1300.0,0.0,1300.0,False,False,1300.0,2026-03-01
18801,C0021,2026-02-19 23:15:00,54.0,Male,Mansoura,Beauty,Makeup Kit,1,900,0.1,Mastercard,Delivered,2026-02-23 23:15:00,2.0,810.0,0.1,810.0,False,False,810.0,2026-02-01
11378,C0589,2026-02-28 04:26:00,51.0,Female,Cairo,Electronics,Laptop,1,18000,0.15,Mastercard,Delivered,2026-03-06 04:26:00,5.0,15300.0,0.15,15300.0,False,False,15300.0,2026-02-01
17012,C0571,2026-03-28 00:50:00,61.0,Male,Alexandria,Beauty,Perfume,1,1100,0.1,Visa,Delivered,2026-04-01 00:50:00,4.0,990.0,0.1,990.0,False,False,990.0,2026-03-01
19833,C0253,2026-04-28 13:22:00,24.0,Male,Cairo,Fashion,Jacket,3,1200,0.1,Visa,Delivered,2026-04-30 13:22:00,5.0,3240.0,0.1,3240.0,False,False,3240.0,2026-04-01
11715,C1138,2026-03-29 09:43:00,69.0,Female,Cairo,Beauty,Perfume,2,1100,0,Bank Transfer,Delivered,2026-03-31 09:43:00,1.0,2200.0,0.0,2200.0,False,False,2200.0,2026-03-01
17936,C0643,2026-05-15 02:42:00,61.0,Female,Giza,Fashion,Jacket,2,1200,0.1,Mastercard,Delivered,2026-05-22 02:42:00,5.0,2160.0,0.1,2160.0,False,False,2160.0,2026-05-01
10968,C0355,2026-03-13 17:48:00,60.0,Male,Cairo,Sports,Dumbbells,1,1400,0.05,Mastercard,Delivered,2026-03-20 17:48:00,4.0,1330.0,0.05,1330.0,False,False,1330.0,2026-03-01
16661,C1521,2026-03-14 18:43:00,25.0,Male,Tanta,Beauty,Makeup Kit,2,900,0.05,Bank Transfer,Delivered,2026-03-19 18:43:00,3.0,1710.0,0.05,1710.0,False,False,1710.0,2026-03-01
14431,C0730,2026-06-17 08:00:00,18.0,Female,Cairo,Electronics,Smart Watch,4,2200,5%,Mastercard,Delivered,2026-06-20 08:00:00,3.0,8360.0,0.05,8360.0,False,False,8360.0,2026-06-01
17957,C0809,2026-03-22 08:16:00,43.0,Male,Cairo,Fashion,T-Shirt,1,500,0.15,Bank Transfer,Delivered,2026-03-25 08:16:00,4.0,425.0,0.15,425.0,False,False,425.0,2026-03-01
13190,C0356,2026-01-20 19:15:00,51.0,Female,Cairo,Beauty,Hair Dryer,2,1300,0.05,Wallet,Delivered,2026-01-24 19:15:00,1.0,2470.0,0.05,2470.0,False,False,2470.0,2026-01-01
11994,C0281,2026-01-30 17:06:00,44.0,Female,Mansoura,Home,Lamp,3,300,0.1,Wallet,Delivered,2026-02-02 17:06:00,4.0,810.0,0.1,810.0,False,False,810.0,2026-01-01
11289,C1844,2026-05-26 00:03:00,40.0,Female,Alexandria,Fashion,T-Shirt,2,500,0.15,Visa,Delivered,2026-05-30 00:03:00,5.0,850.0,0.15,850.0,False,False,850.0,2026-05-01
11022,C0561,2026-02-22 23:39:00,60.0,Male,Giza,Home,Coffee Maker,2,1800,0.1,Bank Transfer,Delivered,2026-02-24 23:39:00,5.0,3240.0,0.1,3240.0,False,False,3240.0,2026-02-01
14971,C0255,2026-04-06 14:27:00,40.0,Female,Giza,Beauty,Hair Dryer,3,1300,0.1,Mastercard,Delivered,2026-04-08 14:27:00,5.0,3510.0,0.1,3510.0,False,False,3510.0,2026-04-01
17665,C1153,2026-04-29 03:22:00,37.0,Female,Cairo,Sports,Tennis Racket,3,1600,0.05,Cash,Delivered,2026-05-06 03:22:00,5.0,4560.0,0.05,4560.0,False,False,4560.0,2026-04-01
16753,C0973,2026-02-06 14:56:00,52.0,Female,Cairo,Home,Blender,4,1200,0.15,Mastercard,Delivered,2026-02-09 14:56:00,4.0,4080.0,0.15,4080.0,False,False,4080.0,2026-02-01
16191,C0416,2026-06-20 02:38:00,52.0,Female,Cairo,Beauty,Perfume,1,1100,0.05,Mastercard,Delivered,2026-06-23 02:38:00,5.0,1045.0,0.05,1045.0,False,False,1045.0,2026-06-01
11972,C1487,2026-04-04 16:17:00,48.0,Male,Giza,Sports,Yoga Mat,1,600,0,Cash,Delivered,2026-04-06 16:17:00,3.0,600.0,0.0,600.0,False,False,600.0,2026-04-01
15381,C1590,2026-05-05 14:44:00,70.0,Female,Cairo,Beauty,Shampoo,3,250,0,Bank Transfer,Delivered,2026-05-08 14:44:00,4.0,750.0,0.0,750.0,False,False,750.0,2026-05-01
17360,C0316,2026-02-10 02:23:00,69.0,Male,Alexandria,Beauty,Hair Dryer,2,1300,0,Visa,Delivered,2026-02-15 02:23:00,3.0,2600.0,0.0,2600.0,False,False,2600.0,2026-02-01
15399,C0762,2026-01-01 00:06:00,48.0,Male,Alexandria,Home,Chair,2,2500,0.05,Wallet,Delivered,2026-01-05 00:06:00,4.0,4750.0,0.05,4750.0,False,False,4750.0,2026-01-01
18532,C0168,2026-06-24 00:00:00,27.0,Female,Alexandria,Electronics,Smart Watch,1,2200,0.15,Cash,Delivered,2026-06-26 15:42:00,4.0,1870.0,0.15,1870.0,False,False,1870.0,2026-06-01
16839,C0653,2026-03-12 05:19:00,62.0,Female,Giza,Fashion,T-Shirt,1,500,0.05,Bank Transfer,Delivered,2026-03-16 05:19:00,4.0,475.0,0.05,475.0,False,False,475.0,2026-03-01
19773,C0794,2026-02-01 22:11:00,55.0,Male,Giza,Electronics,Mouse,3,450,0,Bank Transfer,Delivered,2026-02-02 22:11:00,5.0,1350.0,0.0,1350.0,False,False,1350.0,2026-02-01
11217,C0816,2026-06-07 14:46:00,55.0,Female,Aswan,Beauty,Hair Dryer,1,1300,0.05,Bank Transfer,Delivered,2026-06-11 14:46:00,5.0,1235.0,0.05,1235.0,False,False,1235.0,2026-06-01
17244,C1025,2026-04-18 19:00:00,42.0,Female,Giza,Beauty,Shampoo,2,250,0.1,Wallet,Delivered,2026-04-23 19:00:00,5.0,450.0,0.1,450.0,False,False,450.0,2026-04-01
12306,C1780,2026-02-12 08:13:00,20.0,Female,Aswan,Sports,Football,1,650,0.2,Bank Transfer,Delivered,2026-02-16 08:13:00,4.0,520.0,0.2,520.0,False,False,520.0,2026-02-01
11368,C1105,2026-02-15 00:00:00,59.0,Female,Aswan,Sports,Tennis Racket,1,1600,0,Cash,Delivered,2026-02-18 16:00:00,4.0,1600.0,0.0,1600.0,False,False,1600.0,2026-02-01
14560,C0423,2026-03-11 02:40:00,32.0,Male,Alexandria,Fashion,Jacket,2,1200,0,Bank Transfer,Delivered,2026-03-12 02:40:00,5.0,2400.0,0.0,2400.0,False,False,2400.0,2026-03-01
10063,C0750,2026-04-17 14:59:00,62.0,Male,Giza,Electronics,Keyboard,1,900,0,Visa,Delivered,2026-04-19 14:59:00,4.0,900.0,0.0,900.0,False,False,900.0,2026-04-01
14520,C0984,2026-02-20 00:00:00,39.0,Male,Alexandria,Home,Lamp,2,300,0.1,Wallet,Delivered,2026-02-24 02:08:00,3.0,540.0,0.1,540.0,False,False,540.0,2026-02-01
11661,C1567,2026-04-03 00:00:00,52.0,Female,Aswan,Electronics,Smart Watch,2,2200,0,Mastercard,Delivered,2026-04-07 08:53:00,4.0,4400.0,0.0,4400.0,False,False,4400.0,2026-04-01
13377,C0164,2026-03-21 18:06:00,50.0,Male,Cairo,Home,Chair,2,2500,0.05,Mastercard,Delivered,2026-03-24 18:06:00,5.0,4750.0,0.05,4750.0,False,False,4750.0,2026-03-01
16467,C1906,2026-06-14 18:47:00,61.0,Female,Mansoura,Sports,Football,4,650,0.15,Bank Transfer,Delivered,2026-06-21 18:47:00,2.0,2210.0,0.15,2210.0,False,False,2210.0,2026-06-01
11140,C0722,2026-05-02 07:42:00,32.0,Male,Alexandria,Home,Coffee Maker,1,1800,0%,Bank Transfer,Delivered,2026-05-05 07:42:00,5.0,1800.0,0.0,1800.0,False,False,1800.0,2026-05-01
16844,C1264,2026-05-21 21:17:00,49.0,Female,Cairo,Fashion,Shoes,3,1500,0,Mastercard,Delivered,2026-05-22 21:17:00,2.0,4500.0,0.0,4500.0,False,False,4500.0,2026-05-01
11702,C0063,2026-01-16 05:13:00,69.0,Male,Tanta,Beauty,Shampoo,1,250,0,Mastercard,Delivered,2026-01-19 05:13:00,2.0,250.0,0.0,250.0,False,False,250.0,2026-01-01
12412,C0364,2026-05-01 23:19:00,30.0,Male,Mansoura,Sports,Yoga Mat,1,600,0.2,Bank Transfer,Delivered,2026-05-05 23:19:00,4.0,480.0,0.2,480.0,False,False,480.0,2026-05-01
15547,C1682,2026-01-24 18:16:00,53.0,Female,Mansoura,Sports,Yoga Mat,1,600,0.05,Mastercard,Delivered,2026-01-26 18:16:00,5.0,570.0,0.05,570.0,False,False,570.0,2026-01-01
12300,C1071,2026-06-10 16:02:00,60.0,Male,Cairo,Fashion,Jeans,4,900,0.1,Mastercard,Delivered,2026-06-13 16:02:00,3.0,3240.0,0.1,3240.0,False,False,3240.0,2026-06-01
19107,C1581,2026-01-10 23:11:00,35.0,Female,Giza,Fashion,Jacket,3,1200,0,Bank Transfer,Delivered,2026-01-12 23:11:00,4.0,3600.0,0.0,3600.0,False,False,3600.0,2026-01-01
18365,C1935,2026-01-31 14:47:00,20.0,Female,Cairo,Electronics,Smart Watch,2,2200,0,Wallet,Delivered,2026-02-07 14:47:00,5.0,4400.0,0.0,4400.0,False,False,4400.0,2026-01-01
16129,C1970,2026-06-18 01:17:00,51.0,Male,Giza,Fashion,Shoes,1,1500,0.1,Visa,Delivered,2026-06-23 01:17:00,4.0,1350.0,0.1,1350.0,False,False,1350.0,2026-06-01
15341,C0086,2026-04-21 19:19:00,44.0,Female,Mansoura,Sports,Dumbbells,1,1400,0.05,Cash,Delivered,2026-04-22 19:19:00,5.0,1330.0,0.05,1330.0,False,False,1330.0,2026-04-01
18455,C1688,2026-02-26 15:03:00,34.0,Male,Aswan,Electronics,Headphones,2,850,0.1,Bank Transfer,Delivered,2026-03-02 15:03:00,5.0,1530.0,0.1,1530.0,False,False,1530.0,2026-02-01
13635,C0775,2026-03-09 18:42:00,64.0,Male,Cairo,Home,Coffee Maker,1,1800,0.05,Mastercard,Delivered,2026-03-12 18:42:00,1.0,1710.0,0.05,1710.0,False,False,1710.0,2026-03-01
15470,C1011,2026-02-28 00:00:00,58.0,Female,Giza,Electronics,Mouse,1,450,0,Visa,Delivered,2026-03-01 00:31:00,3.0,450.0,0.0,450.0,False,False,450.0,2026-02-01
12292,C1101,2026-02-17 22:11:00,66.0,Male,Giza,Fashion,Jacket,1,1200,0.1,Bank Transfer,Delivered,2026-02-19 22:11:00,5.0,1080.0,0.1,1080.0,False,False,1080.0,2026-02-01
16320,C0715,2026-04-06 07:02:00,67.0,Female,Giza,Fashion,Jeans,1,900,0.05,Visa,Delivered,2026-04-10 07:02:00,4.0,855.0,0.05,855.0,False,False,855.0,2026-04-01
13090,C0394,2026-03-01 17:23:00,22.0,Female,Cairo,Beauty,Shampoo,1,250,0.1,Cash,Delivered,2026-03-05 17:23:00,3.0,225.0,0.1,225.0,False,False,225.0,2026-03-01
12245,C1610,2026-04-24 21:07:00,69.0,Female,Cairo,Beauty,Makeup Kit,1,900,0%,Bank Transfer,Delivered,2026-04-26 21:07:00,3.0,900.0,0.0,900.0,False,False,900.0,2026-04-01
16176,C0351,2026-02-11 14:18:00,57.0,Female,Giza,Beauty,Perfume,1,1100,0.15,Bank Transfer,Delivered,2026-02-13 14:18:00,2.0,935.0,0.15,935.0,False,False,935.0,2026-02-01
11858,C0593,2026-03-26 18:02:00,47.0,Female,Alexandria,Electronics,Keyboard,1,900,0,Wallet,Delivered,2026-03-29 18:02:00,3.0,900.0,0.0,900.0,False,False,900.0,2026-03-01
15061,C1790,2026-04-18 13:34:00,21.0,Female,Tanta,Home,Coffee Maker,3,1800,0.05,Cash,Delivered,2026-04-21 13:34:00,4.0,5130.0,0.05,5130.0,False,False,5130.0,2026-04-01
13405,C0668,2026-06-27 14:55:00,49.0,Female,Mansoura,Home,Chair,4,2500,0.05,Wallet,Delivered,2026-06-30 14:55:00,2.0,9500.0,0.05,9500.0,False,False,9500.0,2026-06-01
17413,C0037,2026-05-23 11:08:00,54.0,Male,Aswan,Sports,Dumbbells,3,1400,15%,Cash,Delivered,2026-05-29 11:08:00,5.0,3570.0,0.15,3570.0,False,False,3570.0,2026-05-01
15694,C0309,2026-03-17 23:02:00,47.0,Female,Tanta,Home,Lamp,4,300,0.1,Mastercard,Delivered,2026-03-21 23:02:00,3.0,1080.0,0.1,1080.0,False,False,1080.0,2026-03-01
18736,C2000,2026-05-04 20:07:00,63.0,Male,Cairo,Electronics,Mouse,2,450,0,Mastercard,Delivered,2026-05-07 20:07:00,4.0,900.0,0.0,900.0,False,False,900.0,2026-05-01
14523,C1149,2026-06-10 21:49:00,64.0,Male,Cairo,Electronics,Mouse,4,450,0.1,Cash,Delivered,2026-06-13 21:49:00,5.0,1620.0,0.1,1620.0,False,False,1620.0,2026-06-01
10210,C1557,2026-06-07 12:33:00,21.0,Male,Tanta,Sports,Yoga Mat,1,600,10%,Cash,Delivered,2026-06-11 12:33:00,5.0,540.0,0.1,540.0,False,False,540.0,2026-06-01
13062,C1222,2026-02-11 11:25:00,42.0,Male,Alexandria,Home,Chair,3,2500,0.1,Bank Transfer,Delivered,2026-02-15 11:25:00,4.0,6750.0,0.1,6750.0,False,False,6750.0,2026-02-01
11626,C0732,2026-01-24 12:58:00,27.0,Male,Alexandria,Sports,Running Shoes,4,1800,0.05,Wallet,Delivered,2026-01-27 12:58:00,5.0,6840.0,0.05,6840.0,False,False,6840.0,2026-01-01
12803,C1621,2026-05-20 18:42:00,50.0,Female,Tanta,Fashion,Jacket,2,1200,0.1,Bank Transfer,Delivered,2026-05-22 18:42:00,4.0,2160.0,0.1,2160.0,False,False,2160.0,2026-05-01
18490,C0154,2026-05-16 18:30:00,32.0,Male,Mansoura,Electronics,Mouse,1,450,0.05,Visa,Delivered,2026-05-18 18:30:00,4.0,427.5,0.05,427.5,False,False,427.5,2026-05-01
10922,C1302,2026-01-17 06:42:00,21.0,Male,Cairo,Home,Lamp,1,300,0.05,Wallet,Delivered,2026-01-20 06:42:00,5.0,285.0,0.05,285.0,False,False,285.0,2026-01-01
10738,C1055,2026-04-22 13:32:00,30.0,Male,Alexandria,Fashion,Bag,1,750,0.15,Cash,Delivered,2026-04-23 13:32:00,5.0,637.5,0.15,637.5,False,False,637.5,2026-04-01
18070,C1813,2026-05-06 14:16:00,57.0,Female,Giza,Home,Coffee Maker,2,1800,0.1,Mastercard,Delivered,2026-05-07 14:16:00,3.0,3240.0,0.1,3240.0,False,False,3240.0,2026-05-01
15979,C1577,2026-04-02 05:46:00,35.0,Male,Alexandria,Sports,Running Shoes,3,1800,0,Bank Transfer,Delivered,2026-04-06 05:46:00,4.0,5400.0,0.0,5400.0,False,False,5400.0,2026-04-01
16588,C1610,2026-05-05 00:00:00,48.0,Male,Giza,Sports,Tennis Racket,3,1600,0.05,Cash,Delivered,2026-05-09 04:01:00,5.0,4560.0,0.05,4560.0,False,False,4560.0,2026-05-01
12076,C0514,2026-03-23 05:55:00,22.0,Male,Cairo,Electronics,Headphones,1,850,0.2,Wallet,Delivered,2026-03-27 05:55:00,4.0,680.0,0.2,680.0,False,False,680.0,2026-03-01
18878,C1682,2026-04-11 11:49:00,64.0,Female,Giza,Electronics,Smart Watch,4,2200,0.1,Wallet,Delivered,2026-04-14 11:49:00,5.0,7920.0,0.1,7920.0,False,False,7920.0,2026-04-01
11891,C0059,2026-01-10 06:47:00,27.0,Male,Giza,Home,Coffee Maker,4,1800,0.1,Cash,Delivered,2026-01-15 06:47:00,5.0,6480.0,0.1,6480.0,False,False,6480.0,2026-01-01
13375,C0813,2026-06-21 14:56:00,36.0,Male,Alexandria,Home,Lamp,2,300,0.2,Mastercard,Delivered,2026-06-27 14:56:00,4.0,480.0,0.2,480.0,False,False,480.0,2026-06-01
15001,C1465,2026-04-08 15:07:00,38.0,Female,Mansoura,Sports,Yoga Mat,1,600,0.15,Visa,Delivered,2026-04-09 15:07:00,1.0,510.0,0.15,510.0,False,False,510.0,2026-04-01
16060,C1762,2026-05-01 03:20:00,67.0,Female,Cairo,Home,Chair,1,2500,0.15,Cash,Delivered,2026-05-04 03:20:00,4.0,2125.0,0.15,2125.0,False,False,2125.0,2026-05-01
14100,C0009,2026-03-16 07:28:00,24.0,Female,Tanta,Sports,Running Shoes,1,1800,0,Wallet,Delivered,2026-03-20 07:28:00,3.0,1800.0,0.0,1800.0,False,False,1800.0,2026-03-01
13324,C1095,2026-03-03 13:28:00,68.0,Male,Cairo,Sports,Tennis Racket,1,1600,0.05,Visa,Delivered,2026-03-05 13:28:00,4.0,1520.0,0.05,1520.0,False,False,1520.0,2026-03-01
18795,C0911,2026-01-23 09:11:00,70.0,Male,Cairo,Electronics,Keyboard,2,900,0,Visa,Delivered,2026-01-26 09:11:00,5.0,1800.0,0.0,1800.0,False,False,1800.0,2026-01-01
17007,C1409,2026-05-01 20:00:00,44.0,Female,Cairo,Home,Coffee Maker,1,1800,0,Mastercard,Delivered,2026-05-03 20:00:00,5.0,1800.0,0.0,1800.0,False,False,1800.0,2026-05-01
18487,C0002,2026-03-19 16:49:00,35.0,Female,Alexandria,Sports,Dumbbells,1,1400,10%,Cash,Delivered,2026-03-20 16:49:00,3.0,1260.0,0.1,1260.0,False,False,1260.0,2026-03-01
10662,C0800,2026-06-19 18:00:00,59.0,Male,Cairo,Sports,Dumbbells,4,1400,0,Cash,Delivered,2026-06-22 18:00:00,5.0,5600.0,0.0,5600.0,False,False,5600.0,2026-06-01
11588,C1723,2026-01-11 19:54:00,53.0,Male,Alexandria,Fashion,Jacket,1,1200,0.1,Visa,Delivered,2026-01-15 19:54:00,1.0,1080.0,0.1,1080.0,False,False,1080.0,2026-01-01
18430,C1388,2026-01-25 05:52:00,33.0,Male,Tanta,Sports,Running Shoes,1,1800,0.15,Bank Transfer,Delivered,2026-01-27 05:52:00,5.0,1530.0,0.15,1530.0,False,False,1530.0,2026-01-01
18123,C1978,2026-05-02 10:23:00,19.0,Male,Cairo,Beauty,Perfume,4,1100,5%,Cash,Delivered,2026-05-06 10:23:00,5.0,4180.0,0.05,4180.0,False,False,4180.0,2026-05-01
16330,C1203,2026-01-08 06:36:00,54.0,Male,Cairo,Sports,Football,2,650,0.1,Visa,Delivered,2026-01-15 06:36:00,3.0,1170.0,0.1,1170.0,False,False,1170.0,2026-01-01
17049,C0861,2026-05-08 07:39:00,28.0,Female,Alexandria,Sports,Yoga Mat,3,600,0.1,Visa,Delivered,2026-05-14 07:39:00,4.0,1620.0,0.1,1620.0,False,False,1620.0,2026-05-01
17467,C0035,2026-02-28 11:08:00,29.0,Male,Cairo,Home,Blender,1,1200,0.2,Cash,Delivered,2026-03-05 11:08:00,5.0,960.0,0.2,960.0,False,False,960.0,2026-02-01
14844,C0682,2026-06-01 20:00:00,35.0,Male,Mansoura,Beauty,Shampoo,1,250,0.05,Mastercard,Delivered,2026-06-07 20:00:00,4.0,237.5,0.05,237.5,False,False,237.5,2026-06-01
12567,C0212,2026-02-15 04:55:00,53.0,Female,Tanta,Electronics,Keyboard,2,900,0.05,Cash,Delivered,2026-02-18 04:55:00,2.0,1710.0,0.05,1710.0,False,False,1710.0,2026-02-01
12932,C1726,2026-05-13 03:10:00,36.0,Male,Alexandria,Beauty,Shampoo,2,250,0.1,Wallet,Delivered,2026-05-16 03:10:00,4.0,450.0,0.1,450.0,False,False,450.0,2026-05-01
16423,C1364,2026-05-15 00:00:00,62.0,Female,Alexandria,Sports,Running Shoes,2,1800,0.05,Mastercard,Delivered,2026-05-19 20:25:00,4.0,3420.0,0.05,3420.0,False,False,3420.0,2026-05-01
17784,C1797,2026-05-30 08:28:00,66.0,Female,Giza,Electronics,Laptop,1,18000,0.15,Visa,Delivered,2026-06-01 08:28:00,4.0,15300.0,0.15,15300.0,False,False,15300.0,2026-05-01
14313,C1067,2026-03-12 15:21:00,45.0,Male,Cairo,Home,Lamp,1,300,0.2,Bank Transfer,Delivered,2026-03-13 15:21:00,5.0,240.0,0.2,240.0,False,False,240.0,2026-03-01
16657,C0405,2026-04-28 23:44:00,69.0,Female,Cairo,Beauty,Shampoo,1,250,0,Mastercard,Delivered,2026-04-30 23:44:00,5.0,250.0,0.0,250.0,False,False,250.0,2026-04-01
11887,C1997,2026-05-31 00:00:00,54.0,Male,Cairo,Electronics,Headphones,2,850,0.15,Bank Transfer,Delivered,2026-06-02 19:03:00,4.0,1445.0,0.15,1445.0,False,False,1445.0,2026-05-01
16672,C1557,2026-06-05 10:37:00,39.0,Female,Giza,Electronics,Headphones,4,850,10%,Visa,Delivered,2026-06-09 10:37:00,4.0,3060.0,0.1,3060.0,False,False,3060.0,2026-06-01
16226,C1113,2026-01-05 02:41:00,38.0,Male,Cairo,Electronics,Laptop,1,18000,0%,Cash,Delivered,2026-01-08 02:41:00,5.0,18000.0,0.0,18000.0,False,False,18000.0,2026-01-01
15481,C1901,2026-03-22 07:32:00,61.0,Female,Alexandria,Sports,Football,2,650,0,Bank Transfer,Delivered,2026-03-26 07:32:00,4.0,1300.0,0.0,1300.0,False,False,1300.0,2026-03-01
17201,C1162,2026-06-22 00:49:00,49.0,Female,Mansoura,Electronics,Mouse,3,450,0.1,Cash,Delivered,2026-06-26 00:49:00,4.0,1215.0,0.1,1215.0,False,False,1215.0,2026-06-01
16536,C0606,2026-06-25 18:49:00,44.0,Male,Cairo,Home,Coffee Maker,4,1800,0%,Cash,Delivered,2026-06-28 18:49:00,4.0,7200.0,0.0,7200.0,False,False,7200.0,2026-06-01
11623,C1327,2026-06-08 18:39:00,30.0,Male,Cairo,Beauty,Face Cream,3,450,0,Bank Transfer,Delivered,2026-06-12 18:39:00,4.0,1350.0,0.0,1350.0,False,False,1350.0,2026-06-01
11426,C1114,2026-05-30 18:09:00,24.0,Female,Cairo,Home,Bedsheet,2,700,0.05,Mastercard,Delivered,2026-06-04 18:09:00,5.0,1330.0,0.05,1330.0,False,False,1330.0,2026-05-01
15237,C0594,2026-05-27 06:54:00,47.0,Male,Cairo,Electronics,Keyboard,1,900,0,Mastercard,Delivered,2026-06-01 06:54:00,4.0,900.0,0.0,900.0,False,False,900.0,2026-05-01
14262,C1964,2026-06-11 14:59:00,26.0,Male,Tanta,Beauty,Face Cream,2,450,0,Wallet,Delivered,2026-06-12 14:59:00,5.0,900.0,0.0,900.0,False,False,900.0,2026-06-01
19735,C0957,2026-05-04 07:45:00,48.0,Female,Cairo,Beauty,Shampoo,4,250,0.1,Cash,Delivered,2026-05-09 07:45:00,3.0,900.0,0.1,900.0,False,False,900.0,2026-05-01
11101,C0245,2026-05-14 08:00:00,29.0,Male,Giza,Electronics,Headphones,3,850,0.15,Cash,Delivered,2026-05-18 08:00:00,4.0,2167.5,0.15,2167.5,False,False,2167.5,2026-05-01
18619,C0144,2026-03-08 02:23:00,24.0,Female,Giza,Electronics,Laptop,4,18000,0,Visa,Delivered,2026-03-10 02:23:00,5.0,72000.0,0.0,72000.0,False,False,72000.0,2026-03-01
18173,C1213,2026-02-09 04:13:00,48.0,Female,Cairo,Electronics,Keyboard,4,900,0.2,Visa,Delivered,2026-02-14 04:13:00,4.0,2880.0,0.2,2880.0,False,False,2880.0,2026-02-01
12453,C0594,2026-05-01 17:53:00,41.0,Male,Giza,Beauty,Makeup Kit,2,900,0,Visa,Delivered,2026-05-04 17:53:00,5.0,1800.0,0.0,1800.0,False,False,1800.0,2026-05-01
18644,C0702,2026-06-08 03:39:00,61.0,Male,Giza,Electronics,Laptop,1,18000,0,Visa,Delivered,2026-06-09 03:39:00,5.0,18000.0,0.0,18000.0,False,False,18000.0,2026-06-01
13511,C0153,2026-01-13 06:14:00,55.0,Male,Alexandria,Electronics,Smart Watch,1,2200,0.15,Bank Transfer,Delivered,2026-01-20 06:14:00,3.0,1870.0,0.15,1870.0,False,False,1870.0,2026-01-01
19749,C1265,2026-05-11 23:48:00,58.0,Female,Giza,Sports,Yoga Mat,3,600,10%,Mastercard,Delivered,2026-05-14 23:48:00,5.0,1620.0,0.1,1620.0,False,False,1620.0,2026-05-01
15020,C0336,2026-05-18 20:20:00,64.0,Female,Mansoura,Beauty,Hair Dryer,1,1300,10%,Cash,Delivered,2026-05-21 20:20:00,1.0,1170.0,0.1,1170.0,False,False,1170.0,2026-05-01
17538,C0923,2026-06-29 02:51:00,70.0,Male,Alexandria,Sports,Tennis Racket,1,1600,0.2,Bank Transfer,Delivered,2026-07-04 02:51:00,2.0,1280.0,0.2,1280.0,False,False,1280.0,2026-06-01
11644,C0988,2026-06-03 10:51:00,42.0,Female,Mansoura,Sports,Yoga Mat,1,600,0,Cash,Delivered,2026-06-07 10:51:00,4.0,600.0,0.0,600.0,False,False,600.0,2026-06-01
14727,C0133,2026-05-25 15:56:00,38.0,Female,Cairo,Fashion,Jeans,2,900,0.1,Visa,Delivered,2026-05-29 15:56:00,5.0,1620.0,0.1,1620.0,False,False,1620.0,2026-05-01
18407,C1888,2026-01-21 00:38:00,44.0,Male,Cairo,Fashion,Jeans,1,900,0.15,Mastercard,Delivered,2026-01-22 00:38:00,5.0,765.0,0.15,765.0,False,False,765.0,2026-01-01
18158,C1882,2026-06-03 08:25:00,68.0,Female,Cairo,Beauty,Shampoo,2,250,0,Bank Transfer,Delivered,2026-06-05 08:25:00,3.0,500.0,0.0,500.0,False,False,500.0,2026-06-01
12983,C0639,2026-03-26 23:55:00,24.0,Male,Cairo,Sports,Dumbbells,2,1400,0,Cash,Delivered,2026-03-31 23:55:00,3.0,2800.0,0.0,2800.0,False,False,2800.0,2026-03-01
17259,C1358,2026-03-10 22:06:00,27.0,Male,Giza,Fashion,Jacket,3,1200,0.15,Cash,Delivered,2026-03-13 22:06:00,5.0,3060.0,0.15,3060.0,False,False,3060.0,2026-03-01
12211,C1944,2026-04-25 05:02:00,23.0,Male,Giza,Home,Lamp,4,300,0.15,Mastercard,Delivered,2026-04-28 05:02:00,4.0,1020.0,0.15,1020.0,False,False,1020.0,2026-04-01
11344,C0855,2026-06-18 19:53:00,23.0,Female,Alexandria,Fashion,Bag,1,750,0.1,Visa,Delivered,2026-06-21 19:53:00,4.0,675.0,0.1,675.0,False,False,675.0,2026-06-01
13915,C1388,2026-03-27 20:27:00,66.0,Male,Giza,Electronics,Headphones,2,850,0.1,Wallet,Delivered,2026-03-31 20:27:00,4.0,1530.0,0.1,1530.0,False,False,1530.0,2026-03-01
16513,C1202,2026-02-04 14:14:00,54.0,Female,Giza,Sports,Tennis Racket,2,1600,0,Wallet,Delivered,2026-02-06 14:14:00,5.0,3200.0,0.0,3200.0,False,False,3200.0,2026-02-01
15393,C1522,2026-03-23 22:05:00,46.0,Female,Alexandria,Beauty,Perfume,1,1100,0.1,Mastercard,Delivered,2026-03-27 22:05:00,3.0,990.0,0.1,990.0,False,False,990.0,2026-03-01
16369,C0612,2026-01-04 12:58:00,20.0,Female,Giza,Fashion,Shoes,1,1500,0.1,Visa,Delivered,2026-01-06 12:58:00,5.0,1350.0,0.1,1350.0,False,False,1350.0,2026-01-01
17627,C1638,2026-02-09 13:06:00,19.0,Male,Cairo,Fashion,Bag,4,750,0.05,Cash,Delivered,2026-02-13 13:06:00,4.0,2850.0,0.05,2850.0,False,False,2850.0,2026-02-01
14074,C1857,2026-04-02 07:05:00,69.0,Female,Cairo,Sports,Tennis Racket,2,1600,0,Cash,Delivered,2026-04-08 07:05:00,4.0,3200.0,0.0,3200.0,False,False,3200.0,2026-04-01
16774,C0496,2026-02-03 13:15:00,31.0,Male,Giza,Beauty,Shampoo,1,250,0.05,Mastercard,Delivered,2026-02-09 13:15:00,4.0,237.5,0.05,237.5,False,False,237.5,2026-02-01
12171,C1227,2026-04-16 10:55:00,35.0,Male,Cairo,Electronics,Smart Watch,1,2200,0.15,Bank Transfer,Delivered,2026-04-19 10:55:00,4.0,1870.0,0.15,1870.0,False,False,1870.0,2026-04-01
14964,C1608,2026-04-14 00:00:00,69.0,Female,Cairo,Fashion,T-Shirt,1,500,0.15,Cash,Delivered,2026-04-19 06:04:00,4.0,425.0,0.15,425.0,False,False,425.0,2026-04-01
14428,C0593,2026-02-05 18:39:00,34.0,Female,Mansoura,Sports,Tennis Racket,3,1600,0,Wallet,Delivered,2026-02-07 18:39:00,4.0,4800.0,0.0,4800.0,False,False,4800.0,2026-02-01
13896,C0629,2026-05-06 18:53:00,58.0,Male,Tanta,Sports,Tennis Racket,4,1600,0.1,Cash,Delivered,2026-05-09 18:53:00,5.0,5760.0,0.1,5760.0,False,False,5760.0,2026-05-01
12959,C1412,2026-05-07 13:00:00,39.0,Male,Cairo,Sports,Running Shoes,3,1800,0.15,Cash,Delivered,2026-05-09 13:00:00,3.0,4590.0,0.15,4590.0,False,False,4590.0,2026-05-01
16343,C1629,2026-01-03 22:09:00,64.0,Male,Cairo,Electronics,Smart Watch,3,2200,0.05,Bank Transfer,Delivered,2026-01-08 22:09:00,4.0,6270.0,0.05,6270.0,False,False,6270.0,2026-01-01
18803,C0501,2026-03-19 04:49:00,65.0,Female,Alexandria,Home,Coffee Maker,2,1800,0,Visa,Delivered,2026-03-25 04:49:00,4.0,3600.0,0.0,3600.0,False,False,3600.0,2026-03-01
17208,C1837,2026-04-12 23:19:00,65.0,Female,Alexandria,Electronics,Smart Watch,1,2200,0.1,Visa,Delivered,2026-04-19 23:19:00,3.0,1980.0,0.1,1980.0,False,False,1980.0,2026-04-01
10166,C0948,2026-01-14 08:14:00,38.0,Female,Cairo,Electronics,Mouse,1,450,0,Wallet,Delivered,2026-01-20 08:14:00,4.0,450.0,0.0,450.0,False,False,450.0,2026-01-01
12396,C0072,2026-02-24 11:40:00,52.0,Male,Alexandria,Sports,Dumbbells,1,1400,0,Cash,Delivered,2026-03-01 11:40:00,4.0,1400.0,0.0,1400.0,False,False,1400.0,2026-02-01
13170,C0858,2026-01-07 12:02:00,57.0,Female,Aswan,Beauty,Makeup Kit,4,900,0.05,Visa,Delivered,2026-01-10 12:02:00,3.0,3420.0,0.05,3420.0,False,False,3420.0,2026-01-01
14031,C1566,2026-05-31 11:42:00,31.0,Male,Cairo,Sports,Dumbbells,1,1400,0.05,Cash,Delivered,2026-06-03 11:42:00,3.0,1330.0,0.05,1330.0,False,False,1330.0,2026-05-01
14470,C1015,2026-04-30 00:00:00,35.0,Female,Giza,Home,Blender,4,1200,0,Bank Transfer,Delivered,2026-05-06 07:28:00,4.0,4800.0,0.0,4800.0,False,False,4800.0,2026-04-01
15378,C0825,2026-02-22 00:00:00,47.0,Male,Cairo,Home,Bedsheet,1,700,0,Visa,Delivered,2026-02-23 05:00:00,4.0,700.0,0.0,700.0,False,False,700.0,2026-02-01
12188,C0445,2026-02-21 15:18:00,26.0,Male,Tanta,Fashion,Shoes,1,1500,0,Mastercard,Delivered,2026-02-24 15:18:00,2.0,1500.0,0.0,1500.0,False,False,1500.0,2026-02-01
14730,C0386,2026-06-16 09:13:00,29.0,Female,Alexandria,Fashion,Bag,2,750,0,Bank Transfer,Delivered,2026-06-21 09:13:00,3.0,1500.0,0.0,1500.0,False,False,1500.0,2026-06-01
19363,C0161,2026-04-11 06:11:00,54.0,Male,Alexandria,Fashion,Jeans,1,900,0.1,Visa,Delivered,2026-04-14 06:11:00,4.0,810.0,0.1,810.0,False,False,810.0,2026-04-01
14178,C0547,2026-05-24 00:30:00,39.0,Female,Mansoura,Sports,Dumbbells,3,1400,0,Cash,Delivered,2026-05-31 00:30:00,4.0,4200.0,0.0,4200.0,False,False,4200.0,2026-05-01
14336,C1696,2026-01-09 22:02:00,41.0,Female,Alexandria,Beauty,Perfume,2,1100,0.15,Visa,Delivered,2026-01-13 22:02:00,5.0,1870.0,0.15,1870.0,False,False,1870.0,2026-01-01
18379,C0316,2026-02-22 04:22:00,61.0,Male,Giza,Beauty,Perfume,3,1100,0.05,Bank Transfer,Delivered,2026-02-24 04:22:00,4.0,3135.0,0.05,3135.0,False,False,3135.0,2026-02-01
17095,C1429,2026-04-29 00:00:00,29.0,Female,Giza,Sports,Dumbbells,1,1400,0.05,Wallet,Delivered,2026-05-01 00:52:00,5.0,1330.0,0.05,1330.0,False,False,1330.0,2026-04-01
11182,C0515,2026-03-09 21:04:00,27.0,Male,Alexandria,Electronics,Mouse,2,450,0.2,Bank Transfer,Delivered,2026-03-13 21:04:00,5.0,720.0,0.2,720.0,False,False,720.0,2026-03-01
12333,C1759,2026-06-17 03:50:00,22.0,Female,Alexandria,Sports,Running Shoes,4,1800,0.1,Visa,Delivered,2026-06-21 03:50:00,4.0,6480.0,0.1,6480.0,False,False,6480.0,2026-06-01
12832,C0539,2026-04-30 01:21:00,70.0,Female,Tanta,Sports,Dumbbells,2,1400,0.1,Wallet,Delivered,2026-05-02 01:21:00,5.0,2520.0,0.1,2520.0,False,False,2520.0,2026-04-01
15234,C0067,2026-03-10 17:33:00,32.0,Male,Alexandria,Fashion,T-Shirt,2,500,0.05,Cash,Delivered,2026-03-14 17:33:00,4.0,950.0,0.05,950.0,False,False,950.0,2026-03-01
17872,C0914,2026-05-19 14:29:00,33.0,Male,Cairo,Home,Lamp,3,300,0,Cash,Delivered,2026-05-20 14:29:00,2.0,900.0,0.0,900.0,False,False,900.0,2026-05-01
11112,C1920,2026-11-01 00:00:00,52.0,Male,Cairo,Electronics,Laptop,1,18000,0,Cash,Delivered,2026-01-13 21:17:00,4.0,18000.0,0.0,18000.0,False,False,18000.0,2026-11-01
18806,C0492,2026-03-27 21:10:00,32.0,Female,Cairo,Sports,Football,1,650,0.1,Visa,Delivered,2026-04-02 21:10:00,1.0,585.0,0.1,585.0,False,False,585.0,2026-03-01
18620,C1874,2026-04-24 15:14:00,24.0,Male,Aswan,Electronics,Headphones,1,850,0.15,Cash,Delivered,2026-04-26 15:14:00,4.0,722.5,0.15,722.5,False,False,722.5,2026-04-01
10431,C1436,2026-06-28 22:48:00,26.0,Male,Cairo,Electronics,Laptop,4,18000,0.1,Bank Transfer,Delivered,2026-06-30 22:48:00,5.0,64800.0,0.1,64800.0,False,False,64800.0,2026-06-01
12354,C0910,2026-02-08 02:54:00,69.0,Male,Cairo,Fashion,Jacket,2,1200,0.05,Bank Transfer,Delivered,2026-02-10 02:54:00,5.0,2280.0,0.05,2280.0,False,False,2280.0,2026-02-01
11529,C0465,2026-01-16 22:36:00,69.0,Female,Mansoura,Fashion,Jacket,2,1200,0%,Visa,Delivered,2026-01-20 22:36:00,4.0,2400.0,0.0,2400.0,False,False,2400.0,2026-01-01
17257,C0162,2026-06-24 20:13:00,22.0,Female,Cairo,Sports,Running Shoes,3,1800,0,Cash,Delivered,2026-06-27 20:13:00,5.0,5400.0,0.0,5400.0,False,False,5400.0,2026-06-01
11390,C1661,2026-04-26 06:39:00,62.0,Female,Cairo,Home,Lamp,1,300,0.05,Visa,Delivered,2026-04-30 06:39:00,3.0,285.0,0.05,285.0,False,False,285.0,2026-04-01
13368,C0646,2026-01-16 21:26:00,38.0,Female,Mansoura,Sports,Dumbbells,2,1400,0.1,Mastercard,Delivered,2026-01-21 21:26:00,5.0,2520.0,0.1,2520.0,False,False,2520.0,2026-01-01
11492,C1200,2026-03-08 17:46:00,57.0,Male,Cairo,Electronics,Keyboard,3,900,0.05,Bank Transfer,Delivered,2026-03-11 17:46:00,4.0,2565.0,0.05,2565.0,False,False,2565.0,2026-03-01
15431,C1395,2026-06-10 00:56:00,69.0,Male,Cairo,Sports,Running Shoes,2,1800,0.2,Visa,Delivered,2026-06-14 00:56:00,4.0,2880.0,0.2,2880.0,False,False,2880.0,2026-06-01
11792,C1456,2026-02-25 11:12:00,21.0,Female,Aswan,Electronics,Headphones,2,850,0.05,Visa,Delivered,2026-02-28 11:12:00,3.0,1615.0,0.05,1615.0,False,False,1615.0,2026-02-01
16557,C0362,2026-03-14 05:55:00,58.0,Female,Cairo,Fashion,Bag,2,750,0.05,Visa,Delivered,2026-03-20 05:55:00,3.0,1425.0,0.05,1425.0,False,False,1425.0,2026-03-01
19213,C0513,2026-03-23 00:00:00,44.0,Female,Giza,Beauty,Hair Dryer,4,1300,0,Mastercard,Delivered,2026-03-27 10:00:00,3.0,5200.0,0.0,5200.0,False,False,5200.0,2026-03-01
14450,C1116,2026-01-22 04:58:00,22.0,Male,Giza,Sports,Yoga Mat,2,600,0.2,Cash,Delivered,2026-01-24 04:58:00,4.0,960.0,0.2,960.0,False,False,960.0,2026-01-01
19646,C0074,2026-06-23 14:41:00,45.0,Male,Mansoura,Beauty,Makeup Kit,2,900,0.15,Wallet,Delivered,2026-06-27 14:41:00,5.0,1530.0,0.15,1530.0,False,False,1530.0,2026-06-01
11496,C1185,2026-06-09 22:32:00,25.0,Male,Tanta,Fashion,T-Shirt,1,500,0.1,Bank Transfer,Delivered,2026-06-12 22:32:00,4.0,450.0,0.1,450.0,False,False,450.0,2026-06-01
14801,C0302,2026-01-06 15:47:00,25.0,Male,Alexandria,Home,Blender,1,1200,0,Wallet,Delivered,2026-01-09 15:47:00,5.0,1200.0,0.0,1200.0,False,False,1200.0,2026-01-01
13422,C0791,2026-04-15 09:48:00,44.0,Female,Mansoura,Fashion,shoes,4,1500,0.2,Cash,Delivered,2026-04-18 09:48:00,2.0,4800.0,0.2,4800.0,False,False,4800.0,2026-04-01
13867,C1122,2026-04-29 03:12:00,27.0,Female,Giza,Home,Lamp,1,300,0,Bank Transfer,Delivered,2026-05-03 03:12:00,5.0,300.0,0.0,300.0,False,False,300.0,2026-04-01
11063,C1465,2026-06-28 12:23:00,28.0,Male,Cairo,Electronics,Laptop,2,18000,0,Wallet,Delivered,2026-07-03 12:23:00,2.0,36000.0,0.0,36000.0,False,False,36000.0,2026-06-01
11163,C0592,2026-06-12 16:17:00,44.0,Female,Aswan,Home,Lamp,2,300,0.1,Mastercard,Delivered,2026-06-14 16:17:00,5.0,540.0,0.1,540.0,False,False,540.0,2026-06-01
17993,C1479,2026-02-09 05:43:00,57.0,Male,Mansoura,Fashion,Shoes,1,1500,0,Cash,Delivered,2026-02-13 05:43:00,3.0,1500.0,0.0,1500.0,False,False,1500.0,2026-02-01
14389,C1434,2026-03-01 03:37:00,67.0,Male,Giza,Fashion,Bag,2,750,0%,Mastercard,Delivered,2026-03-02 03:37:00,4.0,1500.0,0.0,1500.0,False,False,1500.0,2026-03-01
12822,C0212,2026-05-16 03:08:00,60.0,Male,Giza,Fashion,T-Shirt,3,500,0.05,Wallet,Delivered,2026-05-18 03:08:00,4.0,1425.0,0.05,1425.0,False,False,1425.0,2026-05-01
10010,C0871,2026-01-27 08:14:00,32.0,Male,Cairo,Home,Blender,1,1200,0,Visa,Delivered,2026-01-30 08:14:00,5.0,1200.0,0.0,1200.0,False,False,1200.0,2026-01-01
14029,C0749,2026-03-10 03:22:00,38.0,Female,Alexandria,Beauty,Perfume,1,1100,0.1,Cash,Delivered,2026-03-13 03:22:00,4.0,990.0,0.1,990.0,False,False,990.0,2026-03-01
15490,C0752,2026-03-10 09:19:00,39.0,Male,Mansoura,Fashion,Jacket,3,1200,0,Visa,Delivered,2026-03-13 09:19:00,4.0,3600.0,0.0,3600.0,False,False,3600.0,2026-03-01
17016,C1643,2026-05-21 23:47:00,46.0,Male,Cairo,Beauty,Face Cream,1,450,0,Wallet,Delivered,2026-05-24 23:47:00,4.0,450.0,0.0,450.0,False,False,450.0,2026-05-01
11380,C1300,2026-06-02 07:51:00,29.0,Male,Alexandria,Electronics,Smart Watch,4,2200,0.15,Cash,Delivered,2026-06-03 07:51:00,5.0,7480.0,0.15,7480.0,False,False,7480.0,2026-06-01
10856,C1059,2026-05-14 18:58:00,70.0,Male,Tanta,Home,Chair,1,2500,0,Bank Transfer,Delivered,2026-05-16 18:58:00,5.0,2500.0,0.0,2500.0,False,False,2500.0,2026-05-01
14544,C0524,2026-06-12 15:04:00,19.0,Female,Cairo,Electronics,Headphones,2,850,0,Mastercard,Delivered,2026-06-14 15:04:00,5.0,1700.0,0.0,1700.0,False,False,1700.0,2026-06-01
18391,C0939,2026-02-01 15:50:00,45.0,Male,Giza,Electronics,Headphones,2,850,0.05,Bank Transfer,Delivered,2026-02-06 15:50:00,4.0,1615.0,0.05,1615.0,False,False,1615.0,2026-02-01
12058,C1848,2026-06-24 02:01:00,54.0,Male,Mansoura,Home,Lamp,2,300,0,Bank Transfer,Delivered,2026-06-28 02:01:00,3.0,600.0,0.0,600.0,False,False,600.0,2026-06-01
11682,C0044,2026-03-21 23:09:00,40.0,Male,Alexandria,Home,Bedsheet,4,700,0.05,Visa,Delivered,2026-03-27 23:09:00,5.0,2660.0,0.05,2660.0,False,False,2660.0,2026-03-01
17544,C1466,2026-04-02 22:50:00,46.0,Male,Alexandria,Beauty,Face Cream,2,450,0,Cash,Delivered,2026-04-06 22:50:00,5.0,900.0,0.0,900.0,False,False,900.0,2026-04-01
15576,C1745,2026-05-09 19:04:00,50.0,Female,Alexandria,Fashion,Jeans,3,900,0,Bank Transfer,Delivered,2026-05-13 19:04:00,4.0,2700.0,0.0,2700.0,False,False,2700.0,2026-05-01
12456,C1547,2026-01-22 16:22:00,29.0,Female,Cairo,Sports,Football,1,650,10%,Mastercard,Delivered,2026-01-24 16:22:00,2.0,585.0,0.1,585.0,False,False,585.0,2026-01-01
12978,C0683,2026-02-11 00:00:00,52.0,Male,Cairo,Sports,Dumbbells,2,1400,0.1,Bank Transfer,Delivered,2026-02-15 23:04:00,4.0,2520.0,0.1,2520.0,False,False,2520.0,2026-02-01
11660,C1275,2026-05-06 18:41:00,69.0,Male,Cairo,Home,Lamp,1,300,0.05,Mastercard,Delivered,2026-05-09 18:41:00,4.0,285.0,0.05,285.0,False,False,285.0,2026-05-01
18652,C1308,2026-02-09 08:11:00,40.0,Male,Cairo,Fashion,Bag,2,750,0,Cash,Delivered,2026-02-13 08:11:00,4.0,1500.0,0.0,1500.0,False,False,1500.0,2026-02-01
16498,C0033,2026-02-25 16:36:00,30.0,Female,Giza,Fashion,Shoes,4,1500,0.05,Cash,Delivered,2026-02-26 16:36:00,5.0,5700.0,0.05,5700.0,False,False,5700.0,2026-02-01
18500,C1190,2026-04-11 03:14:00,46.0,Male,Tanta,Sports,Football,1,650,0,Visa,Delivered,2026-04-17 03:14:00,5.0,650.0,0.0,650.0,False,False,650.0,2026-04-01
13719,C0071,2026-04-24 12:21:00,28.0,Female,Mansoura,Sports,Football,4,650,0.1,Bank Transfer,Delivered,2026-04-29 12:21:00,3.0,2340.0,0.1,2340.0,False,False,2340.0,2026-04-01
16829,C1609,2026-04-07 01:33:00,52.0,Male,Cairo,Home,Coffee Maker,1,1800,0,Wallet,Delivered,2026-04-11 01:33:00,2.0,1800.0,0.0,1800.0,False,False,1800.0,2026-04-01
19623,C0132,2026-04-02 09:43:00,46.0,Male,Tanta,Electronics,Smart Watch,1,2200,0.15,Bank Transfer,Delivered,2026-04-01 09:43:00,2.0,1870.0,0.15,1870.0,False,False,1870.0,2026-04-01
10428,C0862,2026-06-04 06:08:00,38.0,Male,Mansoura,Electronics,Headphones,1,850,0,Mastercard,Delivered,2026-06-07 06:08:00,2.0,850.0,0.0,850.0,False,False,850.0,2026-06-01
16634,C1062,2026-01-28 09:23:00,57.0,Male,Tanta,Sports,Yoga Mat,4,600,0.1,Mastercard,Delivered,2026-02-02 09:23:00,3.0,2160.0,0.1,2160.0,False,False,2160.0,2026-01-01
18213,C1606,2026-05-23 14:38:00,48.0,Female,Cairo,Home,Blender,3,1200,0,Bank Transfer,Delivered,2026-05-26 14:38:00,4.0,3600.0,0.0,3600.0,False,False,3600.0,2026-05-01
17982,C0121,2026-05-10 11:18:00,32.0,Male,Alexandria,Home,Lamp,3,300,0,Cash,Delivered,2026-05-12 11:18:00,1.0,900.0,0.0,900.0,False,False,900.0,2026-05-01
10764,C1110,2026-03-09 10:07:00,26.0,Male,Cairo,Fashion,Jacket,2,1200,0.15,Cash,Delivered,2026-03-13 10:07:00,3.0,2040.0,0.15,2040.0,False,False,2040.0,2026-03-01
14548,C1012,2026-01-03 08:02:00,65.0,Male,Cairo,Fashion,T-Shirt,1,500,0.1,Bank Transfer,Delivered,2026-01-04 08:02:00,3.0,450.0,0.1,450.0,False,False,450.0,2026-01-01
12307,C1994,2026-03-10 10:28:00,70.0,Female,Cairo,Electronics,Mouse,3,450,0.05,Mastercard,Delivered,2026-03-12 10:28:00,5.0,1282.5,0.05,1282.5,False,False,1282.5,2026-03-01
12793,C0913,2026-04-17 23:01:00,42.0,Female,Giza,Sports,Tennis Racket,4,1600,0,Mastercard,Delivered,2026-04-19 23:01:00,1.0,6400.0,0.0,6400.0,False,False,6400.0,2026-04-01
18591,C0284,2026-06-21 19:01:00,58.0,Female,Alexandria,Home,Blender,1,1200,0.05,Bank Transfer,Delivered,2026-06-26 19:01:00,2.0,1140.0,0.05,1140.0,False,False,1140.0,2026-06-01
14434,C1501,2026-02-17 06:30:00,62.0,Male,Alexandria,Beauty,Perfume,2,1100,0.1,Visa,Delivered,2026-02-21 06:30:00,3.0,1980.0,0.1,1980.0,False,False,1980.0,2026-02-01
18348,C0197,2026-05-18 14:31:00,59.0,Male,Alexandria,Beauty,Perfume,1,1100,0.05,Mastercard,Delivered,2026-05-21 14:31:00,4.0,1045.0,0.05,1045.0,False,False,1045.0,2026-05-01
13606,C1711,2026-06-27 19:31:00,49.0,Male,Alexandria,Home,Coffee Maker,1,1800,0,Cash,Delivered,2026-06-30 19:31:00,4.0,1800.0,0.0,1800.0,False,False,1800.0,2026-06-01
11268,C1732,2026-05-31 11:44:00,36.0,Male,Alexandria,Home,Coffee Maker,2,1800,0.1,Cash,Delivered,2026-06-06 11:44:00,4.0,3240.0,0.1,3240.0,False,False,3240.0,2026-05-01
11853,C0487,2026-03-06 22:30:00,68.0,Female,Cairo,Home,Bedsheet,2,700,0.15,Visa,Delivered,2026-03-07 22:30:00,4.0,1190.0,0.15,1190.0,False,False,1190.0,2026-03-01
14851,C0559,2026-03-30 03:18:00,30.0,Female,Cairo,Home,Coffee Maker,1,1800,0.1,Cash,Delivered,2026-04-04 03:18:00,4.0,1620.0,0.1,1620.0,False,False,1620.0,2026-03-01
16962,C1468,2026-05-29 19:33:00,51.0,Male,Alexandria,Electronics,Smart Watch,1,2200,0.05,Visa,Delivered,2026-05-30 19:33:00,4.0,2090.0,0.05,2090.0,False,False,2090.0,2026-05-01
17955,C0395,2026-01-25 19:24:00,27.0,Female,Cairo,Electronics,Keyboard,3,900,0.15,Bank Transfer,Delivered,2026-01-27 19:24:00,4.0,2295.0,0.15,2295.0,False,False,2295.0,2026-01-01
19402,C0728,2026-01-26 00:00:00,44.0,Male,Cairo,Home,Chair,2,2500,0.05,Wallet,Delivered,2026-01-30 13:30:00,5.0,4750.0,0.05,4750.0,False,False,4750.0,2026-01-01
16470,C0827,2026-01-25 15:23:00,31.0,Female,Giza,Sports,Tennis Racket,1,1600,0.1,Mastercard,Delivered,2026-01-28 15:23:00,4.0,1440.0,0.1,1440.0,False,False,1440.0,2026-01-01
13931,C1645,2026-06-24 03:27:00,64.0,Female,Giza,Home,Lamp,3,300,0.15,Visa,Delivered,2026-07-01 03:27:00,3.0,765.0,0.15,765.0,False,False,765.0,2026-06-01
12365,C0931,2026-03-09 02:44:00,64.0,Male,Cairo,Home,Lamp,1,300,10%,Bank Transfer,Delivered,2026-03-11 02:44:00,5.0,270.0,0.1,270.0,False,False,270.0,2026-03-01
16522,C1496,2026-04-08 19:36:00,41.0,Female,Aswan,Sports,Dumbbells,1,1400,0.1,Mastercard,Delivered,2026-04-11 19:36:00,3.0,1260.0,0.1,1260.0,False,False,1260.0,2026-04-01
13320,C1781,2026-05-27 20:57:00,47.0,Male,Alexandria,Electronics,Mouse,1,450,0,Bank Transfer,Delivered,2026-05-31 20:57:00,4.0,450.0,0.0,450.0,False,False,450.0,2026-05-01
11742,C1136,2026-01-13 16:40:00,61.0,Female,Giza,Electronics,Laptop,4,18000,0.15,Wallet,Delivered,2026-01-15 16:40:00,5.0,61200.0,0.15,61200.0,False,False,61200.0,2026-01-01
13571,C1190,2026-02-10 03:25:00,56.0,Female,Mansoura,Fashion,Bag,1,750,0.1,Wallet,Delivered,2026-02-13 03:25:00,5.0,675.0,0.1,675.0,False,False,675.0,2026-02-01
18202,C0283,2026-02-12 09:12:00,69.0,Female,Giza,Sports,Running Shoes,3,1800,0.15,Cash,Delivered,2026-02-14 09:12:00,4.0,4590.0,0.15,4590.0,False,False,4590.0,2026-02-01
12951,C0644,2026-01-21 00:37:00,29.0,Female,Giza,Sports,Dumbbells,1,1400,0.1,Mastercard,Delivered,2026-01-24 00:37:00,2.0,1260.0,0.1,1260.0,False,False,1260.0,2026-01-01
18791,C1262,2026-04-17 18:44:00,57.0,Female,Cairo,Beauty,Shampoo,3,250,0.05,Bank Transfer,Delivered,2026-04-20 18:44:00,4.0,712.5,0.05,712.5,False,False,712.5,2026-04-01
15823,C1845,2026-06-01 12:06:00,19.0,Female,Mansoura,Fashion,Jeans,1,900,0.1,Mastercard,Delivered,2026-06-06 12:06:00,5.0,810.0,0.1,810.0,False,False,810.0,2026-06-01
16375,C0659,2026-04-06 17:00:00,68.0,Female,Alexandria,Sports,Running Shoes,2,1800,0,Wallet,Delivered,2026-04-10 17:00:00,3.0,3600.0,0.0,3600.0,False,False,3600.0,2026-04-01
16323,C0785,2026-01-21 20:12:00,50.0,Male,Alexandria,Beauty,Perfume,2,1100,0,Mastercard,Delivered,2026-01-27 20:12:00,3.0,2200.0,0.0,2200.0,False,False,2200.0,2026-01-01
10625,C1145,2026-05-21 00:19:00,64.0,Male,Giza,Fashion,Jeans,1,900,0,Cash,Delivered,2026-05-22 00:19:00,2.0,900.0,0.0,900.0,False,False,900.0,2026-05-01
16997,C0474,2026-02-03 20:41:00,58.0,Female,Alexandria,Home,Blender,2,1200,0.1,Wallet,Delivered,2026-02-08 20:41:00,4.0,2160.0,0.1,2160.0,False,False,2160.0,2026-02-01
12148,C1123,2026-04-24 14:14:00,65.0,Male,Cairo,Electronics,Headphones,2,850,0,Wallet,Delivered,2026-04-29 14:14:00,4.0,1700.0,0.0,1700.0,False,False,1700.0,2026-04-01
18722,C1176,2026-06-01 01:27:00,32.0,Female,Cairo,Sports,Tennis Racket,4,1600,0.1,Bank Transfer,Delivered,2026-06-02 01:27:00,5.0,5760.0,0.1,5760.0,False,False,5760.0,2026-06-01
12367,C0231,2026-03-23 14:46:00,49.0,Male,Cairo,Beauty,Shampoo,4,250,0.1,Mastercard,Delivered,2026-03-25 14:46:00,5.0,900.0,0.1,900.0,False,False,900.0,2026-03-01
18696,C0168,2026-05-07 23:09:00,23.0,Male,Cairo,Beauty,Shampoo,2,250,0.1,Visa,Delivered,2026-05-10 23:09:00,4.0,450.0,0.1,450.0,False,False,450.0,2026-05-01
15841,C1970,2026-04-05 18:08:00,50.0,Female,Giza,Electronics,Mouse,1,450,0,Bank Transfer,Delivered,2026-04-06 18:08:00,4.0,450.0,0.0,450.0,False,False,450.0,2026-04-01
16317,C1282,2026-05-08 04:04:00,23.0,Male,Mansoura,Sports,Dumbbells,1,1400,0.1,Mastercard,Delivered,2026-05-11 04:04:00,3.0,1260.0,0.1,1260.0,False,False,1260.0,2026-05-01
10608,C0295,2026-01-25 20:09:00,60.0,Female,Cairo,Sports,Running Shoes,2,1800,0,Wallet,Delivered,2026-01-29 20:09:00,5.0,3600.0,0.0,3600.0,False,False,3600.0,2026-01-01
12052,C0965,2026-04-30 00:00:00,30.0,Male,Aswan,Electronics,Keyboard,3,900,0.15,Bank Transfer,Delivered,2026-05-03 21:45:00,4.0,2295.0,0.15,2295.0,False,False,2295.0,2026-04-01
11377,C0838,2026-01-14 22:15:00,42.0,Female,Alexandria,Fashion,Jeans,4,900,0.15,Cash,Delivered,2026-01-17 22:15:00,5.0,3060.0,0.15,3060.0,False,False,3060.0,2026-01-01
13359,C1169,2026-06-13 11:49:00,57.0,Male,Alexandria,Fashion,T-Shirt,2,500,0.2,Wallet,Delivered,2026-06-16 11:49:00,3.0,800.0,0.2,800.0,False,False,800.0,2026-06-01
11845,C1605,2026-06-01 16:54:00,24.0,Female,Tanta,Home,Coffee Maker,1,1800,15%,Mastercard,Delivered,2026-06-04 16:54:00,4.0,1530.0,0.15,1530.0,False,False,1530.0,2026-06-01
10654,C0555,2026-04-29 22:26:00,62.0,Female,Cairo,Fashion,Jacket,1,1200,0.1,Visa,Delivered,2026-05-02 22:26:00,5.0,1080.0,0.1,1080.0,False,False,1080.0,2026-04-01
16834,C0369,2026-03-16 06:47:00,37.0,Female,Cairo,Electronics,Mouse,1,450,0,Mastercard,Delivered,2026-03-20 06:47:00,4.0,450.0,0.0,450.0,False,False,450.0,2026-03-01
17693,C0949,2026-03-25 19:04:00,46.0,Female,Giza,Home,Coffee Maker,2,1800,0,Bank Transfer,Delivered,2026-03-27 19:04:00,4.0,3600.0,0.0,3600.0,False,False,3600.0,2026-03-01
11435,C1415,2026-01-07 07:18:00,34.0,Female,Cairo,Beauty,Face Cream,1,450,0,Mastercard,Delivered,2026-01-12 07:18:00,3.0,450.0,0.0,450.0,False,False,450.0,2026-01-01
14129,C1130,2026-02-25 00:00:00,64.0,Female,Cairo,Fashion,Jacket,2,1200,0,Mastercard,Delivered,2026-02-27 22:53:00,5.0,2400.0,0.0,2400.0,False,False,2400.0,2026-02-01
13880,C0114,2026-02-01 09:54:00,26.0,Female,Alexandria,Sports,Running Shoes,1,1800,0.1,Bank Transfer,Delivered,2026-02-05 09:54:00,3.0,1620.0,0.1,1620.0,False,False,1620.0,2026-02-01
17552,C1450,2026-06-28 14:15:00,25.0,Female,Tanta,Beauty,Face Cream,1,450,10%,Bank Transfer,Delivered,2026-07-02 14:15:00,5.0,405.0,0.1,405.0,False,False,405.0,2026-06-01
17377,C0159,2026-05-21 09:50:00,50.0,Female,Cairo,Home,Chair,2,2500,0.1,Wallet,Delivered,2026-05-26 09:50:00,5.0,4500.0,0.1,4500.0,False,False,4500.0,2026-05-01
11499,C0365,2026-06-08 07:29:00,30.0,Male,Giza,Beauty,Shampoo,1,250,0,Bank Transfer,Delivered,2026-06-13 07:29:00,4.0,250.0,0.0,250.0,False,False,250.0,2026-06-01
14348,C0027,2026-02-27 04:09:00,26.0,Female,Cairo,Fashion,T-Shirt,3,500,0,Cash,Delivered,2026-03-02 04:09:00,4.0,1500.0,0.0,1500.0,False,False,1500.0,2026-02-01
19631,C1767,2026-01-08 23:31:00,24.0,Female,Giza,Home,Chair,1,2500,0.05,Mastercard,Delivered,2026-01-13 23:31:00,2.0,2375.0,0.05,2375.0,False,False,2375.0,2026-01-01
14894,C0556,2026-03-29 21:36:00,64.0,Male,Cairo,Beauty,Shampoo,3,250,0,Cash,Delivered,2026-04-04 21:36:00,5.0,750.0,0.0,750.0,False,False,750.0,2026-03-01
14672,C1941,2026-02-17 22:29:00,66.0,Male,Cairo,Home,Chair,3,2500,0,Mastercard,Delivered,2026-02-21 22:29:00,5.0,7500.0,0.0,7500.0,False,False,7500.0,2026-02-01
15727,C0831,2026-01-22 19:14:00,26.0,Male,Giza,Fashion,Jacket,1,1200,5%,Cash,Delivered,2026-01-25 19:14:00,4.0,1140.0,0.05,1140.0,False,False,1140.0,2026-01-01
10283,C1302,2026-04-08 23:44:00,58.0,Female,Giza,Home,Lamp,1,300,0.05,Wallet,Delivered,2026-04-11 23:44:00,4.0,285.0,0.05,285.0,False,False,285.0,2026-04-01
15743,C0397,2026-04-06 22:28:00,35.0,Male,Cairo,Fashion,Bag,1,750,0.15,Mastercard,Delivered,2026-04-10 22:28:00,3.0,637.5,0.15,637.5,False,False,637.5,2026-04-01
13986,C0266,2026-06-10 04:37:00,44.0,Female,Giza,Beauty,Makeup Kit,1,900,0.1,Cash,Delivered,2026-06-13 04:37:00,4.0,810.0,0.1,810.0,False,False,810.0,2026-06-01
10022,C0161,2026-03-09 00:13:00,38.0,Male,Alexandria,Fashion,T-Shirt,4,500,0.1,Visa,Delivered,2026-03-12 00:13:00,4.0,1800.0,0.1,1800.0,False,False,1800.0,2026-03-01
19243,C0834,2026-06-18 00:00:00,30.0,Female,Cairo,Electronics,Keyboard,2,900,0.1,Wallet,Delivered,2026-06-22 05:38:00,3.0,1620.0,0.1,1620.0,False,False,1620.0,2026-06-01
14195,C0979,2026-06-16 06:11:00,27.0,Female,Mansoura,Home,Blender,4,1200,0.05,Visa,Delivered,2026-06-19 06:11:00,3.0,4560.0,0.05,4560.0,False,False,4560.0,2026-06-01
12284,C1850,2026-05-17 08:48:00,57.0,Female,Cairo,Electronics,Smart Watch,1,2200,0,Visa,Delivered,2026-05-21 08:48:00,2.0,2200.0,0.0,2200.0,False,False,2200.0,2026-05-01
18164,C0598,2026-04-24 19:09:00,46.0,Male,Alexandria,Electronics,Laptop,3,18000,0,Visa,Delivered,2026-04-29 19:09:00,4.0,54000.0,0.0,54000.0,False,False,54000.0,2026-04-01
14786,C1243,2026-03-02 00:00:00,22.0,Male,Cairo,Electronics,Laptop,2,18000,0.05,Cash,Delivered,2026-02-05 10:37:00,3.0,34200.0,0.05,34200.0,False,False,34200.0,2026-03-01
18658,C1980,2026-07-02 00:00:00,48.0,Male,Cairo,Sports,Tennis Racket,2,1600,0.1,Bank Transfer,Delivered,2026-02-10 05:33:00,4.0,2880.0,0.1,2880.0,False,False,2880.0,2026-07-01
11580,C0215,2026-05-04 01:26:00,65.0,Female,Cairo,Beauty,Perfume,2,1100,0.05,Bank Transfer,Delivered,2026-05-10 01:26:00,4.0,2090.0,0.05,2090.0,False,False,2090.0,2026-05-01
11938,C0692,2026-05-20 07:02:00,36.0,Female,Cairo,Home,Blender,1,1200,0.1,Mastercard,Delivered,2026-05-23 07:02:00,5.0,1080.0,0.1,1080.0,False,False,1080.0,2026-05-01
19256,C1210,2026-04-13 14:39:00,27.0,Female,Giza,Sports,Football,2,650,0,Cash,Delivered,2026-04-17 14:39:00,4.0,1300.0,0.0,1300.0,False,False,1300.0,2026-04-01
14136,C0821,2026-05-16 21:53:00,70.0,Male,Cairo,Home,Chair,2,2500,0,Wallet,Delivered,2026-05-19 21:53:00,4.0,5000.0,0.0,5000.0,False,False,5000.0,2026-05-01
11336,C0098,2026-01-19 08:25:00,45.0,Male,Cairo,Beauty,Perfume,1,1100,0.2,Mastercard,Delivered,2026-01-23 08:25:00,3.0,880.0,0.2,880.0,False,False,880.0,2026-01-01
18959,C1138,2026-02-21 00:21:00,21.0,Male,Alexandria,Sports,Football,1,650,0.15,Wallet,Delivered,2026-02-25 00:21:00,5.0,552.5,0.15,552.5,False,False,552.5,2026-02-01
10477,C0002,2026-01-10 17:16:00,54.0,Male,Mansoura,Fashion,Jeans,2,900,0.1,Bank Transfer,Delivered,2026-01-15 17:16:00,3.0,1620.0,0.1,1620.0,False,False,1620.0,2026-01-01
11851,C1822,2026-06-12 17:18:00,63.0,Female,Tanta,Home,Coffee Maker,1,1800,0.15,Visa,Delivered,2026-06-14 17:18:00,5.0,1530.0,0.15,1530.0,False,False,1530.0,2026-06-01
19721,C0593,2026-06-29 19:53:00,30.0,Female,Cairo,Beauty,Makeup Kit,1,900,0,Bank Transfer,Delivered,2026-07-03 19:53:00,4.0,900.0,0.0,900.0,False,False,900.0,2026-06-01
15074,C0603,2026-05-06 14:38:00,55.0,Male,Alexandria,Home,Chair,1,2500,0.15,Visa,Delivered,2026-05-10 14:38:00,4.0,2125.0,0.15,2125.0,False,False,2125.0,2026-05-01
18134,C0276,2026-03-22 19:43:00,25.0,Female,Cairo,Home,Bedsheet,1,700,0.1,Cash,Delivered,2026-03-23 19:43:00,5.0,630.0,0.1,630.0,False,False,630.0,2026-03-01
14822,C1917,2026-05-07 21:35:00,62.0,Male,Giza,Electronics,Keyboard,3,900,0.2,Bank Transfer,Delivered,2026-05-09 21:35:00,4.0,2160.0,0.2,2160.0,False,False,2160.0,2026-05-01
19549,C1572,2026-04-07 17:20:00,47.0,Female,Cairo,Beauty,Shampoo,4,250,0,Cash,Delivered,2026-04-12 17:20:00,5.0,1000.0,0.0,1000.0,False,False,1000.0,2026-04-01
13588,C1120,2026-04-18 13:57:00,23.0,Female,Giza,Fashion,Bag,4,750,0.15,Visa,Delivered,2026-04-20 13:57:00,5.0,2550.0,0.15,2550.0,False,False,2550.0,2026-04-01
11199,C0915,2026-04-13 23:17:00,52.0,Male,Cairo,Electronics,Laptop,1,18000,0.1,Mastercard,Delivered,2026-04-16 23:17:00,3.0,16200.0,0.1,16200.0,False,False,16200.0,2026-04-01
10110,C0738,2026-03-17 09:08:00,32.0,Male,Tanta,Home,Lamp,1,300,0,Wallet,Delivered,2026-03-19 09:08:00,5.0,300.0,0.0,300.0,False,False,300.0,2026-03-01
18563,C0067,2026-03-21 13:02:00,23.0,Female,Mansoura,Home,Coffee Maker,1,1800,0,Wallet,Delivered,2026-03-23 13:02:00,2.0,1800.0,0.0,1800.0,False,False,1800.0,2026-03-01
13586,C0870,2026-04-02 23:02:00,58.0,Female,Mansoura,Sports,Football,2,650,0,Visa,Delivered,2026-04-05 23:02:00,3.0,1300.0,0.0,1300.0,False,False,1300.0,2026-04-01
15252,C1523,2026-03-07 21:22:00,37.0,Female,Alexandria,Fashion,Jeans,1,900,0.05,Bank Transfer,Delivered,2026-03-13 21:22:00,4.0,855.0,0.05,855.0,False,False,855.0,2026-03-01
17883,C1918,2026-05-12 14:52:00,39.0,Female,Giza,Sports,Football,4,650,0,Mastercard,Delivered,2026-05-15 14:52:00,4.0,2600.0,0.0,2600.0,False,False,2600.0,2026-05-01
17723,C1065,2026-01-18 09:08:00,69.0,Male,Tanta,Sports,Tennis Racket,2,1600,0,Visa,Delivered,2026-01-23 09:08:00,5.0,3200.0,0.0,3200.0,False,False,3200.0,2026-01-01
10983,C0534,2026-04-18 16:59:00,32.0,Male,Cairo,Home,Blender,2,1200,0,Visa,Delivered,2026-04-22 16:59:00,2.0,2400.0,0.0,2400.0,False,False,2400.0,2026-04-01
19822,C1692,2026-06-15 17:04:00,46.0,Male,Giza,Beauty,Hair Dryer,4,1300,0.05,Visa,Delivered,2026-06-18 17:04:00,4.0,4940.0,0.05,4940.0,False,False,4940.0,2026-06-01
17311,C1194,2026-02-03 17:25:00,19.0,Female,Alexandria,Electronics,Laptop,1,18000,0.2,Visa,Delivered,2026-02-08 17:25:00,4.0,14400.0,0.2,14400.0,False,False,14400.0,2026-02-01
19171,C0846,2026-01-10 20:33:00,52.0,Male,Mansoura,Electronics,Headphones,2,850,0.2,Bank Transfer,Delivered,2026-01-14 20:33:00,5.0,1360.0,0.2,1360.0,False,False,1360.0,2026-01-01
16727,C1506,2026-01-21 17:13:00,59.0,Male,Cairo,Sports,Tennis Racket,2,1600,0,Cash,Delivered,2026-01-28 17:13:00,4.0,3200.0,0.0,3200.0,False,False,3200.0,2026-01-01
11255,C0585,2026-05-23 12:19:00,25.0,Male,Cairo,Beauty,Makeup Kit,1,900,0,Mastercard,Delivered,2026-05-27 12:19:00,3.0,900.0,0.0,900.0,False,False,900.0,2026-05-01
17434,C0409,2026-04-08 11:05:00,51.0,Female,Cairo,Sports,Dumbbells,1,1400,0,Cash,Delivered,2026-04-11 11:05:00,5.0,1400.0,0.0,1400.0,False,False,1400.0,2026-04-01
13536,C0753,2026-03-12 10:06:00,60.0,Male,Cairo,Home,Bedsheet,4,700,0,Visa,Delivered,2026-03-14 10:06:00,5.0,2800.0,0.0,2800.0,False,False,2800.0,2026-03-01
18282,C0488,2026-01-01 15:37:00,29.0,Male,Alexandria,Beauty,Makeup Kit,2,900,0,Wallet,Delivered,2026-01-02 15:37:00,3.0,1800.0,0.0,1800.0,False,False,1800.0,2026-01-01
14570,C0357,2026-06-23 00:30:00,51.0,Male,Alexandria,Electronics,Laptop,1,18000,0,Bank Transfer,Delivered,2026-06-25 00:30:00,4.0,18000.0,0.0,18000.0,False,False,18000.0,2026-06-01
18639,C0437,2026-05-11 04:15:00,68.0,Male,Cairo,Home,Bedsheet,2,700,0.15,Bank Transfer,Delivered,2026-05-18 04:15:00,5.0,1190.0,0.15,1190.0,False,False,1190.0,2026-05-01
10715,C1034,2026-03-14 00:00:00,31.0,Male,Alexandria,Electronics,Mouse,3,450,0.15,Wallet,Delivered,2026-03-17 02:53:00,2.0,1147.5,0.15,1147.5,False,False,1147.5,2026-03-01
11612,C0864,2026-03-01 11:44:00,49.0,Female,Cairo,Electronics,Headphones,1,850,0.1,Visa,Delivered,2026-03-04 11:44:00,4.0,765.0,0.1,765.0,False,False,765.0,2026-03-01
15829,C0918,2026-05-21 05:41:00,56.0,Female,Cairo,Home,Bedsheet,1,700,0.1,Visa,Delivered,2026-05-23 05:41:00,5.0,630.0,0.1,630.0,False,False,630.0,2026-05-01
12287,C0784,2026-06-20 11:15:00,33.0,Male,Alexandria,Electronics,Keyboard,1,900,0.05,Mastercard,Delivered,2026-06-21 11:15:00,3.0,855.0,0.05,855.0,False,False,855.0,2026-06-01
17026,C1005,2026-02-27 22:58:00,26.0,Female,Cairo,Fashion,T-Shirt,2,500,0.1,Mastercard,Delivered,2026-03-05 22:58:00,5.0,900.0,0.1,900.0,False,False,900.0,2026-02-01
14108,C1551,2026-05-07 16:08:00,22.0,Female,Giza,Beauty,Face Cream,1,450,0.1,Visa,Delivered,2026-05-09 16:08:00,4.0,405.0,0.1,405.0,False,False,405.0,2026-05-01
15573,C1944,2026-01-16 01:20:00,27.0,Male,Alexandria,Home,Coffee Maker,4,1800,0.1,Mastercard,Delivered,2026-01-18 01:20:00,3.0,6480.0,0.1,6480.0,False,False,6480.0,2026-01-01
18778,C0530,2026-03-13 10:22:00,48.0,Female,Alexandria,Home,Coffee Maker,1,1800,0,Wallet,Delivered,2026-03-17 10:22:00,5.0,1800.0,0.0,1800.0,False,False,1800.0,2026-03-01
17901,C0497,2026-01-10 03:36:00,45.0,Female,Giza,Electronics,Mouse,1,450,0,Bank Transfer,Delivered,2026-01-13 03:36:00,4.0,450.0,0.0,450.0,False,False,450.0,2026-01-01
10836,C0309,2026-05-07 14:15:00,68.0,Male,Cairo,Home,Coffee Maker,1,1800,0,Wallet,Delivered,2026-05-12 14:15:00,5.0,1800.0,0.0,1800.0,False,False,1800.0,2026-05-01
15371,C1590,2026-03-23 15:12:00,50.0,Female,Giza,Home,Lamp,3,300,0,Bank Transfer,Delivered,2026-03-27 15:12:00,5.0,900.0,0.0,900.0,False,False,900.0,2026-03-01
16789,C1929,2026-02-05 14:23:00,57.0,Female,Alexandria,Fashion,Jacket,4,1200,0%,Bank Transfer,Delivered,2026-02-10 14:23:00,4.0,4800.0,0.0,4800.0,False,False,4800.0,2026-02-01
16307,C0187,2026-01-08 00:00:00,21.0,Male,Alexandria,Beauty,Makeup Kit,1,900,0.1,Wallet,Delivered,2026-01-11 19:20:00,4.0,810.0,0.1,810.0,False,False,810.0,2026-01-01
18103,C0613,2026-03-19 18:01:00,42.0,Female,Tanta,Beauty,Makeup Kit,3,900,0.1,Mastercard,Delivered,2026-03-23 18:01:00,5.0,2430.0,0.1,2430.0,False,False,2430.0,2026-03-01
19086,C1662,2026-03-20 05:51:00,44.0,Male,Mansoura,Sports,Tennis Racket,1,1600,0.1,Mastercard,Delivered,2026-03-23 05:51:00,3.0,1440.0,0.1,1440.0,False,False,1440.0,2026-03-01
16584,C0479,2026-06-21 11:29:00,39.0,Female,Aswan,Beauty,Hair Dryer,2,1300,0.1,Cash,Delivered,2026-06-26 11:29:00,3.0,2340.0,0.1,2340.0,False,False,2340.0,2026-06-01
16927,C1292,2026-06-12 01:00:00,49.0,Male,Cairo,Home,Coffee Maker,3,1800,0.1,Bank Transfer,Delivered,2026-06-18 01:00:00,4.0,4860.0,0.1,4860.0,False,False,4860.0,2026-06-01
10317,C1450,2026-03-28 16:11:00,40.0,Male,Alexandria,Sports,Tennis Racket,4,1600,0.1,Bank Transfer,Delivered,2026-03-31 16:11:00,5.0,5760.0,0.1,5760.0,False,False,5760.0,2026-03-01
11819,C0063,2026-01-13 12:00:00,57.0,Female,Giza,Beauty,Face Cream,1,450,0.1,Visa,Delivered,2026-01-19 12:00:00,4.0,405.0,0.1,405.0,False,False,405.0,2026-01-01
14564,C1121,2026-03-07 04:30:00,39.0,Male,Cairo,Beauty,Hair Dryer,4,1300,0.15,Cash,Delivered,2026-03-09 04:30:00,3.0,4420.0,0.15,4420.0,False,False,4420.0,2026-03-01
17934,C1213,2026-04-11 19:59:00,48.0,Male,Mansoura,Beauty,Perfume,3,1100,0,Bank Transfer,Delivered,2026-04-15 19:59:00,4.0,3300.0,0.0,3300.0,False,False,3300.0,2026-04-01
19760,C1195,2026-02-17 01:01:00,28.0,Female,Aswan,Sports,Yoga Mat,2,600,0,Mastercard,Delivered,2026-02-20 01:01:00,4.0,1200.0,0.0,1200.0,False,False,1200.0,2026-02-01
17727,C1514,2026-03-05 16:18:00,40.0,Female,Giza,Electronics,Mouse,1,450,0,Wallet,Delivered,2026-03-09 16:18:00,5.0,450.0,0.0,450.0,False,False,450.0,2026-03-01
16040,C0438,2026-04-23 15:09:00,27.0,Male,Giza,Beauty,Hair Dryer,3,1300,0.05,Mastercard,Delivered,2026-04-26 15:09:00,2.0,3705.0,0.05,3705.0,False,False,3705.0,2026-04-01
17486,C1521,2026-06-08 17:08:00,66.0,Female,Alexandria,Beauty,Face Cream,2,450,0.2,Visa,Delivered,2026-06-11 17:08:00,5.0,720.0,0.2,720.0,False,False,720.0,2026-06-01
11982,C0388,2026-02-28 05:55:00,54.0,Male,Alexandria,Home,Blender,2,1200,0,Cash,Delivered,2026-03-06 05:55:00,5.0,2400.0,0.0,2400.0,False,False,2400.0,2026-02-01
14338,C1341,2026-03-13 10:44:00,31.0,Female,Aswan,Fashion,T-Shirt,1,500,0.1,Wallet,Delivered,2026-03-15 10:44:00,5.0,450.0,0.1,450.0,False,False,450.0,2026-03-01
11211,C0484,2026-01-16 13:15:00,42.0,Female,Cairo,Sports,Dumbbells,3,1400,0,Visa,Delivered,2026-01-21 13:15:00,5.0,4200.0,0.0,4200.0,False,False,4200.0,2026-01-01
13481,C1682,2026-03-30 21:43:00,61.0,Female,Cairo,Sports,Dumbbells,2,1400,0.1,Bank Transfer,Delivered,2026-04-04 21:43:00,5.0,2520.0,0.1,2520.0,False,False,2520.0,2026-03-01
14558,C1955,2026-04-12 15:27:00,18.0,Female,Cairo,Sports,Yoga Mat,2,600,0.05,Cash,Delivered,2026-04-08 15:27:00,4.0,1140.0,0.05,1140.0,False,False,1140.0,2026-04-01
11923,C1066,2026-04-27 17:16:00,36.0,Male,Tanta,Fashion,Jeans,1,900,0.15,Visa,Delivered,2026-05-02 17:16:00,5.0,765.0,0.15,765.0,False,False,765.0,2026-04-01
14503,C0324,2026-06-05 04:26:00,61.0,Female,Aswan,Beauty,Perfume,1,1100,0,Cash,Delivered,2026-06-07 04:26:00,3.0,1100.0,0.0,1100.0,False,False,1100.0,2026-06-01
10436,C1049,2026-01-18 12:42:00,31.0,Male,Cairo,Sports,Tennis Racket,2,1600,0.1,Cash,Delivered,2026-01-21 12:42:00,5.0,2880.0,0.1,2880.0,False,False,2880.0,2026-01-01
16247,C0397,2026-01-04 10:49:00,38.0,Male,Cairo,Home,Blender,1,1200,0.1,Visa,Delivered,2026-01-07 10:49:00,4.0,1080.0,0.1,1080.0,False,False,1080.0,2026-01-01
16738,C0147,2026-06-10 13:12:00,24.0,Female,Alexandria,Sports,Dumbbells,2,1400,0.05,Mastercard,Delivered,2026-06-14 13:12:00,3.0,2660.0,0.05,2660.0,False,False,2660.0,2026-06-01
19890,C0148,2026-04-12 19:46:00,66.0,Male,Cairo,Electronics,Laptop,2,18000,0,Wallet,Delivered,2026-04-15 19:46:00,4.0,36000.0,0.0,36000.0,False,False,36000.0,2026-04-01
10812,C1402,2026-01-12 20:41:00,51.0,Female,Cairo,Home,Bedsheet,1,700,0,Visa,Delivered,2026-01-14 20:41:00,4.0,700.0,0.0,700.0,False,False,700.0,2026-01-01
11025,C0832,2026-04-08 15:23:00,31.0,Male,Cairo,Electronics,Mouse,2,450,0,Wallet,Delivered,2026-04-13 15:23:00,4.0,900.0,0.0,900.0,False,False,900.0,2026-04-01
14422,C0630,2026-02-16 16:17:00,37.0,Male,Giza,Fashion,T-Shirt,1,500,0.15,Wallet,Delivered,2026-02-20 16:17:00,4.0,425.0,0.15,425.0,False,False,425.0,2026-02-01
12747,C0299,2026-06-29 13:13:00,51.0,Male,Giza,Home,Bedsheet,2,700,0.1,Cash,Delivered,2026-07-02 13:13:00,3.0,1260.0,0.1,1260.0,False,False,1260.0,2026-06-01
17392,C0144,2026-06-01 09:45:00,46.0,Female,Tanta,Beauty,Makeup Kit,1,900,0.1,Mastercard,Delivered,2026-06-03 09:45:00,2.0,810.0,0.1,810.0,False,False,810.0,2026-06-01
12559,C0945,2026-01-24 00:00:00,34.0,Male,Cairo,Beauty,Face Cream,2,450,0,Visa,Delivered,2026-01-28 03:42:00,4.0,900.0,0.0,900.0,False,False,900.0,2026-01-01
11768,C1208,2026-01-16 16:46:00,69.0,Male,Alexandria,Fashion,Bag,2,750,0,Visa,Delivered,2026-01-20 16:46:00,5.0,1500.0,0.0,1500.0,False,False,1500.0,2026-01-01
12828,C1092,2026-06-29 04:45:00,58.0,Female,Giza,Electronics,Keyboard,1,900,0,Mastercard,Delivered,2026-07-03 04:45:00,4.0,900.0,0.0,900.0,False,False,900.0,2026-06-01
13165,C0641,2026-04-07 03:48:00,48.0,Female,Cairo,Fashion,Jacket,4,1200,0.2,Mastercard,Delivered,2026-04-11 03:48:00,4.0,3840.0,0.2,3840.0,False,False,3840.0,2026-04-01
16187,C1733,2026-05-14 21:21:00,55.0,Male,Cairo,Home,Blender,3,1200,0,Mastercard,Delivered,2026-05-21 21:21:00,4.0,3600.0,0.0,3600.0,False,False,3600.0,2026-05-01
14682,C1096,2026-01-08 07:19:00,24.0,Male,Mansoura,Home,Coffee Maker,2,1800,0.05,Cash,Delivered,2026-01-12 07:19:00,4.0,3420.0,0.05,3420.0,False,False,3420.0,2026-01-01
18669,C1194,2026-01-14 09:42:00,32.0,Female,Cairo,Fashion,Shoes,3,1500,0.1,Visa,Delivered,2026-01-17 09:42:00,5.0,4050.0,0.1,4050.0,False,False,4050.0,2026-01-01
14423,C1423,2026-05-04 05:27:00,24.0,Male,Cairo,Fashion,Jacket,2,1200,0.15,Mastercard,Delivered,2026-05-08 05:27:00,5.0,2040.0,0.15,2040.0,False,False,2040.0,2026-05-01
19662,C0331,2026-05-13 01:14:00,42.0,Male,Cairo,Sports,Dumbbells,1,1400,0.1,Wallet,Delivered,2026-05-14 01:14:00,5.0,1260.0,0.1,1260.0,False,False,1260.0,2026-05-01
15973,C0302,2026-03-13 10:27:00,46.0,Male,Giza,Sports,Running Shoes,1,1800,0.05,Cash,Delivered,2026-03-15 10:27:00,5.0,1710.0,0.05,1710.0,False,False,1710.0,2026-03-01
13674,C0376,2026-04-12 18:13:00,45.0,Female,Alexandria,Sports,Football,1,650,0.2,Visa,Delivered,2026-04-19 18:13:00,3.0,520.0,0.2,520.0,False,False,520.0,2026-04-01
19307,C0777,2026-04-27 04:33:00,37.0,Male,Alexandria,Home,Blender,2,1200,0.1,Wallet,Delivered,2026-05-02 04:33:00,4.0,2160.0,0.1,2160.0,False,False,2160.0,2026-04-01
10169,C1852,2026-05-14 10:01:00,40.0,Female,Giza,Electronics,Laptop,1,18000,0,Visa,Delivered,2026-05-21 10:01:00,2.0,18000.0,0.0,18000.0,False,False,18000.0,2026-05-01
17462,C1103,2026-01-07 15:30:00,49.0,Male,Alexandria,Beauty,Shampoo,1,250,0.05,Bank Transfer,Delivered,2026-01-09 15:30:00,2.0,237.5,0.05,237.5,False,False,237.5,2026-01-01
11670,C1876,2026-06-05 14:15:00,50.0,Female,Tanta,Fashion,Shoes,4,1500,0.1,Bank Transfer,Delivered,2026-06-09 14:15:00,4.0,5400.0,0.1,5400.0,False,False,5400.0,2026-06-01
19074,C0509,2026-03-27 12:45:00,70.0,Female,Cairo,Beauty,Face Cream,4,450,0.15,Mastercard,Delivered,2026-04-01 12:45:00,5.0,1530.0,0.15,1530.0,False,False,1530.0,2026-03-01
13458,C1349,2026-03-11 21:20:00,36.0,Female,Giza,Home,Bedsheet,4,700,0,Wallet,Delivered,2026-03-14 21:20:00,5.0,2800.0,0.0,2800.0,False,False,2800.0,2026-03-01
11093,C0512,2026-03-04 23:40:00,51.0,Female,Alexandria,Home,Coffee Maker,2,1800,0.05,Visa,Delivered,2026-03-06 23:40:00,5.0,3420.0,0.05,3420.0,False,False,3420.0,2026-03-01
17260,C1441,2026-01-28 22:41:00,63.0,Male,Cairo,Beauty,Shampoo,1,250,0,Cash,Delivered,2026-01-29 22:41:00,3.0,250.0,0.0,250.0,False,False,250.0,2026-01-01
18011,C1450,2026-06-05 04:25:00,69.0,Female,Alexandria,Sports,Dumbbells,1,1400,0,Cash,Delivered,2026-06-08 04:25:00,5.0,1400.0,0.0,1400.0,False,False,1400.0,2026-06-01
12373,C0341,2026-01-09 21:46:00,18.0,Male,Cairo,Sports,Running Shoes,1,1800,0.05,Visa,Delivered,2026-01-14 21:46:00,4.0,1710.0,0.05,1710.0,False,False,1710.0,2026-01-01
10061,C0794,2026-02-16 21:46:00,47.0,Female,Tanta,Beauty,Face Cream,1,450,0.15,Visa,Delivered,2026-02-23 21:46:00,4.0,382.5,0.15,382.5,False,False,382.5,2026-02-01
18462,C0966,2026-01-27 04:25:00,53.0,Female,Giza,Sports,Dumbbells,4,1400,0.05,Mastercard,Delivered,2026-01-29 04:25:00,1.0,5320.0,0.05,5320.0,False,False,5320.0,2026-01-01
14620,C0684,2026-05-09 18:53:00,41.0,Male,Giza,Beauty,Hair Dryer,2,1300,0.1,Visa,Delivered,2026-05-12 18:53:00,4.0,2340.0,0.1,2340.0,False,False,2340.0,2026-05-01
15739,C0896,2026-03-30 22:32:00,47.0,Female,Tanta,Beauty,Shampoo,1,250,0.15,Bank Transfer,Delivered,2026-04-02 22:32:00,4.0,212.5,0.15,212.5,False,False,212.5,2026-03-01
14843,C0980,2026-01-23 07:13:00,33.0,Male,Tanta,Beauty,Makeup Kit,3,900,0,Visa,Delivered,2026-01-26 07:13:00,5.0,2700.0,0.0,2700.0,False,False,2700.0,2026-01-01
15753,C1905,2026-06-16 12:24:00,29.0,Male,Cairo,Home,Bedsheet,2,700,0,Visa,Delivered,2026-06-18 12:24:00,4.0,1400.0,0.0,1400.0,False,False,1400.0,2026-06-01
15814,C1640,2026-06-23 00:03:00,57.0,Male,Mansoura,Beauty,Perfume,3,1100,0.05,Wallet,Delivered,2026-06-25 00:03:00,5.0,3135.0,0.05,3135.0,False,False,3135.0,2026-06-01
16713,C1160,2026-03-20 08:12:00,44.0,Male,Giza,Home,Bedsheet,1,700,0.2,Mastercard,Delivered,2026-03-26 08:12:00,4.0,560.0,0.2,560.0,False,False,560.0,2026-03-01
12721,C1528,2026-04-21 05:19:00,43.0,Male,Alexandria,Home,Bedsheet,1,700,0%,Mastercard,Delivered,2026-04-25 05:19:00,4.0,700.0,0.0,700.0,False,False,700.0,2026-04-01
19858,C0628,2026-06-01 18:34:00,40.0,Male,Aswan,Beauty,Shampoo,3,250,0,Visa,Delivered,2026-06-04 18:34:00,5.0,750.0,0.0,750.0,False,False,750.0,2026-06-01
14435,C0770,2026-02-20 03:13:00,51.0,Male,Cairo,Beauty,Makeup Kit,1,900,0.05,Bank Transfer,Delivered,2026-02-24 03:13:00,4.0,855.0,0.05,855.0,False,False,855.0,2026-02-01
10788,C1836,2026-05-13 22:28:00,47.0,Female,Giza,Electronics,Laptop,1,18000,0,Bank Transfer,Delivered,2026-05-19 22:28:00,4.0,18000.0,0.0,18000.0,False,False,18000.0,2026-05-01
12711,C0691,2026-04-08 13:39:00,42.0,Female,Alexandria,Fashion,Jacket,1,1200,0,Mastercard,Delivered,2026-04-12 13:39:00,3.0,1200.0,0.0,1200.0,False,False,1200.0,2026-04-01
12261,C1128,2026-03-02 02:15:00,29.0,Female,Giza,Sports,Yoga Mat,1,600,0,Bank Transfer,Delivered,2026-03-06 02:15:00,4.0,600.0,0.0,600.0,False,False,600.0,2026-03-01
17204,C0239,2026-05-04 00:00:00,34.0,Female,Cairo,Home,Bedsheet,1,700,0,Mastercard,Delivered,2026-04-08 16:17:00,4.0,700.0,0.0,700.0,False,False,700.0,2026-05-01
16398,C0861,2026-02-23 19:09:00,48.0,Female,Cairo,Beauty,Face Cream,2,450,0.1,Bank Transfer,Delivered,2026-02-28 19:09:00,4.0,810.0,0.1,810.0,False,False,810.0,2026-02-01
15382,C0834,2026-06-19 01:28:00,43.0,Female,Giza,Fashion,Jeans,2,900,0.1,Cash,Delivered,2026-06-21 01:28:00,2.0,1620.0,0.1,1620.0,False,False,1620.0,2026-06-01
16930,C0347,2026-05-03 15:39:00,55.0,Male,Mansoura,Beauty,Perfume,2,1100,0.05,Mastercard,Delivered,2026-05-06 15:39:00,4.0,2090.0,0.05,2090.0,False,False,2090.0,2026-05-01
16884,C1089,2026-02-01 11:51:00,27.0,Male,Giza,Home,Bedsheet,1,700,0,Mastercard,Delivered,2026-02-06 11:51:00,3.0,700.0,0.0,700.0,False,False,700.0,2026-02-01
17251,C1684,2026-03-15 17:58:00,48.0,Male,Cairo,Beauty,Shampoo,4,250,0,Cash,Delivered,2026-03-19 17:58:00,3.0,1000.0,0.0,1000.0,False,False,1000.0,2026-03-01
13313,C1813,2026-01-28 17:55:00,49.0,Female,Alexandria,Electronics,Headphones,1,850,0,Wallet,Delivered,2026-02-02 17:55:00,4.0,850.0,0.0,850.0,False,False,850.0,2026-01-01
19512,C1294,2026-06-09 18:07:00,52.0,Female,Cairo,Electronics,Laptop,4,18000,0.1,Bank Transfer,Delivered,2026-06-10 18:07:00,3.0,64800.0,0.1,64800.0,False,False,64800.0,2026-06-01
16506,C0862,2026-05-18 15:01:00,63.0,Female,Mansoura,Electronics,Mouse,1,450,0.1,Cash,Delivered,2026-05-19 15:01:00,4.0,405.0,0.1,405.0,False,False,405.0,2026-05-01
17098,C0647,2026-04-09 11:05:00,36.0,Male,Cairo,Fashion,Bag,1,750,0,Wallet,Delivered,2026-04-12 11:05:00,3.0,750.0,0.0,750.0,False,False,750.0,2026-04-01
14693,C1198,2026-03-31 06:40:00,37.0,Female,Cairo,Fashion,Shoes,3,1500,0,Wallet,Delivered,2026-04-05 06:40:00,3.0,4500.0,0.0,4500.0,False,False,4500.0,2026-03-01
11207,C1629,2026-01-05 20:39:00,34.0,Female,Tanta,Fashion,Jeans,1,900,0.15,Cash,Delivered,2026-01-09 20:39:00,4.0,765.0,0.15,765.0,False,False,765.0,2026-01-01
14970,C1317,2026-02-06 02:44:00,25.0,Male,Giza,Electronics,Smart Watch,3,2200,0.15,Mastercard,Delivered,2026-02-12 02:44:00,5.0,5610.0,0.15,5610.0,False,False,5610.0,2026-02-01
18352,C1653,2026-03-15 12:18:00,48.0,Female,Cairo,Home,Chair,1,2500,0,Visa,Delivered,2026-03-16 12:18:00,5.0,2500.0,0.0,2500.0,False,False,2500.0,2026-03-01
12780,C1396,2026-05-30 20:17:00,49.0,Female,Alexandria,Fashion,Jacket,2,1200,0.05,Cash,Delivered,2026-06-04 20:17:00,5.0,2280.0,0.05,2280.0,False,False,2280.0,2026-05-01
15546,C1482,2026-06-28 10:28:00,33.0,Male,Tanta,Sports,Football,4,650,0,Wallet,Delivered,2026-07-04 10:28:00,5.0,2600.0,0.0,2600.0,False,False,2600.0,2026-06-01
19544,C1015,2026-03-08 16:26:00,35.0,Female,Tanta,Sports,Yoga Mat,4,600,0,Wallet,Delivered,2026-03-14 16:26:00,5.0,2400.0,0.0,2400.0,False,False,2400.0,2026-03-01
16828,C0382,2026-02-11 10:16:00,66.0,Female,Alexandria,Electronics,Laptop,3,18000,0.15,Cash,Delivered,2026-02-15 10:16:00,4.0,45900.0,0.15,45900.0,False,False,45900.0,2026-02-01
10343,C1142,2026-01-20 05:02:00,45.0,Male,Aswan,Home,Blender,2,1200,0.1,Visa,Delivered,2026-01-26 05:02:00,4.0,2160.0,0.1,2160.0,False,False,2160.0,2026-01-01
18960,C1061,2026-05-20 20:40:00,27.0,Male,Cairo,Home,Bedsheet,4,700,0,Wallet,Delivered,2026-05-22 20:40:00,4.0,2800.0,0.0,2800.0,False,False,2800.0,2026-05-01
15553,C0402,2026-05-25 11:42:00,41.0,Female,Cairo,Home,Bedsheet,1,700,0.05,Cash,Delivered,2026-05-29 11:42:00,4.0,665.0,0.05,665.0,False,False,665.0,2026-05-01
19892,C0388,2026-05-14 12:47:00,51.0,Female,Aswan,Beauty,Shampoo,3,250,0.1,Bank Transfer,Delivered,2026-05-20 12:47:00,2.0,675.0,0.1,675.0,False,False,675.0,2026-05-01
14369,C0343,2026-05-05 23:06:00,37.0,Female,Alexandria,Home,Bedsheet,2,700,0.1,Mastercard,Delivered,2026-05-09 23:06:00,5.0,1260.0,0.1,1260.0,False,False,1260.0,2026-05-01
13889,C0428,2026-04-23 08:12:00,25.0,Female,Alexandria,Sports,Yoga Mat,2,600,0.05,Bank Transfer,Delivered,2026-04-25 08:12:00,5.0,1140.0,0.05,1140.0,False,False,1140.0,2026-04-01
10297,C0375,2026-04-24 15:54:00,36.0,Female,Cairo,Beauty,Perfume,2,1100,0,Wallet,Delivered,2026-04-27 15:54:00,4.0,2200.0,0.0,2200.0,False,False,2200.0,2026-04-01
10435,C1646,2026-04-23 17:11:00,42.0,Female,Mansoura,Home,Chair,3,2500,0,Visa,Delivered,2026-04-27 17:11:00,5.0,7500.0,0.0,7500.0,False,False,7500.0,2026-04-01
13421,C0146,2026-01-02 13:43:00,37.0,Male,Mansoura,Fashion,T-Shirt,4,500,0,Bank Transfer,Delivered,2026-01-04 13:43:00,5.0,2000.0,0.0,2000.0,False,False,2000.0,2026-01-01
18180,C0371,2026-03-23 20:45:00,31.0,Female,Cairo,Beauty,Makeup Kit,1,900,0.05,Mastercard,Delivered,2026-03-26 20:45:00,3.0,855.0,0.05,855.0,False,False,855.0,2026-03-01
19786,C1152,2026-02-10 22:40:00,67.0,Female,Giza,Beauty,Makeup Kit,1,900,0,Bank Transfer,Delivered,2026-02-12 22:40:00,2.0,900.0,0.0,900.0,False,False,900.0,2026-02-01
12230,C1938,2026-04-05 06:04:00,61.0,Female,Aswan,Electronics,Smart Watch,3,2200,0,Mastercard,Delivered,2026-04-07 06:04:00,5.0,6600.0,0.0,6600.0,False,False,6600.0,2026-04-01
14414,C0760,2026-06-29 01:02:00,46.0,Male,Cairo,Electronics,Smart Watch,1,2200,0.05,Mastercard,Delivered,2026-07-01 01:02:00,4.0,2090.0,0.05,2090.0,False,False,2090.0,2026-06-01
14019,C0066,2026-05-20 22:06:00,19.0,Male,Cairo,Electronics,Laptop,4,18000,5%,Cash,Delivered,2026-05-23 22:06:00,3.0,68400.0,0.05,68400.0,False,False,68400.0,2026-05-01
19584,C0634,2026-05-13 08:35:00,37.0,Female,Aswan,Electronics,Mouse,4,450,0,Cash,Delivered,2026-05-18 08:35:00,5.0,1800.0,0.0,1800.0,False,False,1800.0,2026-05-01
16725,C1737,2026-02-23 09:37:00,36.0,Male,Giza,Fashion,T-Shirt,1,500,0.05,Visa,Delivered,2026-02-25 09:37:00,2.0,475.0,0.05,475.0,False,False,475.0,2026-02-01
10538,C0657,2026-01-07 12:55:00,19.0,Male,Cairo,Sports,Dumbbells,1,1400,0,Cash,Delivered,2026-01-11 12:55:00,3.0,1400.0,0.0,1400.0,False,False,1400.0,2026-01-01
17735,C0926,2026-03-20 03:57:00,60.0,Female,Alexandria,Beauty,Hair Dryer,1,1300,10%,Mastercard,Delivered,2026-03-25 03:57:00,5.0,1170.0,0.1,1170.0,False,False,1170.0,2026-03-01
18307,C0334,2026-05-21 11:18:00,29.0,Male,Alexandria,Fashion,Jeans,4,900,0,Bank Transfer,Delivered,2026-05-26 11:18:00,4.0,3600.0,0.0,3600.0,False,False,3600.0,2026-05-01
13482,C0208,2026-06-26 02:44:00,26.0,Male,Mansoura,Beauty,Perfume,1,1100,0,Cash,Delivered,2026-06-29 02:44:00,5.0,1100.0,0.0,1100.0,False,False,1100.0,2026-06-01
11959,C0196,2026-05-15 00:01:00,65.0,Male,Giza,Sports,Tennis Racket,3,1600,0.05,Wallet,Delivered,2026-05-19 00:01:00,4.0,4560.0,0.05,4560.0,False,False,4560.0,2026-05-01
16408,C0904,2026-02-01 18:50:00,43.0,Female,Mansoura,Home,Blender,1,1200,15%,Wallet,Delivered,2026-02-05 18:50:00,5.0,1020.0,0.15,1020.0,False,False,1020.0,2026-02-01
11039,C1707,2026-03-10 16:42:00,25.0,Male,Mansoura,Home,Blender,1,1200,0,Cash,Delivered,2026-03-12 16:42:00,3.0,1200.0,0.0,1200.0,False,False,1200.0,2026-03-01
19673,C1723,2026-03-10 03:44:00,37.0,Female,Cairo,Fashion,T-Shirt,3,500,0%,Visa,Delivered,2026-03-15 03:44:00,4.0,1500.0,0.0,1500.0,False,False,1500.0,2026-03-01
17594,C0621,2026-01-12 22:04:00,36.0,Male,Alexandria,Home,Coffee Maker,1,1800,0,Wallet,Delivered,2026-01-15 22:04:00,4.0,1800.0,0.0,1800.0,False,False,1800.0,2026-01-01
17068,C1206,2026-04-03 10:25:00,44.0,Male,Mansoura,Electronics,Keyboard,2,900,0.05,Bank Transfer,Delivered,2026-04-05 10:25:00,3.0,1710.0,0.05,1710.0,False,False,1710.0,2026-04-01
19325,C0902,2026-06-09 01:58:00,33.0,Female,Giza,Electronics,Smart Watch,2,2200,0.1,Bank Transfer,Delivered,2026-06-16 01:58:00,3.0,3960.0,0.1,3960.0,False,False,3960.0,2026-06-01
14365,C1576,2026-04-14 11:32:00,46.0,Female,Cairo,Fashion,Bag,1,750,0,Bank Transfer,Delivered,2026-04-15 11:32:00,4.0,750.0,0.0,750.0,False,False,750.0,2026-04-01
13135,C0228,2026-04-16 02:57:00,48.0,Female,Cairo,Electronics,Laptop,2,18000,15%,Visa,Delivered,2026-04-20 02:57:00,4.0,30600.0,0.15,30600.0,False,False,30600.0,2026-04-01
19676,C0255,2026-02-06 11:46:00,56.0,Female,Cairo,Beauty,Shampoo,1,250,0,Visa,Delivered,2026-02-10 11:46:00,5.0,250.0,0.0,250.0,False,False,250.0,2026-02-01
12536,C0928,2026-03-19 00:00:00,36.0,Female,Tanta,Sports,Yoga Mat,3,600,0.15,Wallet,Delivered,2026-03-20 18:23:00,3.0,1530.0,0.15,1530.0,False,False,1530.0,2026-03-01
13337,C1413,2026-06-06 03:11:00,39.0,Female,Alexandria,Electronics,Mouse,3,450,0,Cash,Delivered,2026-06-10 03:11:00,4.0,1350.0,0.0,1350.0,False,False,1350.0,2026-06-01
12874,C1311,2026-01-24 18:36:00,18.0,Female,Cairo,Fashion,Bag,1,750,0.05,Bank Transfer,Delivered,2026-01-27 18:36:00,3.0,712.5,0.05,712.5,False,False,712.5,2026-01-01
10082,C0640,2026-06-20 00:00:00,68.0,Male,Cairo,Fashion,Shoes,2,1500,0.05,Visa,Delivered,2026-06-24 11:58:00,4.0,2850.0,0.05,2850.0,False,False,2850.0,2026-06-01
11898,C0059,2026-06-10 06:13:00,45.0,Male,Aswan,Beauty,Hair Dryer,1,1300,0.15,Bank Transfer,Delivered,2026-06-06 06:13:00,4.0,1105.0,0.15,1105.0,False,False,1105.0,2026-06-01
11567,C0300,2026-06-01 22:40:00,20.0,Male,Cairo,Electronics,Headphones,1,850,0.05,Bank Transfer,Delivered,2026-06-05 22:40:00,3.0,807.5,0.05,807.5,False,False,807.5,2026-06-01
19040,C0961,2026-03-27 05:48:00,49.0,Male,Cairo,Fashion,Shoes,2,1500,0.2,Bank Transfer,Delivered,2026-03-31 05:48:00,4.0,2400.0,0.2,2400.0,False,False,2400.0,2026-03-01
18574,C0766,2026-04-06 19:37:00,51.0,Male,Giza,Electronics,Smart Watch,3,2200,0,Cash,Delivered,2026-04-10 19:37:00,4.0,6600.0,0.0,6600.0,False,False,6600.0,2026-04-01
17528,C1394,2026-04-14 06:07:00,44.0,Female,Cairo,Fashion,Jacket,3,1200,0,Bank Transfer,Delivered,2026-04-20 06:07:00,5.0,3600.0,0.0,3600.0,False,False,3600.0,2026-04-01
13469,C1315,2026-03-25 11:56:00,45.0,Male,Tanta,Fashion,Jeans,3,900,0,Cash,Delivered,2026-03-29 11:56:00,4.0,2700.0,0.0,2700.0,False,False,2700.0,2026-03-01
19364,C1749,2026-02-08 10:27:00,18.0,Female,Aswan,Home,Blender,1,1200,0.05,Bank Transfer,Delivered,2026-02-12 10:27:00,5.0,1140.0,0.05,1140.0,False,False,1140.0,2026-02-01
11970,C0563,2026-06-19 07:49:00,18.0,Female,Cairo,Home,Lamp,1,300,0.1,Bank Transfer,Delivered,2026-06-22 07:49:00,4.0,270.0,0.1,270.0,False,False,270.0,2026-06-01
15681,C0323,2026-01-14 00:00:00,26.0,Male,Alexandria,Sports,Running Shoes,4,1800,0.1,Cash,Delivered,2026-01-17 01:44:00,4.0,6480.0,0.1,6480.0,False,False,6480.0,2026-01-01
19576,C1731,2026-04-10 06:27:00,68.0,Female,Giza,Electronics,Keyboard,3,900,0.1,Cash,Delivered,2026-04-15 06:27:00,1.0,2430.0,0.1,2430.0,False,False,2430.0,2026-04-01
14190,C1848,2026-01-31 09:32:00,36.0,Female,Cairo,Beauty,Face Cream,2,450,0.05,Wallet,Delivered,2026-02-04 09:32:00,4.0,855.0,0.05,855.0,False,False,855.0,2026-01-01
11618,C0689,2026-01-22 02:16:00,29.0,Male,Cairo,Beauty,Hair Dryer,1,1300,0.1,Mastercard,Delivered,2026-01-27 02:16:00,5.0,1170.0,0.1,1170.0,False,False,1170.0,2026-01-01
16922,C1767,2026-03-17 00:51:00,54.0,Female,Cairo,Beauty,Makeup Kit,3,900,0.15,Mastercard,Delivered,2026-03-21 00:51:00,4.0,2295.0,0.15,2295.0,False,False,2295.0,2026-03-01
19680,C1481,2026-02-13 13:58:00,45.0,Female,Giza,Electronics,Keyboard,1,900,0.2,Visa,Delivered,2026-02-14 13:58:00,5.0,720.0,0.2,720.0,False,False,720.0,2026-02-01
14698,C0824,2026-01-21 01:45:00,42.0,Male,Cairo,Beauty,Makeup Kit,1,900,0.15,Mastercard,Delivered,2026-01-24 01:45:00,4.0,765.0,0.15,765.0,False,False,765.0,2026-01-01
19333,C1216,2026-04-09 15:52:00,49.0,Male,Mansoura,Electronics,Keyboard,2,900,0.1,Visa,Delivered,2026-04-12 15:52:00,5.0,1620.0,0.1,1620.0,False,False,1620.0,2026-04-01
15941,C0862,2026-04-04 14:26:00,26.0,Female,Giza,Home,Bedsheet,1,700,0.1,Bank Transfer,Delivered,2026-04-07 14:26:00,4.0,630.0,0.1,630.0,False,False,630.0,2026-04-01
15495,C1073,2026-04-08 04:39:00,51.0,Male,Tanta,Electronics,Laptop,2,18000,0.05,Bank Transfer,Delivered,2026-04-12 04:39:00,4.0,34200.0,0.05,34200.0,False,False,34200.0,2026-04-01
16901,C1320,2026-02-11 00:17:00,33.0,Male,Cairo,Fashion,Bag,2,750,0,Mastercard,Delivered,2026-02-14 00:17:00,5.0,1500.0,0.0,1500.0,False,False,1500.0,2026-02-01
11175,C1284,2026-05-15 00:00:00,26.0,Female,Aswan,Beauty,Hair Dryer,2,1300,0.05,Mastercard,Delivered,2026-05-19 13:58:00,2.0,2470.0,0.05,2470.0,False,False,2470.0,2026-05-01
10793,C1526,2026-05-18 11:20:00,59.0,Male,Cairo,Beauty,Hair Dryer,1,1300,0.05,Wallet,Delivered,2026-05-20 11:20:00,1.0,1235.0,0.05,1235.0,False,False,1235.0,2026-05-01
14378,C0497,2026-03-12 19:10:00,30.0,Female,Cairo,Beauty,Face Cream,2,450,0,Visa,Delivered,2026-03-17 19:10:00,1.0,900.0,0.0,900.0,False,False,900.0,2026-03-01
17142,C1696,2026-04-04 11:34:00,27.0,Male,Cairo,Fashion,Jeans,1,900,0,Visa,Delivered,2026-04-09 11:34:00,4.0,900.0,0.0,900.0,False,False,900.0,2026-04-01
12420,C2000,2026-04-12 22:58:00,25.0,Female,Mansoura,Beauty,Perfume,4,1100,0,Cash,Delivered,2026-04-17 22:58:00,3.0,4400.0,0.0,4400.0,False,False,4400.0,2026-04-01
11954,C1438,2026-03-23 13:55:00,36.0,Male,Cairo,Fashion,Jacket,2,1200,0.05,Visa,Delivered,2026-03-26 13:55:00,2.0,2280.0,0.05,2280.0,False,False,2280.0,2026-03-01
18691,C0645,2026-06-15 20:43:00,18.0,Female,Cairo,Home,Lamp,2,300,0.1,Cash,Delivered,2026-06-19 20:43:00,4.0,540.0,0.1,540.0,False,False,540.0,2026-06-01
14879,C1654,2026-05-03 08:01:00,35.0,Female,Cairo,Fashion,Bag,1,750,0.15,Bank Transfer,Delivered,2026-05-05 08:01:00,5.0,637.5,0.15,637.5,False,False,637.5,2026-05-01
17304,C1446,2026-01-30 13:44:00,67.0,Female,Mansoura,Beauty,Face Cream,1,450,0,Wallet,Delivered,2026-02-03 13:44:00,5.0,450.0,0.0,450.0,False,False,450.0,2026-01-01
17092,C1509,2026-03-30 23:41:00,55.0,Female,Mansoura,Beauty,Makeup Kit,4,900,0.2,Wallet,Delivered,2026-04-05 23:41:00,4.0,2880.0,0.2,2880.0,False,False,2880.0,2026-03-01
18634,C1406,2026-05-30 10:24:00,68.0,Male,Giza,Home,Chair,1,2500,0.05,Wallet,Delivered,2026-06-02 10:24:00,5.0,2375.0,0.05,2375.0,False,False,2375.0,2026-05-01
18201,C1808,2026-03-20 03:17:00,57.0,Female,Mansoura,Fashion,T-Shirt,2,500,0,Visa,Delivered,2026-03-26 03:17:00,5.0,1000.0,0.0,1000.0,False,False,1000.0,2026-03-01
15697,C0154,2026-03-30 00:28:00,41.0,Female,Mansoura,Sports,Tennis Racket,1,1600,0,Bank Transfer,Delivered,2026-04-03 00:28:00,4.0,1600.0,0.0,1600.0,False,False,1600.0,2026-03-01
18886,C0595,2026-03-08 07:25:00,63.0,Male,Alexandria,Beauty,Makeup Kit,4,900,0.05,Bank Transfer,Delivered,2026-03-10 07:25:00,5.0,3420.0,0.05,3420.0,False,False,3420.0,2026-03-01
19738,C1567,2026-03-26 12:24:00,68.0,Male,Giza,Home,Lamp,1,300,0.15,Cash,Delivered,2026-03-27 12:24:00,5.0,255.0,0.15,255.0,False,False,255.0,2026-03-01
11018,C1429,2026-01-01 21:27:00,65.0,Male,Aswan,Sports,Yoga Mat,1,600,0.1,Visa,Delivered,2026-01-03 21:27:00,4.0,540.0,0.1,540.0,False,False,540.0,2026-01-01
17527,C0060,2026-05-22 21:00:00,18.0,Female,Giza,Home,Bedsheet,1,700,0,Bank Transfer,Delivered,2026-05-25 21:00:00,3.0,700.0,0.0,700.0,False,False,700.0,2026-05-01
16017,C1909,2026-03-28 13:38:00,43.0,Male,Cairo,Home,Bedsheet,1,700,0,Wallet,Delivered,2026-04-02 13:38:00,4.0,700.0,0.0,700.0,False,False,700.0,2026-03-01
14229,C1119,2026-01-31 11:15:00,50.0,Female,Cairo,Fashion,Bag,1,750,0.05,Cash,Delivered,2026-02-03 11:15:00,5.0,712.5,0.05,712.5,False,False,712.5,2026-01-01
16278,C0954,2026-01-10 05:31:00,51.0,Male,Mansoura,Beauty,Hair Dryer,1,1300,0.1,Visa,Delivered,2026-01-13 05:31:00,4.0,1170.0,0.1,1170.0,False,False,1170.0,2026-01-01
15364,C0658,2026-03-05 14:24:00,28.0,Male,Cairo,Fashion,T-Shirt,2,500,0.2,Cash,Delivered,2026-03-08 14:24:00,5.0,800.0,0.2,800.0,False,False,800.0,2026-03-01
15317,C1036,2026-02-23 07:36:00,33.0,Female,Alexandria,Electronics,Headphones,1,850,0,Bank Transfer,Delivered,2026-02-26 07:36:00,5.0,850.0,0.0,850.0,False,False,850.0,2026-02-01
12128,C1504,2026-03-18 01:18:00,31.0,Female,Cairo,Fashion,Bag,1,750,0,Visa,Delivered,2026-03-20 01:18:00,5.0,750.0,0.0,750.0,False,False,750.0,2026-03-01
13969,C0066,2026-03-08 13:46:00,37.0,Female,Cairo,Electronics,Smart Watch,1,2200,0,Visa,Delivered,2026-03-13 13:46:00,3.0,2200.0,0.0,2200.0,False,False,2200.0,2026-03-01
13152,C1781,2026-01-31 13:33:00,58.0,Male,Cairo,Electronics,Smart Watch,4,2200,0,Bank Transfer,Delivered,2026-02-06 13:33:00,4.0,8800.0,0.0,8800.0,False,False,8800.0,2026-01-01
14869,C0438,2026-03-07 00:00:00,67.0,Female,Alexandria,Electronics,Smart Watch,2,2200,0.2,Bank Transfer,Delivered,2026-03-11 19:11:00,5.0,3520.0,0.2,3520.0,False,False,3520.0,2026-03-01
15779,C0767,2026-06-06 20:11:00,43.0,Female,Giza,Home,Chair,4,2500,0.15,Bank Transfer,Delivered,2026-06-11 20:11:00,1.0,8500.0,0.15,8500.0,False,False,8500.0,2026-06-01
19796,C0899,2026-06-02 06:50:00,34.0,Male,Alexandria,Home,Lamp,1,300,0,Visa,Delivered,2026-06-04 06:50:00,4.0,300.0,0.0,300.0,False,False,300.0,2026-06-01
12612,C1653,2026-02-17 04:26:00,29.0,Female,Giza,Beauty,Makeup Kit,1,900,0,Bank Transfer,Delivered,2026-02-21 04:26:00,3.0,900.0,0.0,900.0,False,False,900.0,2026-02-01
13278,C0909,2026-02-08 01:34:00,69.0,Male,Aswan,Sports,Football,2,650,0.15,Visa,Delivered,2026-02-12 01:34:00,5.0,1105.0,0.15,1105.0,False,False,1105.0,2026-02-01
13753,C1768,2026-03-05 14:07:00,51.0,Female,Cairo,Home,Blender,1,1200,0,Bank Transfer,Delivered,2026-03-10 14:07:00,4.0,1200.0,0.0,1200.0,False,False,1200.0,2026-03-01
19403,C0757,2026-02-15 05:12:00,46.0,Female,Cairo,Home,Chair,1,2500,0.15,Mastercard,Delivered,2026-02-16 05:12:00,4.0,2125.0,0.15,2125.0,False,False,2125.0,2026-02-01
15165,C0304,2026-02-28 11:46:00,32.0,Female,Cairo,Home,Chair,1,2500,0.15,Mastercard,Delivered,2026-03-03 11:46:00,5.0,2125.0,0.15,2125.0,False,False,2125.0,2026-02-01
18256,C0509,2026-01-13 12:05:00,42.0,Female,Giza,Sports,Tennis Racket,4,1600,0,Cash,Delivered,2026-01-18 12:05:00,4.0,6400.0,0.0,6400.0,False,False,6400.0,2026-01-01
10776,C1682,2026-05-15 12:35:00,58.0,Male,Alexandria,Fashion,Shoes,4,1500,0.15,Cash,Delivered,2026-05-18 12:35:00,4.0,5100.0,0.15,5100.0,False,False,5100.0,2026-05-01
19693,C0806,2026-03-19 21:44:00,26.0,Female,Tanta,Sports,Tennis Racket,1,1600,0.15,Bank Transfer,Delivered,2026-03-25 21:44:00,5.0,1360.0,0.15,1360.0,False,False,1360.0,2026-03-01
17970,C0326,2026-04-06 17:03:00,61.0,Male,Alexandria,Beauty,Makeup Kit,1,900,0.1,Visa,Delivered,2026-04-09 17:03:00,3.0,810.0,0.1,810.0,False,False,810.0,2026-04-01
15605,C1904,2026-03-31 06:08:00,44.0,Male,Giza,Electronics,Headphones,3,850,0.1,Cash,Delivered,2026-04-01 06:08:00,3.0,2295.0,0.1,2295.0,False,False,2295.0,2026-03-01
15242,C0422,2026-02-18 10:58:00,36.0,Female,Cairo,Electronics,Keyboard,1,900,0.1,Wallet,Delivered,2026-02-22 10:58:00,4.0,810.0,0.1,810.0,False,False,810.0,2026-02-01
16472,C1392,2026-01-04 02:43:00,34.0,Male,Alexandria,Electronics,Mouse,1,450,0.15,Bank Transfer,Delivered,2026-01-09 02:43:00,5.0,382.5,0.15,382.5,False,False,382.5,2026-01-01
15798,C1190,2026-01-15 14:29:00,49.0,Male,Giza,Electronics,Mouse,1,450,0.05,Wallet,Delivered,2026-01-20 14:29:00,4.0,427.5,0.05,427.5,False,False,427.5,2026-01-01
14887,C0124,2026-05-13 16:25:00,51.0,Female,Alexandria,Fashion,Jeans,2,900,0.05,Wallet,Delivered,2026-05-16 16:25:00,4.0,1710.0,0.05,1710.0,False,False,1710.0,2026-05-01
18995,C0014,2026-04-06 20:04:00,64.0,Male,Aswan,Sports,Tennis Racket,2,1600,0.15,Wallet,Delivered,2026-04-10 20:04:00,5.0,2720.0,0.15,2720.0,False,False,2720.0,2026-04-01
19071,C0215,2026-05-18 22:16:00,67.0,Male,Aswan,Sports,Dumbbells,4,1400,0.05,Visa,Delivered,2026-05-20 22:16:00,5.0,5320.0,0.05,5320.0,False,False,5320.0,2026-05-01
12579,C0971,2026-02-26 02:28:00,31.0,Female,Giza,Fashion,Bag,4,750,0,Visa,Delivered,2026-02-28 02:28:00,4.0,3000.0,0.0,3000.0,False,False,3000.0,2026-02-01
10672,C0735,2026-01-23 15:44:00,60.0,Female,Giza,Home,Blender,3,1200,0,Mastercard,Delivered,2026-01-27 15:44:00,5.0,3600.0,0.0,3600.0,False,False,3600.0,2026-01-01
13839,C1121,2026-02-25 00:00:00,66.0,Female,Alexandria,Home,Chair,2,2500,0,Bank Transfer,Delivered,2026-03-01 00:39:00,3.0,5000.0,0.0,5000.0,False,False,5000.0,2026-02-01
18041,C1004,2026-03-05 22:27:00,56.0,Male,Cairo,Sports,Running Shoes,2,1800,0,Visa,Delivered,2026-03-09 22:27:00,5.0,3600.0,0.0,3600.0,False,False,3600.0,2026-03-01
16157,C1919,2026-03-26 17:44:00,63.0,Female,Alexandria,Electronics,Headphones,1,850,0.05,Mastercard,Delivered,2026-03-28 17:44:00,3.0,807.5,0.05,807.5,False,False,807.5,2026-03-01
10422,C0422,2026-05-03 00:00:00,59.0,Female,Alexandria,Beauty,Shampoo,1,250,0,Mastercard,Delivered,2026-03-08 22:24:00,3.0,250.0,0.0,250.0,False,False,250.0,2026-05-01
18720,C1035,2026-01-25 10:18:00,18.0,Male,Alexandria,Sports,Yoga Mat,3,600,0.15,Mastercard,Delivered,2026-01-27 10:18:00,4.0,1530.0,0.15,1530.0,False,False,1530.0,2026-01-01
17741,C0421,2026-06-19 12:41:00,57.0,Male,Mansoura,Beauty,Makeup Kit,1,900,0.05,Mastercard,Delivered,2026-06-22 12:41:00,4.0,855.0,0.05,855.0,False,False,855.0,2026-06-01
12521,C1635,2026-05-10 08:36:00,70.0,Female,Mansoura,Home,Lamp,1,300,0.15,Wallet,Delivered,2026-05-13 08:36:00,4.0,255.0,0.15,255.0,False,False,255.0,2026-05-01
17365,C0622,2026-01-14 16:13:00,57.0,Female,Alexandria,Beauty,Hair Dryer,1,1300,0.1,Cash,Delivered,2026-01-17 16:13:00,4.0,1170.0,0.1,1170.0,False,False,1170.0,2026-01-01
12441,C1241,2026-02-10 17:43:00,26.0,Female,Alexandria,Beauty,Shampoo,3,250,0.15,Mastercard,Delivered,2026-02-11 17:43:00,5.0,637.5,0.15,637.5,False,False,637.5,2026-02-01
11403,C1713,2026-03-31 03:42:00,52.0,Female,Cairo,Electronics,Headphones,2,850,0.1,Bank Transfer,Delivered,2026-04-03 03:42:00,5.0,1530.0,0.1,1530.0,False,False,1530.0,2026-03-01
10641,C0204,2026-02-09 18:02:00,35.0,Female,Alexandria,Beauty,Makeup Kit,4,900,0,Mastercard,Delivered,2026-02-14 18:02:00,3.0,3600.0,0.0,3600.0,False,False,3600.0,2026-02-01
15724,C0147,2026-02-01 22:44:00,49.0,Male,Mansoura,Home,Chair,4,2500,0.1,Bank Transfer,Delivered,2026-02-04 22:44:00,4.0,9000.0,0.1,9000.0,False,False,9000.0,2026-02-01
14433,C1953,2026-05-14 05:54:00,61.0,Male,Giza,Fashion,Jeans,4,900,0.05,Bank Transfer,Delivered,2026-05-17 05:54:00,5.0,3420.0,0.05,3420.0,False,False,3420.0,2026-05-01
11096,C0420,2026-03-24 08:06:00,47.0,Female,Mansoura,Home,Coffee Maker,1,1800,0,Visa,Delivered,2026-03-27 08:06:00,4.0,1800.0,0.0,1800.0,False,False,1800.0,2026-03-01
17811,C1852,2026-06-20 04:10:00,63.0,Female,Mansoura,Fashion,Jacket,4,1200,0.1,Visa,Delivered,2026-06-26 04:10:00,4.0,4320.0,0.1,4320.0,False,False,4320.0,2026-06-01
11074,C1733,2026-05-28 15:06:00,24.0,Male,Alexandria,Home,Bedsheet,3,700,0.1,Bank Transfer,Delivered,2026-06-01 15:06:00,5.0,1890.0,0.1,1890.0,False,False,1890.0,2026-05-01
14066,C1191,2026-04-20 23:42:00,44.0,Female,Cairo,Electronics,Keyboard,2,900,0.15,Wallet,Delivered,2026-04-23 23:42:00,1.0,1530.0,0.15,1530.0,False,False,1530.0,2026-04-01
19055,C1665,2026-01-12 00:58:00,32.0,Male,Mansoura,Home,Bedsheet,1,700,0.1,Cash,Delivered,2026-01-14 00:58:00,4.0,630.0,0.1,630.0,False,False,630.0,2026-01-01
13001,C0272,2026-06-28 18:31:00,62.0,Male,Aswan,Sports,Running Shoes,4,1800,0.15,Wallet,Delivered,2026-07-01 18:31:00,5.0,6120.0,0.15,6120.0,False,False,6120.0,2026-06-01
14646,C1009,2026-01-05 21:30:00,26.0,Male,Cairo,Beauty,Makeup Kit,3,900,0.15,Wallet,Delivered,2026-01-09 21:30:00,4.0,2295.0,0.15,2295.0,False,False,2295.0,2026-01-01
14979,C1763,2026-01-24 03:48:00,31.0,Male,Alexandria,Beauty,Perfume,3,1100,0.05,Visa,Delivered,2026-01-27 03:48:00,5.0,3135.0,0.05,3135.0,False,False,3135.0,2026-01-01
14412,C1860,2026-04-10 00:43:00,56.0,Female,Alexandria,Sports,Dumbbells,1,1400,15%,Mastercard,Delivered,2026-04-11 00:43:00,3.0,1190.0,0.15,1190.0,False,False,1190.0,2026-04-01
11494,C0471,2026-06-13 00:00:00,28.0,Male,Cairo,Beauty,Face Cream,1,450,0.05,Mastercard,Delivered,2026-06-18 16:05:00,5.0,427.5,0.05,427.5,False,False,427.5,2026-06-01
14994,C0285,2026-03-10 07:52:00,28.0,Male,Mansoura,Electronics,Smart Watch,1,2200,0.05,Mastercard,Delivered,2026-03-14 07:52:00,4.0,2090.0,0.05,2090.0,False,False,2090.0,2026-03-01
19156,C0479,2026-05-11 23:47:00,65.0,Female,Giza,Sports,Tennis Racket,1,1600,0,Mastercard,Delivered,2026-05-17 23:47:00,2.0,1600.0,0.0,1600.0,False,False,1600.0,2026-05-01
16594,C1687,2026-03-15 19:24:00,53.0,Male,Tanta,Beauty,Shampoo,2,250,0.15,Mastercard,Delivered,2026-03-21 19:24:00,2.0,425.0,0.15,425.0,False,False,425.0,2026-03-01
18616,C1553,2026-06-08 11:35:00,48.0,Female,Tanta,Fashion,T-Shirt,1,500,0.15,Visa,Delivered,2026-06-09 11:35:00,5.0,425.0,0.15,425.0,False,False,425.0,2026-06-01
15607,C0973,2026-05-23 16:22:00,60.0,Male,Giza,Beauty,Face Cream,3,450,0.1,Mastercard,Delivered,2026-05-20 16:22:00,5.0,1215.0,0.1,1215.0,False,False,1215.0,2026-05-01
13314,C0374,2026-06-01 00:00:00,68.0,Male,Cairo,Fashion,Bag,2,750,0,Wallet,Delivered,2026-01-11 09:59:00,3.0,1500.0,0.0,1500.0,False,False,1500.0,2026-06-01
12509,C1592,2026-05-13 02:52:00,54.0,Male,Cairo,Fashion,Jacket,1,1200,0.1,Mastercard,Delivered,2026-05-17 02:52:00,5.0,1080.0,0.1,1080.0,False,False,1080.0,2026-05-01
14126,C1486,2026-04-20 14:24:00,39.0,Female,Cairo,Fashion,Jacket,1,1200,0.1,Visa,Delivered,2026-04-26 14:24:00,4.0,1080.0,0.1,1080.0,False,False,1080.0,2026-04-01
19772,C0438,2026-06-24 04:30:00,33.0,Male,Cairo,Fashion,Jeans,3,900,0,Cash,Delivered,2026-06-29 04:30:00,5.0,2700.0,0.0,2700.0,False,False,2700.0,2026-06-01
18004,C0175,2026-01-11 22:35:00,57.0,Female,Giza,Sports,Football,2,650,0.1,Cash,Delivered,2026-01-14 22:35:00,2.0,1170.0,0.1,1170.0,False,False,1170.0,2026-01-01
18868,C0950,2026-06-21 20:27:00,39.0,Female,Tanta,Electronics,Smart Watch,4,2200,0,Mastercard,Delivered,2026-06-24 20:27:00,4.0,8800.0,0.0,8800.0,False,False,8800.0,2026-06-01
11973,C1401,2026-02-08 11:39:00,70.0,Female,Cairo,Sports,Running Shoes,1,1800,0,Mastercard,Delivered,2026-02-13 11:39:00,5.0,1800.0,0.0,1800.0,False,False,1800.0,2026-02-01
18000,C0348,2026-01-10 09:54:00,62.0,Male,Mansoura,Electronics,Laptop,1,18000,0.05,Cash,Delivered,2026-01-12 09:54:00,4.0,17100.0,0.05,17100.0,False,False,17100.0,2026-01-01
17427,C1199,2026-02-21 23:05:00,23.0,Male,Alexandria,Electronics,Keyboard,3,900,0.05,Wallet,Delivered,2026-02-26 23:05:00,4.0,2565.0,0.05,2565.0,False,False,2565.0,2026-02-01
19076,C1655,2026-04-11 10:46:00,36.0,Female,Cairo,Beauty,Shampoo,1,250,0,Bank Transfer,Delivered,2026-04-15 10:46:00,2.0,250.0,0.0,250.0,False,False,250.0,2026-04-01
17087,C1190,2026-05-22 15:53:00,54.0,Male,Cairo,Beauty,Face Cream,2,450,0,Wallet,Delivered,2026-05-24 15:53:00,5.0,900.0,0.0,900.0,False,False,900.0,2026-05-01
15824,C1075,2026-04-08 04:02:00,62.0,Female,Cairo,Beauty,Face Cream,1,450,0.05,Wallet,Delivered,2026-04-09 04:02:00,4.0,427.5,0.05,427.5,False,False,427.5,2026-04-01
17643,C1269,2026-06-28 20:40:00,18.0,Female,Giza,Beauty,Hair Dryer,1,1300,0%,Cash,Delivered,2026-07-02 20:40:00,4.0,1300.0,0.0,1300.0,False,False,1300.0,2026-06-01
10081,C1161,2026-06-29 20:25:00,58.0,Female,Giza,Sports,Tennis Racket,1,1600,0.15,Mastercard,Delivered,2026-07-02 20:25:00,5.0,1360.0,0.15,1360.0,False,False,1360.0,2026-06-01
14815,C1397,2026-02-18 03:21:00,35.0,Male,Cairo,Beauty,Perfume,1,1100,0,Cash,Delivered,2026-02-20 03:21:00,4.0,1100.0,0.0,1100.0,False,False,1100.0,2026-02-01
13727,C1045,2026-06-14 11:50:00,51.0,Female,Giza,Home,Lamp,1,300,10%,Bank Transfer,Delivered,2026-06-16 11:50:00,5.0,270.0,0.1,270.0,False,False,270.0,2026-06-01
12508,C0874,2026-03-13 19:09:00,49.0,Male,Alexandria,Beauty,Hair Dryer,4,1300,0.05,Visa,Delivered,2026-03-15 19:09:00,4.0,4940.0,0.05,4940.0,False,False,4940.0,2026-03-01
11304,C1089,2026-01-25 15:51:00,32.0,Male,Cairo,Electronics,Keyboard,2,900,0.05,Bank Transfer,Delivered,2026-01-29 15:51:00,5.0,1710.0,0.05,1710.0,False,False,1710.0,2026-01-01
15379,C0050,2026-05-10 05:10:00,43.0,Male,Mansoura,Home,Coffee Maker,1,1800,0.1,Cash,Delivered,2026-05-12 05:10:00,2.0,1620.0,0.1,1620.0,False,False,1620.0,2026-05-01
12060,C1523,2026-02-12 11:34:00,19.0,Female,Tanta,Electronics,Laptop,4,18000,0.1,Visa,Delivered,2026-02-14 11:34:00,5.0,64800.0,0.1,64800.0,False,False,64800.0,2026-02-01
13342,C0967,2026-06-21 13:12:00,36.0,Male,Cairo,Beauty,Perfume,1,1100,0.1,Cash,Delivered,2026-06-28 13:12:00,1.0,990.0,0.1,990.0,False,False,990.0,2026-06-01
12632,C1434,2026-02-18 04:39:00,59.0,Male,Giza,Electronics,Laptop,1,18000,0,Bank Transfer,Delivered,2026-02-22 04:39:00,4.0,18000.0,0.0,18000.0,False,False,18000.0,2026-02-01
15019,C1358,2026-02-11 18:47:00,56.0,Female,Alexandria,Home,Bedsheet,3,700,0.1,Cash,Delivered,2026-02-18 18:47:00,4.0,1890.0,0.1,1890.0,False,False,1890.0,2026-02-01
13232,C0266,2026-06-04 23:21:00,42.0,Female,Cairo,Beauty,Perfume,1,1100,0,Visa,Delivered,2026-06-06 23:21:00,5.0,1100.0,0.0,1100.0,False,False,1100.0,2026-06-01
12734,C1065,2026-01-15 22:40:00,23.0,Female,Alexandria,Home,Chair,2,2500,0.05,Wallet,Delivered,2026-01-17 22:40:00,5.0,4750.0,0.05,4750.0,False,False,4750.0,2026-01-01
13057,C1919,2026-04-15 00:00:00,44.0,Male,Mansoura,Sports,Football,4,650,0.15,Cash,Delivered,2026-04-18 14:11:00,3.0,2210.0,0.15,2210.0,False,False,2210.0,2026-04-01
19629,C0359,2026-06-15 01:51:00,20.0,Female,Giza,Fashion,Jacket,1,1200,0.05,Wallet,Delivered,2026-06-22 01:51:00,4.0,1140.0,0.05,1140.0,False,False,1140.0,2026-06-01
15936,C0955,2026-03-26 01:25:00,27.0,Male,Giza,Sports,Running Shoes,2,1800,0,Mastercard,Delivered,2026-03-28 01:25:00,3.0,3600.0,0.0,3600.0,False,False,3600.0,2026-03-01
12477,C1678,2026-04-24 16:37:00,22.0,Female,Cairo,Fashion,Jeans,2,900,0,Mastercard,Delivered,2026-04-26 16:37:00,5.0,1800.0,0.0,1800.0,False,False,1800.0,2026-04-01
16452,C1322,2026-03-04 08:58:00,35.0,Female,Tanta,Beauty,Makeup Kit,1,900,0.05,Cash,Delivered,2026-03-09 08:58:00,4.0,855.0,0.05,855.0,False,False,855.0,2026-03-01
14420,C0578,2026-01-24 17:26:00,61.0,Male,Aswan,Fashion,Jacket,3,1200,0.05,Wallet,Delivered,2026-01-26 17:26:00,4.0,3420.0,0.05,3420.0,False,False,3420.0,2026-01-01
14895,C0695,2026-04-22 02:23:00,55.0,Female,Cairo,Fashion,T-Shirt,3,500,0,Wallet,Delivered,2026-04-26 02:23:00,4.0,1500.0,0.0,1500.0,False,False,1500.0,2026-04-01
12025,C0741,2026-02-22 12:57:00,25.0,Male,Giza,Beauty,Hair Dryer,1,1300,0.05,Bank Transfer,Delivered,2026-02-23 12:57:00,3.0,1235.0,0.05,1235.0,False,False,1235.0,2026-02-01
15096,C0883,2026-01-12 20:33:00,25.0,Male,Mansoura,Electronics,Headphones,1,850,0,Wallet,Delivered,2026-01-14 20:33:00,5.0,850.0,0.0,850.0,False,False,850.0,2026-01-01
13149,C1033,2026-06-29 18:38:00,38.0,Female,Tanta,Fashion,Shoes,2,1500,0.05,Wallet,Delivered,2026-07-03 18:38:00,4.0,2850.0,0.05,2850.0,False,False,2850.0,2026-06-01
10949,C1598,2026-03-26 15:05:00,20.0,Female,Cairo,Home,Blender,1,1200,0.05,Wallet,Delivered,2026-03-29 15:05:00,4.0,1140.0,0.05,1140.0,False,False,1140.0,2026-03-01
13594,C0244,2026-03-06 12:49:00,20.0,Male,Giza,Fashion,Bag,1,750,0.1,Visa,Delivered,2026-03-11 12:49:00,5.0,675.0,0.1,675.0,False,False,675.0,2026-03-01
10564,C0455,2026-06-09 03:19:00,67.0,Female,Aswan,Home,Blender,1,1200,0.05,Cash,Delivered,2026-06-11 03:19:00,3.0,1140.0,0.05,1140.0,False,False,1140.0,2026-06-01
19875,C1725,2026-01-29 03:43:00,32.0,Female,Cairo,Beauty,Face Cream,1,450,0.2,Wallet,Delivered,2026-01-30 03:43:00,5.0,360.0,0.2,360.0,False,False,360.0,2026-01-01
11294,C0355,2026-06-22 23:01:00,58.0,Female,Cairo,Sports,Dumbbells,2,1400,5%,Wallet,Delivered,2026-06-27 23:01:00,5.0,2660.0,0.05,2660.0,False,False,2660.0,2026-06-01
17715,C1856,2026-03-14 02:42:00,48.0,Female,Mansoura,Electronics,Headphones,3,850,0.2,Mastercard,Delivered,2026-03-15 02:42:00,4.0,2040.0,0.2,2040.0,False,False,2040.0,2026-03-01
16977,C1799,2026-03-27 04:40:00,46.0,Male,Alexandria,Electronics,Keyboard,1,900,0,Visa,Delivered,2026-03-31 04:40:00,4.0,900.0,0.0,900.0,False,False,900.0,2026-03-01
14773,C1471,2026-03-26 00:00:00,46.0,Male,Tanta,Sports,Football,1,650,0.2,Visa,Delivered,2026-03-28 20:36:00,4.0,520.0,0.2,520.0,False,False,520.0,2026-03-01
17666,C1361,2026-06-26 07:03:00,30.0,Male,Cairo,Home,Lamp,2,300,0.1,Bank Transfer,Delivered,2026-06-28 07:03:00,2.0,540.0,0.1,540.0,False,False,540.0,2026-06-01
17639,C1229,2026-02-25 00:46:00,26.0,Female,Cairo,Fashion,T-Shirt,4,500,0,Wallet,Delivered,2026-02-27 00:46:00,4.0,2000.0,0.0,2000.0,False,False,2000.0,2026-02-01
15587,C1174,2026-03-02 08:45:00,46.0,Male,Giza,Fashion,Jeans,3,900,0.15,Wallet,Delivered,2026-03-07 08:45:00,4.0,2295.0,0.15,2295.0,False,False,2295.0,2026-03-01
14023,C0655,2026-03-31 21:10:00,24.0,Female,Tanta,Electronics,Laptop,1,18000,0.1,Cash,Delivered,2026-04-03 21:10:00,4.0,16200.0,0.1,16200.0,False,False,16200.0,2026-03-01
16955,C1780,2026-05-25 22:59:00,63.0,Female,Alexandria,Beauty,Hair Dryer,2,1300,0.15,Visa,Delivered,2026-05-28 22:59:00,4.0,2210.0,0.15,2210.0,False,False,2210.0,2026-05-01
18958,C1233,2026-05-23 00:00:00,19.0,Female,Cairo,Fashion,Bag,2,750,0.1,Wallet,Delivered,2026-05-27 14:16:00,5.0,1350.0,0.1,1350.0,False,False,1350.0,2026-05-01
15080,C1358,2026-03-07 16:06:00,32.0,Female,Mansoura,Fashion,T-Shirt,4,500,0.1,Bank Transfer,Delivered,2026-03-12 16:06:00,5.0,1800.0,0.1,1800.0,False,False,1800.0,2026-03-01
19023,C0063,2026-06-01 17:32:00,47.0,Male,Cairo,Fashion,Jeans,1,900,0,Mastercard,Delivered,2026-06-04 17:32:00,3.0,900.0,0.0,900.0,False,False,900.0,2026-06-01
12165,C0479,2026-04-19 19:38:00,29.0,Male,Tanta,Electronics,Smart Watch,3,2200,0,Cash,Delivered,2026-04-22 19:38:00,5.0,6600.0,0.0,6600.0,False,False,6600.0,2026-04-01
12115,C0320,2026-01-14 22:47:00,45.0,Male,Giza,Fashion,Bag,2,750,0.1,Bank Transfer,Delivered,2026-01-18 22:47:00,4.0,1350.0,0.1,1350.0,False,False,1350.0,2026-01-01
14351,C0061,2026-04-05 21:56:00,28.0,Male,Cairo,Fashion,Jeans,3,900,0,Cash,Delivered,2026-04-10 21:56:00,3.0,2700.0,0.0,2700.0,False,False,2700.0,2026-04-01
13051,C1198,2026-04-28 22:20:00,68.0,Male,Alexandria,Electronics,Headphones,2,850,0,Visa,Delivered,2026-04-30 22:20:00,2.0,1700.0,0.0,1700.0,False,False,1700.0,2026-04-01
19175,C1811,2026-01-26 22:24:00,59.0,Male,Giza,Electronics,Laptop,2,18000,0,Mastercard,Delivered,2026-01-28 22:24:00,3.0,36000.0,0.0,36000.0,False,False,36000.0,2026-01-01
12804,C0967,2026-06-08 08:17:00,26.0,Female,Alexandria,Electronics,Laptop,3,18000,0,Bank Transfer,Delivered,2026-06-13 08:17:00,4.0,54000.0,0.0,54000.0,False,False,54000.0,2026-06-01
11202,C0758,2026-01-27 07:08:00,45.0,Female,Giza,Home,Bedsheet,1,700,0.15,Mastercard,Delivered,2026-01-31 07:08:00,4.0,595.0,0.15,595.0,False,False,595.0,2026-01-01
18358,C0932,2026-03-13 03:45:00,41.0,Female,Giza,Home,Coffee Maker,1,1800,0.05,Mastercard,Delivered,2026-03-19 03:45:00,5.0,1710.0,0.05,1710.0,False,False,1710.0,2026-03-01
15161,C0849,2026-04-19 16:50:00,19.0,Male,Cairo,Electronics,Smart Watch,4,2200,0,Cash,Delivered,2026-04-20 16:50:00,5.0,8800.0,0.0,8800.0,False,False,8800.0,2026-04-01
13899,C1952,2026-01-08 20:24:00,37.0,Female,Alexandria,Sports,Tennis Racket,1,1600,0.05,Mastercard,Delivered,2026-01-13 20:24:00,4.0,1520.0,0.05,1520.0,False,False,1520.0,2026-01-01
19940,C1026,2026-06-22 20:53:00,69.0,Female,Tanta,Fashion,Jacket,1,1200,0,Wallet,Delivered,2026-06-24 20:53:00,5.0,1200.0,0.0,1200.0,False,False,1200.0,2026-06-01
18530,C0818,2026-04-08 09:17:00,27.0,Female,Alexandria,Beauty,Perfume,3,1100,0.1,Mastercard,Delivered,2026-04-12 09:17:00,5.0,2970.0,0.1,2970.0,False,False,2970.0,2026-04-01
15947,C1620,2026-02-19 21:11:00,18.0,Male,Cairo,Fashion,Jeans,1,900,0,Visa,Delivered,2026-02-24 21:11:00,5.0,900.0,0.0,900.0,False,False,900.0,2026-02-01
16031,C1831,2026-02-07 03:50:00,19.0,Female,Giza,Electronics,Mouse,2,450,0.05,Visa,Delivered,2026-02-10 03:50:00,4.0,855.0,0.05,855.0,False,False,855.0,2026-02-01
19924,C1683,2026-04-29 01:15:00,56.0,Female,Alexandria,Sports,Yoga Mat,3,600,0.05,Mastercard,Delivered,2026-05-01 01:15:00,3.0,1710.0,0.05,1710.0,False,False,1710.0,2026-04-01
18704,C0623,2026-04-01 01:56:00,46.0,Female,Cairo,Electronics,Mouse,1,450,0.15,Visa,Delivered,2026-04-04 01:56:00,3.0,382.5,0.15,382.5,False,False,382.5,2026-04-01
11681,C1298,2026-06-03 05:06:00,62.0,Male,Alexandria,Home,Blender,4,1200,0.15,Wallet,Delivered,2026-06-05 05:06:00,4.0,4080.0,0.15,4080.0,False,False,4080.0,2026-06-01
13816,C1839,2026-05-24 10:02:00,29.0,Male,Alexandria,Sports,Football,2,650,0.05,Mastercard,Delivered,2026-05-28 10:02:00,4.0,1235.0,0.05,1235.0,False,False,1235.0,2026-05-01
14161,C1251,2026-02-23 14:51:00,46.0,Female,Alexandria,Electronics,Laptop,2,18000,0,Cash,Delivered,2026-02-27 14:51:00,4.0,36000.0,0.0,36000.0,False,False,36000.0,2026-02-01
17518,C1747,2026-05-17 22:29:00,39.0,Female,Cairo,Fashion,Jacket,1,1200,0.1,Bank Transfer,Delivered,2026-05-21 22:29:00,4.0,1080.0,0.1,1080.0,False,False,1080.0,2026-05-01
15687,C0873,2026-01-04 14:52:00,59.0,Female,Alexandria,Fashion,Shoes,1,1500,0.05,Wallet,Delivered,2026-01-06 14:52:00,3.0,1425.0,0.05,1425.0,False,False,1425.0,2026-01-01
17343,C1623,2026-01-22 21:40:00,37.0,Male,Giza,Fashion,Jacket,1,1200,0.15,Mastercard,Delivered,2026-01-25 21:40:00,2.0,1020.0,0.15,1020.0,False,False,1020.0,2026-01-01
18289,C0392,2026-04-20 20:02:00,64.0,Female,Cairo,Beauty,Face Cream,1,450,0.15,Mastercard,Delivered,2026-04-23 20:02:00,5.0,382.5,0.15,382.5,False,False,382.5,2026-04-01
18629,C0113,2026-03-10 10:34:00,29.0,Female,Cairo,Beauty,Hair Dryer,1,1300,0.15,Visa,Delivered,2026-03-16 10:34:00,4.0,1105.0,0.15,1105.0,False,False,1105.0,2026-03-01
14039,C1602,2026-05-12 03:59:00,18.0,Male,Aswan,Home,Blender,3,1200,0,Cash,Delivered,2026-05-13 03:59:00,3.0,3600.0,0.0,3600.0,False,False,3600.0,2026-05-01
15087,C0704,2026-04-09 02:16:00,63.0,Female,Alexandria,Beauty,Makeup Kit,1,900,0.15,Visa,Delivered,2026-04-11 02:16:00,3.0,765.0,0.15,765.0,False,False,765.0,2026-04-01
10141,C0126,2026-02-19 06:30:00,64.0,Female,Giza,Home,Coffee Maker,3,1800,0,Bank Transfer,Delivered,2026-02-25 06:30:00,5.0,5400.0,0.0,5400.0,False,False,5400.0,2026-02-01
11827,C1634,2026-03-16 22:19:00,66.0,Female,Alexandria,Fashion,Shoes,4,1500,0,Visa,Delivered,2026-03-21 22:19:00,4.0,6000.0,0.0,6000.0,False,False,6000.0,2026-03-01
14860,C0197,2026-01-29 16:44:00,44.0,Female,Giza,Beauty,Face Cream,2,450,0.1,Mastercard,Delivered,2026-01-31 16:44:00,5.0,810.0,0.1,810.0,False,False,810.0,2026-01-01
15717,C0886,2026-05-30 09:58:00,61.0,Female,Giza,Home,Bedsheet,1,700,0,Visa,Delivered,2026-06-05 09:58:00,4.0,700.0,0.0,700.0,False,False,700.0,2026-05-01
10075,C0478,2026-06-04 03:28:00,55.0,Female,Cairo,Electronics,Laptop,1,18000,0.1,Wallet,Delivered,2026-06-09 03:28:00,5.0,16200.0,0.1,16200.0,False,False,16200.0,2026-06-01
11183,C1237,2026-03-29 11:30:00,61.0,Male,Alexandria,Sports,Football,1,650,0,Mastercard,Delivered,2026-04-01 11:30:00,4.0,650.0,0.0,650.0,False,False,650.0,2026-03-01
11358,C0374,2026-02-16 14:29:00,41.0,Male,Alexandria,Sports,Yoga Mat,2,600,0.05,Bank Transfer,Delivered,2026-02-18 14:29:00,4.0,1140.0,0.05,1140.0,False,False,1140.0,2026-02-01
14836,C0707,2026-04-05 07:38:00,46.0,Female,Giza,Beauty,Face Cream,2,450,0.1,Cash,Delivered,2026-04-08 07:38:00,5.0,810.0,0.1,810.0,False,False,810.0,2026-04-01
11556,C0418,2026-01-08 22:26:00,27.0,Female,Alexandria,Electronics,Laptop,3,18000,0,Mastercard,Delivered,2026-01-11 22:26:00,5.0,54000.0,0.0,54000.0,False,False,54000.0,2026-01-01
10989,C1378,2026-02-04 01:52:00,39.0,Female,Alexandria,Beauty,Makeup Kit,2,900,0.1,Wallet,Delivered,2026-02-10 01:52:00,4.0,1620.0,0.1,1620.0,False,False,1620.0,2026-02-01
16045,C1876,2026-03-15 20:04:00,50.0,Female,Cairo,Home,Chair,1,2500,0.15,Bank Transfer,Delivered,2026-03-17 20:04:00,4.0,2125.0,0.15,2125.0,False,False,2125.0,2026-03-01
15039,C1128,2026-06-29 00:06:00,57.0,Female,Cairo,Fashion,Shoes,2,1500,0.05,Cash,Delivered,2026-07-01 00:06:00,1.0,2850.0,0.05,2850.0,False,False,2850.0,2026-06-01
18274,C1028,2026-01-14 08:13:00,27.0,Male,Cairo,Sports,Football,1,650,0,Cash,Delivered,2026-01-18 08:13:00,4.0,650.0,0.0,650.0,False,False,650.0,2026-01-01
18148,C1508,2026-05-20 00:39:00,58.0,Female,Cairo,Beauty,Hair Dryer,1,1300,0,Bank Transfer,Delivered,2026-05-24 00:39:00,5.0,1300.0,0.0,1300.0,False,False,1300.0,2026-05-01
13597,C0931,2026-01-19 18:32:00,68.0,Female,Cairo,Fashion,T-Shirt,1,500,0.05,Visa,Delivered,2026-01-24 18:32:00,3.0,475.0,0.05,475.0,False,False,475.0,2026-01-01
18812,C1535,2026-04-26 04:18:00,70.0,Male,Aswan,Sports,Dumbbells,2,1400,0.15,Cash,Delivered,2026-04-28 04:18:00,4.0,2380.0,0.15,2380.0,False,False,2380.0,2026-04-01
13856,C1758,2026-01-17 23:44:00,21.0,Male,Alexandria,Home,Chair,1,2500,0.1,Visa,Delivered,2026-01-21 23:44:00,3.0,2250.0,0.1,2250.0,False,False,2250.0,2026-01-01
10187,C1507,2026-03-05 09:33:00,60.0,Female,Giza,Home,Chair,4,2500,0.1,Mastercard,Delivered,2026-03-10 09:33:00,4.0,9000.0,0.1,9000.0,False,False,9000.0,2026-03-01
10674,C0969,2026-05-10 04:00:00,21.0,Male,Tanta,Sports,Tennis Racket,1,1600,0.1,Wallet,Delivered,2026-05-17 04:00:00,5.0,1440.0,0.1,1440.0,False,False,1440.0,2026-05-01
12463,C1402,2026-03-15 00:08:00,66.0,Male,Alexandria,Fashion,Jeans,3,900,0.05,Bank Transfer,Delivered,2026-03-20 00:08:00,4.0,2565.0,0.05,2565.0,False,False,2565.0,2026-03-01
19237,C1771,2026-05-08 10:13:00,34.0,Male,Tanta,Electronics,Laptop,2,18000,0.1,Mastercard,Delivered,2026-05-10 10:13:00,4.0,32400.0,0.1,32400.0,False,False,32400.0,2026-05-01
19046,C0217,2026-01-28 16:39:00,39.0,Male,Giza,Beauty,Face Cream,3,450,0.1,Mastercard,Delivered,2026-02-03 16:39:00,5.0,1215.0,0.1,1215.0,False,False,1215.0,2026-01-01
15091,C0089,2026-02-09 14:21:00,31.0,Male,Cairo,Home,Coffee Maker,4,1800,0.15,Mastercard,Delivered,2026-02-11 14:21:00,5.0,6120.0,0.15,6120.0,False,False,6120.0,2026-02-01
12687,C0921,2026-01-18 05:37:00,61.0,Female,Alexandria,Home,Chair,1,2500,0.1,Bank Transfer,Delivered,2026-01-23 05:37:00,4.0,2250.0,0.1,2250.0,False,False,2250.0,2026-01-01
14821,C1415,2026-06-08 06:12:00,21.0,Female,Cairo,Beauty,Shampoo,1,250,0.05,Mastercard,Delivered,2026-06-11 06:12:00,3.0,237.5,0.05,237.5,False,False,237.5,2026-06-01
18726,C1468,2026-02-24 15:39:00,22.0,Female,Tanta,Electronics,Keyboard,2,900,0.15,Cash,Delivered,2026-02-27 15:39:00,5.0,1530.0,0.15,1530.0,False,False,1530.0,2026-02-01
14203,C1792,2026-04-10 07:29:00,47.0,Male,Cairo,Sports,Running Shoes,2,1800,0,Wallet,Delivered,2026-04-12 07:29:00,3.0,3600.0,0.0,3600.0,False,False,3600.0,2026-04-01
14243,C0576,2026-04-27 00:00:00,19.0,Female,Mansoura,Beauty,Makeup Kit,4,900,0.1,Cash,Delivered,2026-05-03 01:17:00,4.0,3240.0,0.1,3240.0,False,False,3240.0,2026-04-01
17609,C1744,2026-04-08 22:24:00,64.0,Male,Tanta,Fashion,T-Shirt,3,500,0.1,Cash,Delivered,2026-04-11 22:24:00,3.0,1350.0,0.1,1350.0,False,False,1350.0,2026-04-01
16946,C0700,2026-03-13 03:26:00,54.0,Male,Cairo,Fashion,Shoes,4,1500,0.05,Mastercard,Delivered,2026-03-17 03:26:00,4.0,5700.0,0.05,5700.0,False,False,5700.0,2026-03-01
13199,C1866,2026-06-19 08:50:00,28.0,Male,Giza,Sports,Dumbbells,1,1400,0.05,Mastercard,Delivered,2026-06-21 08:50:00,1.0,1330.0,0.05,1330.0,False,False,1330.0,2026-06-01
10556,C0031,2026-04-03 15:08:00,32.0,Male,Alexandria,Sports,Running Shoes,2,1800,0,Bank Transfer,Delivered,2026-04-07 15:08:00,5.0,3600.0,0.0,3600.0,False,False,3600.0,2026-04-01
13067,C1144,2026-05-22 05:04:00,46.0,Female,Cairo,Electronics,Smart Watch,2,2200,0.15,Cash,Delivered,2026-05-25 05:04:00,4.0,3740.0,0.15,3740.0,False,False,3740.0,2026-05-01
18130,C1989,2026-01-20 15:37:00,53.0,Male,Giza,Fashion,T-Shirt,1,500,20%,Visa,Delivered,2026-01-27 15:37:00,4.0,400.0,0.2,400.0,False,False,400.0,2026-01-01
12552,C0482,2026-04-21 07:53:00,30.0,Female,Tanta,Fashion,Bag,1,750,0,Cash,Delivered,2026-04-24 07:53:00,5.0,750.0,0.0,750.0,False,False,750.0,2026-04-01
17581,C0087,2026-06-08 06:19:00,37.0,Female,Cairo,Fashion,Jacket,1,1200,0.05,Mastercard,Delivered,2026-06-14 06:19:00,3.0,1140.0,0.05,1140.0,False,False,1140.0,2026-06-01
10440,C0699,2026-02-02 18:27:00,69.0,Female,Cairo,Electronics,laptop,1,18000,0.15,Cash,Delivered,2026-02-06 18:27:00,4.0,15300.0,0.15,15300.0,False,False,15300.0,2026-02-01
10481,C1034,2026-12-03 00:00:00,53.0,Female,Giza,Beauty,Face Cream,1,450,0,Mastercard,Delivered,2026-03-18 01:29:00,4.0,450.0,0.0,450.0,False,False,450.0,2026-12-01
13076,C1253,2026-03-24 16:49:00,57.0,Male,Alexandria,Home,Lamp,1,300,0.05,Mastercard,Delivered,2026-03-29 16:49:00,4.0,285.0,0.05,285.0,False,False,285.0,2026-03-01
12990,C1651,2026-03-23 03:51:00,49.0,Female,Aswan,Fashion,Jacket,1,1200,0.15,Bank Transfer,Delivered,2026-03-26 03:51:00,4.0,1020.0,0.15,1020.0,False,False,1020.0,2026-03-01
11253,C1790,2026-05-10 11:34:00,23.0,Male,Mansoura,Sports,Football,2,650,0,Bank Transfer,Delivered,2026-05-13 11:34:00,5.0,1300.0,0.0,1300.0,False,False,1300.0,2026-05-01
16665,C0775,2026-01-02 14:21:00,22.0,Female,Tanta,Sports,Dumbbells,2,1400,0.1,Wallet,Delivered,2025-12-29 14:21:00,4.0,2520.0,0.1,2520.0,False,False,2520.0,2026-01-01
10156,C0673,2026-04-29 20:16:00,39.0,Male,Cairo,Electronics,Keyboard,2,900,0,Cash,Delivered,2026-05-02 20:16:00,4.0,1800.0,0.0,1800.0,False,False,1800.0,2026-04-01
15975,C1230,2026-06-20 16:53:00,32.0,Male,Tanta,Beauty,Face Cream,2,450,0,Cash,Delivered,2026-06-22 16:53:00,5.0,900.0,0.0,900.0,False,False,900.0,2026-06-01
15880,C0625,2026-04-17 00:13:00,62.0,Male,Tanta,Fashion,T-Shirt,1,500,0.05,Cash,Delivered,2026-04-20 00:13:00,5.0,475.0,0.05,475.0,False,False,475.0,2026-04-01
12664,C1129,2026-02-03 07:45:00,41.0,Male,Cairo,Electronics,Headphones,4,850,0,Visa,Delivered,2026-02-07 07:45:00,5.0,3400.0,0.0,3400.0,False,False,3400.0,2026-02-01
10809,C1292,2026-06-10 23:06:00,34.0,Female,Cairo,Fashion,Bag,4,750,0.15,Visa,Delivered,2026-06-12 23:06:00,3.0,2550.0,0.15,2550.0,False,False,2550.0,2026-06-01
11369,C1568,2026-01-07 18:06:00,22.0,Male,Cairo,Beauty,Perfume,1,1100,0,Bank Transfer,Delivered,2026-01-14 18:06:00,2.0,1100.0,0.0,1100.0,False,False,1100.0,2026-01-01
13709,C1617,2026-03-26 13:58:00,20.0,Female,Mansoura,Fashion,T-Shirt,2,500,0.05,Wallet,Delivered,2026-03-29 13:58:00,5.0,950.0,0.05,950.0,False,False,950.0,2026-03-01
12593,C0829,2026-05-20 12:57:00,28.0,Male,Alexandria,Sports,Tennis Racket,1,1600,0.15,Visa,Delivered,2026-05-23 12:57:00,3.0,1360.0,0.15,1360.0,False,False,1360.0,2026-05-01
14119,C1725,2026-06-15 10:03:00,22.0,Female,Aswan,Electronics,Laptop,1,18000,0.15,Cash,Delivered,2026-06-21 10:03:00,4.0,15300.0,0.15,15300.0,False,False,15300.0,2026-06-01
10055,C1330,2026-01-12 00:53:00,61.0,Female,Cairo,Sports,Tennis Racket,1,1600,0,Bank Transfer,Delivered,2026-01-16 00:53:00,3.0,1600.0,0.0,1600.0,False,False,1600.0,2026-01-01
11094,C1234,2026-05-07 09:35:00,50.0,Female,Cairo,Electronics,Mouse,1,450,0.1,Visa,Delivered,2026-05-11 09:35:00,2.0,405.0,0.1,405.0,False,False,405.0,2026-05-01
12575,C1558,2026-03-13 02:37:00,52.0,Male,Cairo,Electronics,Smart Watch,1,2200,0.2,Mastercard,Delivered,2026-03-18 02:37:00,2.0,1760.0,0.2,1760.0,False,False,1760.0,2026-03-01
13507,C1120,2026-03-04 21:10:00,34.0,Male,Cairo,Sports,Running Shoes,2,1800,0.2,Bank Transfer,Delivered,2026-03-07 21:10:00,4.0,2880.0,0.2,2880.0,False,False,2880.0,2026-03-01
12483,C0516,2026-02-17 06:59:00,57.0,Male,Aswan,Beauty,Hair Dryer,1,1300,0.1,Visa,Delivered,2026-02-20 06:59:00,5.0,1170.0,0.1,1170.0,False,False,1170.0,2026-02-01
15175,C0576,2026-06-09 04:55:00,61.0,Female,Mansoura,Electronics,Smart Watch,2,2200,0,Cash,Delivered,2026-06-13 04:55:00,4.0,4400.0,0.0,4400.0,False,False,4400.0,2026-06-01
10103,C1474,2026-02-24 02:41:00,51.0,Male,Cairo,Home,Blender,2,1200,0.05,Cash,Delivered,2026-02-25 02:41:00,2.0,2280.0,0.05,2280.0,False,False,2280.0,2026-02-01
13307,C1322,2026-04-29 11:20:00,20.0,Male,Mansoura,Beauty,Shampoo,2,250,0.1,Bank Transfer,Delivered,2026-05-04 11:20:00,5.0,450.0,0.1,450.0,False,False,450.0,2026-04-01
13660,C1854,2026-04-09 22:01:00,39.0,Female,Tanta,Electronics,Mouse,1,450,0,Bank Transfer,Delivered,2026-04-11 22:01:00,5.0,450.0,0.0,450.0,False,False,450.0,2026-04-01
15526,C0741,2026-04-02 00:05:00,24.0,Male,Cairo,Fashion,T-Shirt,3,500,0.1,Wallet,Delivered,2026-04-05 00:05:00,4.0,1350.0,0.1,1350.0,False,False,1350.0,2026-04-01
13192,C1466,2026-04-23 04:07:00,54.0,Female,Cairo,Home,Blender,1,1200,0,Mastercard,Delivered,2026-04-26 04:07:00,4.0,1200.0,0.0,1200.0,False,False,1200.0,2026-04-01
12492,C0654,2026-05-09 10:31:00,58.0,Male,Cairo,Fashion,Bag,4,750,0.05,Wallet,Delivered,2026-05-11 10:31:00,4.0,2850.0,0.05,2850.0,False,False,2850.0,2026-05-01
12789,C0488,2026-01-26 20:08:00,34.0,Female,Alexandria,Electronics,Mouse,1,450,0.15,Wallet,Delivered,2026-01-28 20:08:00,4.0,382.5,0.15,382.5,False,False,382.5,2026-01-01
18561,C0365,2026-06-15 16:55:00,68.0,Male,Mansoura,Electronics,Laptop,1,18000,0.15,Bank Transfer,Delivered,2026-06-18 16:55:00,4.0,15300.0,0.15,15300.0,False,False,15300.0,2026-06-01
11508,C0354,2026-04-08 14:58:00,67.0,Female,Giza,Electronics,Smart Watch,4,2200,0.05,Wallet,Delivered,2026-04-11 14:58:00,4.0,8360.0,0.05,8360.0,False,False,8360.0,2026-04-01
18142,C1919,2026-06-13 04:23:00,63.0,Male,Alexandria,Electronics,Laptop,2,18000,0,Cash,Delivered,2026-06-16 04:23:00,4.0,36000.0,0.0,36000.0,False,False,36000.0,2026-06-01
11463,C1595,2026-01-09 12:59:00,69.0,Female,Cairo,Sports,Yoga Mat,2,600,0,Visa,Delivered,2026-01-12 12:59:00,5.0,1200.0,0.0,1200.0,False,False,1200.0,2026-01-01
15126,C1559,2026-06-11 00:16:00,50.0,Male,Alexandria,Electronics,Smart Watch,2,2200,0.2,Mastercard,Delivered,2026-06-13 00:16:00,5.0,3520.0,0.2,3520.0,False,False,3520.0,2026-06-01
11154,C1667,2026-01-14 16:12:00,58.0,Female,Cairo,Beauty,Face Cream,1,450,0.05,Cash,Delivered,2026-01-18 16:12:00,3.0,427.5,0.05,427.5,False,False,427.5,2026-01-01
11139,C0925,2026-04-20 02:38:00,24.0,Male,Mansoura,Electronics,Laptop,1,18000,0.05,Bank Transfer,Delivered,2026-04-25 02:38:00,5.0,17100.0,0.05,17100.0,False,False,17100.0,2026-04-01
16575,C1871,2026-04-17 04:48:00,65.0,Male,Cairo,Beauty,Shampoo,2,250,0.15,Mastercard,Delivered,2026-04-19 04:48:00,2.0,425.0,0.15,425.0,False,False,425.0,2026-04-01
10418,C1348,2026-06-02 11:25:00,55.0,Male,Cairo,Beauty,Makeup Kit,2,900,0.05,Bank Transfer,Delivered,2026-06-03 11:25:00,5.0,1710.0,0.05,1710.0,False,False,1710.0,2026-06-01
11801,C1846,2026-06-24 00:14:00,64.0,Female,Cairo,Electronics,Headphones,2,850,0.1,Wallet,Delivered,2026-06-26 00:14:00,4.0,1530.0,0.1,1530.0,False,False,1530.0,2026-06-01
12122,C1060,2026-04-15 21:44:00,40.0,Female,Cairo,Beauty,Face Cream,2,450,0.1,Mastercard,Delivered,2026-04-21 21:44:00,3.0,810.0,0.1,810.0,False,False,810.0,2026-04-01
19933,C1598,2026-06-22 04:47:00,37.0,Male,Mansoura,Electronics,Laptop,1,18000,0,Visa,Delivered,2026-06-25 04:47:00,5.0,18000.0,0.0,18000.0,False,False,18000.0,2026-06-01
12259,C1713,2026-03-06 18:49:00,34.0,Female,Giza,Home,Coffee Maker,3,1800,0.15,Cash,Delivered,2026-03-07 18:49:00,5.0,4590.0,0.15,4590.0,False,False,4590.0,2026-03-01
19619,C0582,2026-02-26 05:54:00,56.0,Female,Cairo,Fashion,Bag,2,750,0.15,Wallet,Delivered,2026-02-28 05:54:00,4.0,1275.0,0.15,1275.0,False,False,1275.0,2026-02-01
13091,C0938,2026-01-10 08:41:00,26.0,Female,Mansoura,Home,Chair,2,2500,0.15,Mastercard,Delivered,2026-01-13 08:41:00,3.0,4250.0,0.15,4250.0,False,False,4250.0,2026-01-01
15359,C1187,2026-01-15 17:23:00,64.0,Male,Cairo,Electronics,Laptop,1,18000,0,Cash,Delivered,2026-01-21 17:23:00,5.0,18000.0,0.0,18000.0,False,False,18000.0,2026-01-01
15826,C1766,2026-06-18 17:58:00,47.0,Male,Cairo,Home,Blender,4,1200,0,Mastercard,Delivered,2026-06-23 17:58:00,3.0,4800.0,0.0,4800.0,False,False,4800.0,2026-06-01
15134,C0562,2026-05-03 06:40:00,64.0,Female,Mansoura,Beauty,Perfume,1,1100,0.15,Bank Transfer,Delivered,2026-05-07 06:40:00,5.0,935.0,0.15,935.0,False,False,935.0,2026-05-01
13311,C1776,2026-01-14 06:17:00,37.0,Female,Tanta,Sports,Dumbbells,1,1400,0.1,Cash,Delivered,2026-01-16 06:17:00,4.0,1260.0,0.1,1260.0,False,False,1260.0,2026-01-01
12114,C1573,2026-06-10 13:40:00,35.0,Male,Cairo,Beauty,Perfume,1,1100,0.1,Wallet,Delivered,2026-06-13 13:40:00,4.0,990.0,0.1,990.0,False,False,990.0,2026-06-01
11357,C0814,2026-06-08 04:15:00,63.0,Male,Alexandria,Sports,Tennis Racket,1,1600,0,Cash,Delivered,2026-06-10 04:15:00,3.0,1600.0,0.0,1600.0,False,False,1600.0,2026-06-01
18300,C0550,2026-03-11 13:54:00,47.0,Male,Alexandria,Sports,Tennis Racket,1,1600,0,Cash,Delivered,2026-03-13 13:54:00,2.0,1600.0,0.0,1600.0,False,False,1600.0,2026-03-01
16771,C1595,2026-04-30 15:47:00,39.0,Male,Mansoura,Home,Lamp,1,300,5%,Wallet,Delivered,2026-05-03 15:47:00,2.0,285.0,0.05,285.0,False,False,285.0,2026-04-01
13883,C0839,2026-04-17 21:31:00,58.0,Male,Aswan,Beauty,Face Cream,3,450,10%,Bank Transfer,Delivered,2026-04-24 21:31:00,4.0,1215.0,0.1,1215.0,False,False,1215.0,2026-04-01
19340,C1946,2026-06-18 07:31:00,59.0,Male,Giza,Home,Blender,1,1200,0.2,Visa,Delivered,2026-06-21 07:31:00,4.0,960.0,0.2,960.0,False,False,960.0,2026-06-01
12117,C1382,2026-05-28 05:57:00,59.0,Male,Cairo,Fashion,Jeans,1,900,0.05,Visa,Delivered,2026-06-03 05:57:00,4.0,855.0,0.05,855.0,False,False,855.0,2026-05-01
18943,C1874,2026-03-14 05:21:00,55.0,Male,Alexandria,Sports,Dumbbells,4,1400,0,Bank Transfer,Delivered,2026-03-18 05:21:00,5.0,5600.0,0.0,5600.0,False,False,5600.0,2026-03-01
18999,C1760,2026-04-13 01:20:00,45.0,Female,Giza,Fashion,T-Shirt,1,500,0.05,Visa,Delivered,2026-04-17 01:20:00,5.0,475.0,0.05,475.0,False,False,475.0,2026-04-01
11849,C0420,2026-06-27 07:02:00,35.0,Female,Mansoura,Sports,Running Shoes,2,1800,0.2,Bank Transfer,Delivered,2026-06-30 07:02:00,4.0,2880.0,0.2,2880.0,False,False,2880.0,2026-06-01
15910,C1737,2026-01-22 17:22:00,37.0,Male,Aswan,Beauty,Face Cream,1,450,0.1,Visa,Delivered,2026-01-26 17:22:00,5.0,405.0,0.1,405.0,False,False,405.0,2026-01-01
18495,C0579,2026-05-18 01:14:00,24.0,Male,Cairo,Home,Bedsheet,1,700,0,Bank Transfer,Delivered,2026-05-20 01:14:00,4.0,700.0,0.0,700.0,False,False,700.0,2026-05-01
18485,C0060,2026-06-14 10:19:00,30.0,Male,Cairo,Home,Lamp,2,300,0,Mastercard,Delivered,2026-06-17 10:19:00,5.0,600.0,0.0,600.0,False,False,600.0,2026-06-01
11958,C1609,2026-04-23 12:46:00,49.0,Male,Giza,Fashion,T-Shirt,2,500,0,Mastercard,Delivered,2026-04-30 12:46:00,4.0,1000.0,0.0,1000.0,False,False,1000.0,2026-04-01
13740,C0877,2026-04-12 20:03:00,49.0,Male,Giza,Electronics,Smart Watch,2,2200,0.15,Mastercard,Delivered,2026-04-14 20:03:00,4.0,3740.0,0.15,3740.0,False,False,3740.0,2026-04-01
18739,C1332,2026-03-26 06:13:00,61.0,Male,Cairo,Sports,Tennis Racket,1,1600,0,Cash,Delivered,2026-03-30 06:13:00,5.0,1600.0,0.0,1600.0,False,False,1600.0,2026-03-01
17047,C0482,2026-02-05 07:08:00,52.0,Male,Alexandria,Electronics,Keyboard,1,900,0,Visa,Delivered,2026-02-10 07:08:00,4.0,900.0,0.0,900.0,False,False,900.0,2026-02-01
16361,C1936,2026-03-18 17:17:00,61.0,Female,Giza,Electronics,Keyboard,1,900,0.1,Mastercard,Delivered,2026-03-21 17:17:00,4.0,810.0,0.1,810.0,False,False,810.0,2026-03-01
13309,C1819,2026-03-28 15:30:00,29.0,Female,Cairo,Sports,Running Shoes,1,1800,0.15,Cash,Delivered,2026-03-31 15:30:00,5.0,1530.0,0.15,1530.0,False,False,1530.0,2026-03-01
13082,C0073,2026-02-24 17:29:00,59.0,Male,Aswan,Sports,Football,1,650,0,Visa,Delivered,2026-03-01 17:29:00,4.0,650.0,0.0,650.0,False,False,650.0,2026-02-01
15653,C1552,2026-06-07 00:00:00,39.0,Female,Giza,Home,Chair,1,2500,0,Mastercard,Delivered,2026-06-11 08:18:00,5.0,2500.0,0.0,2500.0,False,False,2500.0,2026-06-01
18584,C1337,2026-03-06 12:40:00,66.0,Female,Alexandria,Fashion,T-Shirt,1,500,0.05,Bank Transfer,Delivered,2026-03-09 12:40:00,2.0,475.0,0.05,475.0,False,False,475.0,2026-03-01
10108,C1797,2026-02-23 14:22:00,66.0,Female,Tanta,Beauty,Face Cream,2,450,0,Cash,Delivered,2026-02-27 14:22:00,3.0,900.0,0.0,900.0,False,False,900.0,2026-02-01
11917,C0200,2026-03-14 07:47:00,69.0,Male,Cairo,Beauty,Face Cream,4,450,0.15,Visa,Delivered,2026-03-18 07:47:00,4.0,1530.0,0.15,1530.0,False,False,1530.0,2026-03-01
10346,C0212,2026-02-06 09:16:00,64.0,Female,Aswan,Fashion,T-Shirt,4,500,0.15,Wallet,Delivered,2026-02-09 09:16:00,4.0,1700.0,0.15,1700.0,False,False,1700.0,2026-02-01
19158,C1171,2026-02-16 13:55:00,46.0,Male,Giza,Home,Bedsheet,3,700,0,Visa,Delivered,2026-02-21 13:55:00,4.0,2100.0,0.0,2100.0,False,False,2100.0,2026-02-01
11837,C1887,2026-02-16 02:52:00,37.0,Male,Giza,Home,Coffee Maker,1,1800,0.15,Mastercard,Delivered,2026-02-23 02:52:00,4.0,1530.0,0.15,1530.0,False,False,1530.0,2026-02-01
10965,C0255,2026-05-11 07:37:00,21.0,Male,Mansoura,Sports,Tennis Racket,2,1600,0,Mastercard,Delivered,2026-05-15 07:37:00,4.0,3200.0,0.0,3200.0,False,False,3200.0,2026-05-01
18109,C0434,2026-01-04 03:40:00,54.0,Male,Cairo,Electronics,Laptop,4,18000,0.05,Visa,Delivered,2026-01-09 03:40:00,4.0,68400.0,0.05,68400.0,False,False,68400.0,2026-01-01
10898,C0151,2026-04-07 12:22:00,55.0,Male,Mansoura,Electronics,Keyboard,1,900,0.05,Bank Transfer,Delivered,2026-04-10 12:22:00,5.0,855.0,0.05,855.0,False,False,855.0,2026-04-01
15805,C1695,2026-02-04 01:18:00,51.0,Male,Mansoura,Electronics,Headphones,1,850,0,Visa,Delivered,2026-02-09 01:18:00,4.0,850.0,0.0,850.0,False,False,850.0,2026-02-01
14761,C0039,2026-03-23 05:55:00,25.0,Male,Cairo,Beauty,Perfume,1,1100,0.1,Cash,Delivered,2026-03-29 05:55:00,5.0,990.0,0.1,990.0,False,False,990.0,2026-03-01
14363,C0561,2026-02-17 05:45:00,49.0,Male,Mansoura,Home,Blender,1,1200,0,Bank Transfer,Delivered,2026-02-23 05:45:00,5.0,1200.0,0.0,1200.0,False,False,1200.0,2026-02-01
13239,C0729,2026-03-01 11:42:00,21.0,Female,Aswan,Fashion,Shoes,3,1500,0,Cash,Delivered,2026-03-05 11:42:00,5.0,4500.0,0.0,4500.0,False,False,4500.0,2026-03-01
11293,C1278,2026-05-23 13:47:00,31.0,Female,Cairo,Sports,Running Shoes,3,1800,0.05,Wallet,Delivered,2026-05-30 13:47:00,5.0,5130.0,0.05,5130.0,False,False,5130.0,2026-05-01
16314,C0453,2026-01-24 02:27:00,47.0,Female,Tanta,Beauty,Face Cream,4,450,0.15,Cash,Delivered,2026-01-27 02:27:00,3.0,1530.0,0.15,1530.0,False,False,1530.0,2026-01-01
13172,C1212,2026-02-21 07:48:00,21.0,Male,Aswan,Beauty,Makeup Kit,1,900,0.2,Mastercard,Delivered,2026-02-22 07:48:00,4.0,720.0,0.2,720.0,False,False,720.0,2026-02-01
13714,C1191,2026-01-27 20:12:00,64.0,Male,Cairo,Beauty,Perfume,4,1100,0,Mastercard,Delivered,2026-01-29 20:12:00,4.0,4400.0,0.0,4400.0,False,False,4400.0,2026-01-01
16509,C0662,2026-02-23 20:49:00,60.0,Male,Alexandria,Fashion,Jeans,4,900,0.05,Bank Transfer,Delivered,2026-02-27 20:49:00,5.0,3420.0,0.05,3420.0,False,False,3420.0,2026-02-01
17454,C0578,2026-06-23 03:21:00,49.0,Female,Giza,Fashion,T-Shirt,1,500,0.05,Visa,Delivered,2026-06-27 03:21:00,1.0,475.0,0.05,475.0,False,False,475.0,2026-06-01
16290,C0147,2026-01-08 13:28:00,26.0,Female,Mansoura,Home,Blender,1,1200,0.1,Cash,Delivered,2026-01-12 13:28:00,4.0,1080.0,0.1,1080.0,False,False,1080.0,2026-01-01
18536,C0185,2026-02-21 20:49:00,70.0,Female,Alexandria,Sports,Tennis Racket,1,1600,0,Visa,Delivered,2026-02-24 20:49:00,4.0,1600.0,0.0,1600.0,False,False,1600.0,2026-02-01
14648,C1384,2026-02-25 10:00:00,41.0,Male,Cairo,Fashion,Jacket,1,1200,0.2,Mastercard,Delivered,2026-03-02 10:00:00,5.0,960.0,0.2,960.0,False,False,960.0,2026-02-01
11805,C1273,2026-04-18 20:20:00,41.0,Female,Giza,Beauty,Shampoo,2,250,0.1,Wallet,Delivered,2026-04-20 20:20:00,4.0,450.0,0.1,450.0,False,False,450.0,2026-04-01
18007,C0883,2026-06-07 03:41:00,59.0,Male,Alexandria,Fashion,Jacket,4,1200,0%,Bank Transfer,Delivered,2026-06-09 03:41:00,5.0,4800.0,0.0,4800.0,False,False,4800.0,2026-06-01
10491,C1310,2026-02-18 11:25:00,61.0,Female,Alexandria,Sports,Dumbbells,3,1400,0.05,Mastercard,Delivered,2026-02-21 11:25:00,2.0,3990.0,0.05,3990.0,False,False,3990.0,2026-02-01
11149,C0959,2026-04-24 22:39:00,50.0,Female,Cairo,Sports,Dumbbells,4,1400,0.1,Bank Transfer,Delivered,2026-04-27 22:39:00,4.0,5040.0,0.1,5040.0,False,False,5040.0,2026-04-01
17422,C0220,2026-03-04 04:50:00,21.0,Female,Giza,Home,Coffee Maker,4,1800,0,Visa,Delivered,2026-03-07 04:50:00,3.0,7200.0,0.0,7200.0,False,False,7200.0,2026-03-01
15356,C1878,2026-02-06 10:25:00,39.0,Male,Cairo,Electronics,Laptop,1,18000,0.15,Visa,Delivered,2026-02-09 10:25:00,2.0,15300.0,0.15,15300.0,False,False,15300.0,2026-02-01
13809,C1362,2026-03-18 12:38:00,54.0,Female,Mansoura,Fashion,T-Shirt,1,500,0,Wallet,Delivered,2026-03-20 12:38:00,5.0,500.0,0.0,500.0,False,False,500.0,2026-03-01
15400,C1838,2026-01-23 11:27:00,61.0,Female,Giza,Sports,Yoga Mat,2,600,0.15,Bank Transfer,Delivered,2026-01-24 11:27:00,4.0,1020.0,0.15,1020.0,False,False,1020.0,2026-01-01
14020,C0763,2026-05-01 05:24:00,52.0,Male,Cairo,Fashion,Bag,2,750,0,Wallet,Delivered,2026-05-05 05:24:00,4.0,1500.0,0.0,1500.0,False,False,1500.0,2026-05-01
18002,C0489,2026-05-30 22:33:00,21.0,Male,Mansoura,Fashion,Jeans,3,900,0,Mastercard,Delivered,2026-06-06 22:33:00,3.0,2700.0,0.0,2700.0,False,False,2700.0,2026-05-01
19739,C1068,2026-01-14 12:55:00,37.0,Male,Tanta,Sports,Yoga Mat,2,600,0.2,Mastercard,Delivered,2026-01-16 12:55:00,4.0,960.0,0.2,960.0,False,False,960.0,2026-01-01
18805,C0541,2026-06-06 04:44:00,36.0,Female,Giza,Home,Bedsheet,2,700,0.05,Bank Transfer,Delivered,2026-06-10 04:44:00,5.0,1330.0,0.05,1330.0,False,False,1330.0,2026-06-01
14417,C0476,2026-03-11 06:39:00,41.0,Male,Cairo,Home,Coffee Maker,2,1800,0.15,Cash,Delivered,2026-03-13 06:39:00,5.0,3060.0,0.15,3060.0,False,False,3060.0,2026-03-01
19322,C1661,2026-01-10 00:00:00,19.0,Female,Mansoura,Fashion,Jacket,2,1200,0,Bank Transfer,Delivered,2026-01-14 10:14:00,3.0,2400.0,0.0,2400.0,False,False,2400.0,2026-01-01
17232,C0220,2026-03-02 09:13:00,22.0,Male,Alexandria,Sports,Dumbbells,1,1400,0.05,Cash,Delivered,2026-03-06 09:13:00,1.0,1330.0,0.05,1330.0,False,False,1330.0,2026-03-01
15353,C0327,2026-01-28 21:07:00,46.0,Male,Giza,Electronics,Smart Watch,2,2200,0.05,Visa,Delivered,2026-02-01 21:07:00,3.0,4180.0,0.05,4180.0,False,False,4180.0,2026-01-01
17357,C0008,2026-05-16 05:07:00,34.0,Female,Cairo,Electronics,Keyboard,1,900,0,Bank Transfer,Delivered,2026-05-20 05:07:00,4.0,900.0,0.0,900.0,False,False,900.0,2026-05-01
10686,C0982,2026-02-27 08:32:00,31.0,Female,Cairo,Home,Bedsheet,1,700,0.1,Bank Transfer,Delivered,2026-03-06 08:32:00,5.0,630.0,0.1,630.0,False,False,630.0,2026-02-01
11981,C0976,2026-01-26 12:43:00,21.0,Male,Cairo,Fashion,Jeans,2,900,0.1,Wallet,Delivered,2026-01-30 12:43:00,5.0,1620.0,0.1,1620.0,False,False,1620.0,2026-01-01
15819,C1307,2026-06-18 18:07:00,54.0,Male,Cairo,Sports,Yoga Mat,1,600,0.1,Mastercard,Delivered,2026-06-21 18:07:00,5.0,540.0,0.1,540.0,False,False,540.0,2026-06-01
11091,C1987,2026-03-26 20:01:00,21.0,Female,Giza,Electronics,Headphones,3,850,0.1,Wallet,Delivered,2026-03-27 20:01:00,4.0,2295.0,0.1,2295.0,False,False,2295.0,2026-03-01
18843,C1179,2026-04-30 18:08:00,37.0,Female,Cairo,Fashion,Jeans,4,900,0.1,Mastercard,Delivered,2026-05-02 18:08:00,1.0,3240.0,0.1,3240.0,False,False,3240.0,2026-04-01
10252,C1795,2026-05-22 12:44:00,49.0,Male,Cairo,Beauty,Makeup Kit,1,900,0.15,Mastercard,Delivered,2026-05-25 12:44:00,5.0,765.0,0.15,765.0,False,False,765.0,2026-05-01
15326,C0229,2026-02-11 09:56:00,28.0,Male,Tanta,Sports,Tennis Racket,1,1600,0.1,Bank Transfer,Delivered,2026-02-13 09:56:00,4.0,1440.0,0.1,1440.0,False,False,1440.0,2026-02-01
10742,C1106,2026-03-03 19:41:00,29.0,Female,Mansoura,Electronics,Keyboard,2,900,0.05,Visa,Delivered,2026-03-09 19:41:00,5.0,1710.0,0.05,1710.0,False,False,1710.0,2026-03-01
13894,C0642,2026-01-29 15:28:00,53.0,Male,Aswan,Sports,Yoga Mat,1,600,0,Wallet,Delivered,2026-02-04 15:28:00,5.0,600.0,0.0,600.0,False,False,600.0,2026-01-01
19659,C1277,2026-05-26 14:05:00,25.0,Female,Mansoura,Beauty,Shampoo,1,250,0.15,Cash,Delivered,2026-05-28 14:05:00,4.0,212.5,0.15,212.5,False,False,212.5,2026-05-01
15261,C0483,2026-05-07 00:18:00,48.0,Male,Giza,Fashion,Jacket,2,1200,0.05,Bank Transfer,Delivered,2026-05-08 00:18:00,5.0,2280.0,0.05,2280.0,False,False,2280.0,2026-05-01
17156,C1825,2026-04-15 17:13:00,38.0,Female,Giza,Beauty,face cream,4,450,0%,Visa,Delivered,2026-04-16 17:13:00,5.0,1800.0,0.0,1800.0,False,False,1800.0,2026-04-01
11436,C1867,2026-03-08 07:04:00,69.0,Female,Mansoura,Electronics,Laptop,2,18000,0.15,Visa,Delivered,2026-03-11 07:04:00,4.0,30600.0,0.15,30600.0,False,False,30600.0,2026-03-01
14062,C1425,2026-02-20 16:08:00,27.0,Female,Giza,Sports,Football,1,650,0.2,Cash,Delivered,2026-02-21 16:08:00,5.0,520.0,0.2,520.0,False,False,520.0,2026-02-01
12847,C1946,2026-01-18 14:33:00,39.0,Male,Giza,Fashion,Shoes,4,1500,0.1,Mastercard,Delivered,2026-01-25 14:33:00,4.0,5400.0,0.1,5400.0,False,False,5400.0,2026-01-01
16630,C0520,2026-03-07 22:36:00,31.0,Male,Alexandria,Sports,Tennis Racket,2,1600,0.1,Bank Transfer,Delivered,2026-03-10 22:36:00,3.0,2880.0,0.1,2880.0,False,False,2880.0,2026-03-01
15549,C0704,2026-02-05 08:38:00,55.0,Male,Tanta,Electronics,Headphones,1,850,0.1,Visa,Delivered,2026-02-10 08:38:00,5.0,765.0,0.1,765.0,False,False,765.0,2026-02-01
11988,C1385,2026-01-22 07:38:00,58.0,Female,Cairo,Fashion,Shoes,2,1500,0.1,Wallet,Delivered,2026-01-21 07:38:00,5.0,2700.0,0.1,2700.0,False,False,2700.0,2026-01-01
13590,C1397,2026-01-24 12:04:00,33.0,Male,Alexandria,Sports,Running Shoes,2,1800,0.1,Visa,Delivered,2026-01-28 12:04:00,5.0,3240.0,0.1,3240.0,False,False,3240.0,2026-01-01
12501,C0525,2026-04-24 05:19:00,41.0,Female,Giza,Sports,Yoga Mat,2,600,0.05,Cash,Delivered,2026-04-30 05:19:00,4.0,1140.0,0.05,1140.0,False,False,1140.0,2026-04-01
10874,C0478,2026-05-05 01:35:00,35.0,Female,Tanta,Beauty,Shampoo,3,250,0.05,Bank Transfer,Delivered,2026-05-08 01:35:00,4.0,712.5,0.05,712.5,False,False,712.5,2026-05-01
12977,C0438,2026-05-19 17:56:00,63.0,Male,Cairo,Sports,Yoga Mat,1,600,0.15,Mastercard,Delivered,2026-05-21 17:56:00,4.0,510.0,0.15,510.0,False,False,510.0,2026-05-01
18106,C1105,2026-05-24 11:29:00,19.0,Male,Giza,Beauty,Face Cream,4,450,0,Visa,Delivered,2026-05-27 11:29:00,5.0,1800.0,0.0,1800.0,False,False,1800.0,2026-05-01
10705,C0875,2026-03-12 17:25:00,25.0,Male,Giza,Sports,Yoga Mat,3,600,0.1,Visa,Delivered,2026-03-19 17:25:00,5.0,1620.0,0.1,1620.0,False,False,1620.0,2026-03-01
19155,C0327,2026-04-07 11:17:00,65.0,Female,Alexandria,Home,Lamp,2,300,0.15,Wallet,Delivered,2026-04-10 11:17:00,4.0,510.0,0.15,510.0,False,False,510.0,2026-04-01
19191,C0673,2026-01-28 09:40:00,22.0,Female,Cairo,Sports,Dumbbells,1,1400,0.15,Bank Transfer,Delivered,2026-01-30 09:40:00,5.0,1190.0,0.15,1190.0,False,False,1190.0,2026-01-01
11560,C1590,2026-02-24 14:25:00,50.0,Female,Tanta,Sports,Dumbbells,4,1400,0.1,Mastercard,Delivered,2026-02-28 14:25:00,5.0,5040.0,0.1,5040.0,False,False,5040.0,2026-02-01
14749,C0403,2026-01-04 11:29:00,53.0,Female,Giza,Electronics,Smart Watch,4,2200,0.1,Cash,Delivered,2026-01-08 11:29:00,2.0,7920.0,0.1,7920.0,False,False,7920.0,2026-01-01
17983,C1660,2026-06-14 13:20:00,60.0,Male,Mansoura,Fashion,Bag,1,750,0,Wallet,Delivered,2026-06-17 13:20:00,4.0,750.0,0.0,750.0,False,False,750.0,2026-06-01
11476,C1981,2026-04-04 15:10:00,39.0,Female,Giza,Home,Chair,3,2500,0,Bank Transfer,Delivered,2026-04-10 15:10:00,5.0,7500.0,0.0,7500.0,False,False,7500.0,2026-04-01
16500,C0434,2026-01-07 06:15:00,28.0,Female,Mansoura,Sports,Yoga Mat,1,600,0.1,Wallet,Delivered,2026-01-10 06:15:00,4.0,540.0,0.1,540.0,False,False,540.0,2026-01-01
12251,C0984,2026-06-16 23:14:00,66.0,Female,Aswan,Electronics,Smart Watch,3,2200,0.05,Bank Transfer,Delivered,2026-06-20 23:14:00,4.0,6270.0,0.05,6270.0,False,False,6270.0,2026-06-01
13418,C1710,2026-05-11 20:49:00,27.0,Male,Giza,Beauty,Hair Dryer,1,1300,0.05,Mastercard,Delivered,2026-05-14 20:49:00,3.0,1235.0,0.05,1235.0,False,False,1235.0,2026-05-01
19374,C0190,2026-06-13 14:51:00,35.0,Female,Cairo,Sports,Running Shoes,4,1800,0,Wallet,Delivered,2026-06-16 14:51:00,2.0,7200.0,0.0,7200.0,False,False,7200.0,2026-06-01
16904,C0195,2026-06-20 00:58:00,21.0,Female,Cairo,Fashion,Bag,1,750,0.1,Cash,Delivered,2026-06-25 00:58:00,4.0,675.0,0.1,675.0,False,False,675.0,2026-06-01
16921,C1742,2026-04-15 18:44:00,20.0,Male,Cairo,Beauty,Shampoo,4,250,0,Mastercard,Delivered,2026-04-19 18:44:00,4.0,1000.0,0.0,1000.0,False,False,1000.0,2026-04-01
16173,C0299,2026-03-16 08:45:00,42.0,Female,Mansoura,Home,Blender,1,1200,0.2,Bank Transfer,Delivered,2026-03-21 08:45:00,5.0,960.0,0.2,960.0,False,False,960.0,2026-03-01
18400,C0178,2026-05-30 11:04:00,25.0,Male,Alexandria,Fashion,T-Shirt,1,500,0.1,Mastercard,Delivered,2026-06-01 11:04:00,4.0,450.0,0.1,450.0,False,False,450.0,2026-05-01
16309,C1477,2026-03-19 17:58:00,53.0,Female,Cairo,Sports,Dumbbells,1,1400,0,Bank Transfer,Delivered,2026-03-25 17:58:00,5.0,1400.0,0.0,1400.0,False,False,1400.0,2026-03-01
19770,C1278,2026-06-19 18:16:00,24.0,Male,Cairo,Sports,Dumbbells,1,1400,0.15,Wallet,Delivered,2026-06-24 18:16:00,4.0,1190.0,0.15,1190.0,False,False,1190.0,2026-06-01
12031,C0504,2026-02-15 10:08:00,24.0,Female,Alexandria,Beauty,Face Cream,1,450,0.15,Wallet,Delivered,2026-02-18 10:08:00,2.0,382.5,0.15,382.5,False,False,382.5,2026-02-01
14678,C0424,2026-06-09 16:58:00,43.0,Male,Cairo,Beauty,Perfume,2,1100,0.05,Visa,Delivered,2026-06-15 16:58:00,4.0,2090.0,0.05,2090.0,False,False,2090.0,2026-06-01
15996,C1385,2026-01-30 22:29:00,25.0,Male,Giza,Fashion,Shoes,1,1500,0.05,Mastercard,Delivered,2026-02-02 22:29:00,5.0,1425.0,0.05,1425.0,False,False,1425.0,2026-01-01
14106,C0330,2026-06-04 18:56:00,32.0,Male,Cairo,Electronics,Keyboard,1,900,0.15,Bank Transfer,Delivered,2026-06-06 18:56:00,3.0,765.0,0.15,765.0,False,False,765.0,2026-06-01
13339,C1160,2026-02-08 14:07:00,32.0,Female,Alexandria,Electronics,Laptop,2,18000,0.2,Visa,Delivered,2026-02-09 14:07:00,5.0,28800.0,0.2,28800.0,False,False,28800.0,2026-02-01
12699,C1991,2026-04-29 18:21:00,39.0,Female,Cairo,Home,Blender,4,1200,0.1,Mastercard,Delivered,2026-05-01 18:21:00,3.0,4320.0,0.1,4320.0,False,False,4320.0,2026-04-01
12405,C0943,2026-05-06 08:06:00,46.0,Male,Giza,Beauty,Perfume,4,1100,0.05,Wallet,Delivered,2026-05-09 08:06:00,3.0,4180.0,0.05,4180.0,False,False,4180.0,2026-05-01
15614,C1062,2026-03-31 01:57:00,44.0,Female,Giza,Electronics,Mouse,1,450,0,Wallet,Delivered,2026-04-07 01:57:00,5.0,450.0,0.0,450.0,False,False,450.0,2026-03-01
17172,C1387,2026-01-24 03:43:00,40.0,Male,Mansoura,Electronics,Mouse,2,450,0.05,Wallet,Delivered,2026-01-26 03:43:00,5.0,855.0,0.05,855.0,False,False,855.0,2026-01-01
16950,C1943,2026-01-13 00:00:00,22.0,Female,Cairo,Sports,Dumbbells,1,1400,0,Cash,Delivered,2026-01-18 21:38:00,5.0,1400.0,0.0,1400.0,False,False,1400.0,2026-01-01
14692,C0491,2026-04-07 18:16:00,55.0,Female,Cairo,Electronics,Headphones,2,850,0.1,Mastercard,Delivered,2026-04-13 18:16:00,4.0,1530.0,0.1,1530.0,False,False,1530.0,2026-04-01
16984,C0849,2026-03-03 12:53:00,66.0,Female,Giza,Beauty,Hair Dryer,2,1300,0,Cash,Delivered,2026-03-06 12:53:00,4.0,2600.0,0.0,2600.0,False,False,2600.0,2026-03-01
13779,C0798,2026-02-26 00:09:00,46.0,Female,Cairo,Sports,Yoga Mat,1,600,0.1,Mastercard,Delivered,2026-03-01 00:09:00,4.0,540.0,0.1,540.0,False,False,540.0,2026-02-01
19065,C1948,2026-02-06 00:00:00,64.0,Female,Alexandria,Fashion,Jeans,1,900,0.15,Bank Transfer,Delivered,2026-06-09 09:30:00,1.0,765.0,0.15,765.0,False,False,765.0,2026-02-01
17375,C0235,2026-02-22 08:38:00,61.0,Female,Cairo,Electronics,Keyboard,1,900,0.2,Visa,Delivered,2026-02-25 08:38:00,4.0,720.0,0.2,720.0,False,False,720.0,2026-02-01
15835,C1241,2026-03-25 15:16:00,69.0,Male,Alexandria,Fashion,Jeans,2,900,0,Mastercard,Delivered,2026-03-30 15:16:00,4.0,1800.0,0.0,1800.0,False,False,1800.0,2026-03-01
10531,C1345,2026-06-26 12:00:00,27.0,Female,Cairo,Fashion,Shoes,2,1500,5%,Cash,Delivered,2026-06-30 12:00:00,5.0,2850.0,0.05,2850.0,False,False,2850.0,2026-06-01
19276,C0017,2026-01-07 17:16:00,38.0,Female,Giza,Home,Lamp,4,300,0,Visa,Delivered,2026-01-13 17:16:00,2.0,1200.0,0.0,1200.0,False,False,1200.0,2026-01-01
17491,C1831,2026-04-09 00:40:00,48.0,Male,Giza,Beauty,Face Cream,1,450,0,Visa,Delivered,2026-04-13 00:40:00,4.0,450.0,0.0,450.0,False,False,450.0,2026-04-01
14036,C0684,2026-04-28 15:59:00,28.0,Male,Cairo,Sports,Football,1,650,0.1,Wallet,Delivered,2026-04-30 15:59:00,4.0,585.0,0.1,585.0,False,False,585.0,2026-04-01
15155,C1027,2026-03-30 09:50:00,22.0,Male,Giza,Electronics,Laptop,4,18000,0.05,Cash,Delivered,2026-04-01 09:50:00,3.0,68400.0,0.05,68400.0,False,False,68400.0,2026-03-01
16602,C0504,2026-04-22 08:04:00,69.0,Male,Cairo,Sports,Yoga Mat,1,600,0.05,Wallet,Delivered,2026-04-27 08:04:00,4.0,570.0,0.05,570.0,False,False,570.0,2026-04-01
17749,C1606,2026-03-21 23:23:00,47.0,Female,Cairo,Sports,Football,1,650,0,Wallet,Delivered,2026-03-23 23:23:00,5.0,650.0,0.0,650.0,False,False,650.0,2026-03-01
14207,C0385,2026-01-09 02:48:00,70.0,Male,Aswan,Fashion,Shoes,1,1500,0.1,Wallet,Delivered,2026-01-13 02:48:00,5.0,1350.0,0.1,1350.0,False,False,1350.0,2026-01-01
14493,C0691,2026-03-02 12:02:00,53.0,Female,Alexandria,Home,Chair,2,2500,0.05,Wallet,Delivered,2026-03-06 12:02:00,2.0,4750.0,0.05,4750.0,False,False,4750.0,2026-03-01
13162,C1708,2026-02-15 14:53:00,41.0,Female,Alexandria,Fashion,Bag,3,750,0,Wallet,Delivered,2026-02-18 14:53:00,5.0,2250.0,0.0,2250.0,False,False,2250.0,2026-02-01
18792,C1276,2026-02-03 00:27:00,68.0,Female,Alexandria,Sports,Tennis Racket,2,1600,0.1,Cash,Delivered,2026-02-07 00:27:00,4.0,2880.0,0.1,2880.0,False,False,2880.0,2026-02-01
13665,C0264,2026-02-14 07:33:00,57.0,Female,Cairo,Electronics,Mouse,2,450,0.1,Visa,Delivered,2026-02-17 07:33:00,4.0,810.0,0.1,810.0,False,False,810.0,2026-02-01
19647,C1336,2026-03-18 00:06:00,29.0,Male,Mansoura,Electronics,Smart Watch,1,2200,0.05,Visa,Delivered,2026-03-22 00:06:00,2.0,2090.0,0.05,2090.0,False,False,2090.0,2026-03-01
15208,C1107,2026-01-07 20:45:00,61.0,Male,Aswan,Electronics,Smart Watch,1,2200,0,Wallet,Delivered,2026-01-09 20:45:00,4.0,2200.0,0.0,2200.0,False,False,2200.0,2026-01-01
18437,C0851,2026-05-15 11:26:00,49.0,Female,Tanta,Sports,Running Shoes,2,1800,0.05,Wallet,Delivered,2026-05-21 11:26:00,2.0,3420.0,0.05,3420.0,False,False,3420.0,2026-05-01
14715,C1907,2026-02-23 14:48:00,37.0,Male,Aswan,Sports,Running Shoes,3,1800,0.15,Wallet,Delivered,2026-02-26 14:48:00,4.0,4590.0,0.15,4590.0,False,False,4590.0,2026-02-01
13113,C1838,2026-01-28 15:41:00,56.0,Male,Mansoura,Home,Coffee Maker,3,1800,0.1,Wallet,Delivered,2026-02-04 15:41:00,4.0,4860.0,0.1,4860.0,False,False,4860.0,2026-01-01
17861,C0601,2026-05-10 07:03:00,64.0,Male,Mansoura,Beauty,Face Cream,3,450,0.15,Visa,Delivered,2026-05-15 07:03:00,3.0,1147.5,0.15,1147.5,False,False,1147.5,2026-05-01
14028,C1047,2026-04-18 19:53:00,26.0,Male,Cairo,Home,Bedsheet,4,700,0,Visa,Delivered,2026-04-21 19:53:00,5.0,2800.0,0.0,2800.0,False,False,2800.0,2026-04-01
13645,C1284,2026-02-19 11:33:00,55.0,Male,Aswan,Home,Coffee Maker,1,1800,0,Bank Transfer,Delivered,2026-02-23 11:33:00,5.0,1800.0,0.0,1800.0,False,False,1800.0,2026-02-01
13105,C1516,2026-03-09 09:01:00,61.0,Male,Alexandria,Home,Bedsheet,3,700,0.15,Wallet,Delivered,2026-03-13 09:01:00,5.0,1785.0,0.15,1785.0,False,False,1785.0,2026-03-01
19851,C1790,2026-01-11 01:01:00,69.0,Female,Cairo,Sports,Tennis Racket,1,1600,0.1,Visa,Delivered,2026-01-13 01:01:00,3.0,1440.0,0.1,1440.0,False,False,1440.0,2026-01-01
16186,C1539,2026-01-09 17:04:00,39.0,Female,Alexandria,Sports,Yoga Mat,2,600,0.15,Cash,Delivered,2026-01-13 17:04:00,4.0,1020.0,0.15,1020.0,False,False,1020.0,2026-01-01
13791,C1021,2026-04-21 09:36:00,42.0,Male,Cairo,Electronics,Laptop,2,18000,0,Cash,Delivered,2026-04-24 09:36:00,4.0,36000.0,0.0,36000.0,False,False,36000.0,2026-04-01
13499,C1431,2026-04-12 23:21:00,22.0,Female,Cairo,Sports,Running Shoes,1,1800,0.2,Cash,Delivered,2026-04-13 23:21:00,4.0,1440.0,0.2,1440.0,False,False,1440.0,2026-04-01
19941,C1040,2026-04-21 00:39:00,41.0,Female,Giza,Fashion,Shoes,2,1500,0,Wallet,Delivered,2026-04-23 00:39:00,2.0,3000.0,0.0,3000.0,False,False,3000.0,2026-04-01
17604,C0739,2026-04-13 18:22:00,48.0,Male,Cairo,Beauty,Shampoo,2,250,0.1,Cash,Delivered,2026-04-17 18:22:00,4.0,450.0,0.1,450.0,False,False,450.0,2026-04-01
15900,C0438,2026-01-06 08:43:00,46.0,Female,Alexandria,Sports,Dumbbells,2,1400,0,Cash,Delivered,2026-01-09 08:43:00,4.0,2800.0,0.0,2800.0,False,False,2800.0,2026-01-01
13489,C1024,2026-05-25 18:08:00,55.0,Female,Alexandria,Beauty,Face Cream,3,450,0,Bank Transfer,Delivered,2026-05-30 18:08:00,4.0,1350.0,0.0,1350.0,False,False,1350.0,2026-05-01
11694,C1707,2026-03-14 18:19:00,59.0,Male,Cairo,Electronics,Keyboard,1,900,0,Bank Transfer,Delivered,2026-03-21 18:19:00,3.0,900.0,0.0,900.0,False,False,900.0,2026-03-01
10638,C0162,2026-03-16 21:39:00,50.0,Female,Cairo,Home,Coffee Maker,1,1800,0,Mastercard,Delivered,2026-03-19 21:39:00,5.0,1800.0,0.0,1800.0,False,False,1800.0,2026-03-01
19039,C0483,2026-03-28 09:00:00,28.0,Female,Alexandria,Beauty,Makeup Kit,1,900,0.1,Wallet,Delivered,2026-04-03 09:00:00,3.0,810.0,0.1,810.0,False,False,810.0,2026-03-01
17557,C0909,2026-06-17 12:45:00,65.0,Female,Cairo,Sports,Yoga Mat,2,600,0%,Bank Transfer,Delivered,2026-06-21 12:45:00,5.0,1200.0,0.0,1200.0,False,False,1200.0,2026-06-01
13911,C1523,2026-06-13 02:53:00,26.0,Male,Giza,Electronics,Mouse,1,450,0.05,Wallet,Delivered,2026-06-16 02:53:00,4.0,427.5,0.05,427.5,False,False,427.5,2026-06-01
16891,C1202,2026-01-18 01:34:00,23.0,Female,Cairo,Home,Bedsheet,2,700,0,Mastercard,Delivered,2026-01-24 01:34:00,5.0,1400.0,0.0,1400.0,False,False,1400.0,2026-01-01
13923,C0564,2026-01-05 14:42:00,49.0,Female,Aswan,Home,Lamp,1,300,0.1,Mastercard,Delivered,2026-01-08 14:42:00,3.0,270.0,0.1,270.0,False,False,270.0,2026-01-01
10940,C1367,2026-04-21 16:45:00,24.0,Male,Cairo,Fashion,T-Shirt,2,500,0.05,Bank Transfer,Delivered,2026-04-26 16:45:00,4.0,950.0,0.05,950.0,False,False,950.0,2026-04-01
19108,C0784,2026-06-07 12:55:00,45.0,Male,Alexandria,Sports,Running Shoes,4,1800,0.1,Mastercard,Delivered,2026-06-12 12:55:00,4.0,6480.0,0.1,6480.0,False,False,6480.0,2026-06-01
18270,C0935,2026-02-25 10:31:00,50.0,Male,Giza,Home,Bedsheet,3,700,0.1,Wallet,Delivered,2026-03-02 10:31:00,4.0,1890.0,0.1,1890.0,False,False,1890.0,2026-02-01
18096,C1053,2026-05-13 04:14:00,43.0,Male,Aswan,Sports,Yoga Mat,1,600,0.2,Bank Transfer,Delivered,2026-05-16 04:14:00,5.0,480.0,0.2,480.0,False,False,480.0,2026-05-01
10677,C1578,2026-09-03 00:00:00,21.0,Male,Giza,Fashion,Shoes,1,1500,0.1,Cash,Delivered,2026-03-12 05:13:00,4.0,1350.0,0.1,1350.0,False,False,1350.0,2026-09-01
13610,C0772,2026-01-20 20:24:00,52.0,Male,Aswan,Fashion,Shoes,2,1500,0.1,Cash,Delivered,2026-01-25 20:24:00,5.0,2700.0,0.1,2700.0,False,False,2700.0,2026-01-01
10706,C0698,2026-05-11 02:32:00,38.0,Male,Giza,Electronics,Mouse,1,450,0.1,Bank Transfer,Delivered,2026-05-14 02:32:00,5.0,405.0,0.1,405.0,False,False,405.0,2026-05-01
16258,C0012,2026-04-27 11:43:00,56.0,Male,Alexandria,Sports,Dumbbells,1,1400,0.15,Visa,Delivered,2026-05-01 11:43:00,2.0,1190.0,0.15,1190.0,False,False,1190.0,2026-04-01
17732,C0461,2026-06-04 23:27:00,20.0,Male,Alexandria,Beauty,Perfume,1,1100,0.1,Visa,Delivered,2026-06-08 23:27:00,3.0,990.0,0.1,990.0,False,False,990.0,2026-06-01
17713,C1239,2026-03-21 22:36:00,67.0,Male,Cairo,Home,Bedsheet,2,700,0,Visa,Delivered,2026-03-28 22:36:00,5.0,1400.0,0.0,1400.0,False,False,1400.0,2026-03-01
15443,C1101,2026-03-28 07:20:00,30.0,Male,Giza,Sports,Dumbbells,2,1400,0.15,Visa,Delivered,2026-03-31 07:20:00,2.0,2380.0,0.15,2380.0,False,False,2380.0,2026-03-01
18261,C0869,2026-02-08 19:02:00,24.0,Male,Cairo,Electronics,Laptop,2,18000,0.1,Visa,Delivered,2026-02-11 19:02:00,2.0,32400.0,0.1,32400.0,False,False,32400.0,2026-02-01
10774,C0317,2026-02-13 03:24:00,65.0,Male,Cairo,Electronics,Smart Watch,3,2200,15%,Visa,Delivered,2026-02-19 03:24:00,5.0,5610.0,0.15,5610.0,False,False,5610.0,2026-02-01
14346,C0807,2026-04-14 03:03:00,44.0,Male,Aswan,Fashion,T-Shirt,1,500,5%,Visa,Delivered,2026-04-17 03:03:00,5.0,475.0,0.05,475.0,False,False,475.0,2026-04-01
19270,C1774,2026-04-29 03:18:00,64.0,Male,Alexandria,Beauty,Perfume,2,1100,0,Mastercard,Delivered,2026-05-06 03:18:00,4.0,2200.0,0.0,2200.0,False,False,2200.0,2026-04-01
18035,C1309,2026-04-14 02:35:00,34.0,Female,Giza,Sports,Tennis Racket,2,1600,0,Visa,Delivered,2026-04-17 02:35:00,5.0,3200.0,0.0,3200.0,False,False,3200.0,2026-04-01
12857,C0155,2026-02-16 12:52:00,40.0,Male,Aswan,Electronics,Keyboard,3,900,0.1,Visa,Delivered,2026-02-19 12:52:00,5.0,2430.0,0.1,2430.0,False,False,2430.0,2026-02-01
16592,C1957,2026-01-25 00:00:00,67.0,Male,Alexandria,Home,Lamp,4,300,0.1,Mastercard,Delivered,2026-01-26 18:36:00,4.0,1080.0,0.1,1080.0,False,False,1080.0,2026-01-01
13624,C1488,2026-01-15 04:14:00,18.0,Female,Alexandria,Beauty,Perfume,3,1100,0.15,Bank Transfer,Delivered,2026-01-19 04:14:00,5.0,2805.0,0.15,2805.0,False,False,2805.0,2026-01-01
15207,C1443,2026-05-30 06:54:00,55.0,Female,Giza,Beauty,Hair Dryer,1,1300,0.2,Bank Transfer,Delivered,2026-06-03 06:54:00,2.0,1040.0,0.2,1040.0,False,False,1040.0,2026-05-01
14196,C0676,2026-01-01 00:00:00,53.0,Female,Alexandria,Electronics,Headphones,4,850,0,Cash,Delivered,2026-01-03 20:43:00,4.0,3400.0,0.0,3400.0,False,False,3400.0,2026-01-01
17336,C1059,2026-03-19 20:15:00,47.0,Female,Giza,Electronics,Mouse,1,450,0,Wallet,Delivered,2026-03-24 20:15:00,4.0,450.0,0.0,450.0,False,False,450.0,2026-03-01
10093,C1653,2026-04-16 21:20:00,44.0,Female,Cairo,Fashion,T-Shirt,1,500,0.1,Visa,Delivered,2026-04-20 21:20:00,5.0,450.0,0.1,450.0,False,False,450.0,2026-04-01
16009,C0319,2026-01-19 17:52:00,50.0,Female,Alexandria,Sports,Dumbbells,1,1400,0.1,Wallet,Delivered,2026-01-21 17:52:00,4.0,1260.0,0.1,1260.0,False,False,1260.0,2026-01-01
13651,C1099,2026-03-25 20:59:00,53.0,Female,Tanta,Home,Bedsheet,2,700,0.05,Wallet,Delivered,2026-03-28 20:59:00,4.0,1330.0,0.05,1330.0,False,False,1330.0,2026-03-01
11212,C0833,2026-04-13 20:44:00,47.0,Male,Alexandria,Sports,Running Shoes,3,1800,0.1,Wallet,Delivered,2026-04-18 20:44:00,5.0,4860.0,0.1,4860.0,False,False,4860.0,2026-04-01
18309,C1458,2026-01-27 11:21:00,28.0,Female,Aswan,Home,Coffee Maker,3,1800,10%,Visa,Delivered,2026-01-30 11:21:00,4.0,4860.0,0.1,4860.0,False,False,4860.0,2026-01-01
14498,C0576,2026-02-13 18:36:00,59.0,Male,Cairo,Electronics,Headphones,3,850,0.1,Visa,Delivered,2026-02-18 18:36:00,2.0,2295.0,0.1,2295.0,False,False,2295.0,2026-02-01
12946,C1917,2026-04-16 10:59:00,37.0,Male,Cairo,Sports,Yoga Mat,2,600,0,Cash,Delivered,2026-04-20 10:59:00,4.0,1200.0,0.0,1200.0,False,False,1200.0,2026-04-01
14820,C2000,2026-04-07 20:49:00,18.0,Male,Tanta,Electronics,Smart Watch,1,2200,0.1,Visa,Delivered,2026-04-12 20:49:00,5.0,1980.0,0.1,1980.0,False,False,1980.0,2026-04-01
18685,C1205,2026-02-17 16:29:00,56.0,Male,Tanta,Fashion,Jacket,3,1200,0,Wallet,Delivered,2026-02-19 16:29:00,4.0,3600.0,0.0,3600.0,False,False,3600.0,2026-02-01
11992,C1583,2026-01-04 11:41:00,51.0,Male,Cairo,Fashion,Jacket,3,1200,0.1,Mastercard,Delivered,2026-01-10 11:41:00,3.0,3240.0,0.1,3240.0,False,False,3240.0,2026-01-01
18284,C0318,2026-06-06 17:01:00,65.0,Female,Mansoura,Beauty,Makeup Kit,1,900,0,Bank Transfer,Delivered,2026-06-11 17:01:00,4.0,900.0,0.0,900.0,False,False,900.0,2026-06-01
17388,C0884,2026-03-31 13:05:00,50.0,Male,Alexandria,Electronics,Smart Watch,2,2200,0.05,Visa,Delivered,2026-04-03 13:05:00,3.0,4180.0,0.05,4180.0,False,False,4180.0,2026-03-01
19503,C1723,2026-01-26 15:01:00,34.0,Female,Mansoura,Sports,Tennis Racket,1,1600,0.15,Cash,Delivered,2026-01-31 15:01:00,4.0,1360.0,0.15,1360.0,False,False,1360.0,2026-01-01
12062,C0536,2026-05-21 00:47:00,53.0,Female,Cairo,Electronics,Headphones,3,850,0,Visa,Delivered,2026-05-22 00:47:00,4.0,2550.0,0.0,2550.0,False,False,2550.0,2026-05-01
17995,C0831,2026-03-13 15:17:00,69.0,Female,Giza,Sports,Football,4,650,0,Wallet,Delivered,2026-03-14 15:17:00,4.0,2600.0,0.0,2600.0,False,False,2600.0,2026-03-01
11001,C1352,2026-05-21 22:56:00,37.0,Male,Cairo,Sports,Yoga Mat,1,600,0.1,Mastercard,Delivered,2026-05-24 22:56:00,2.0,540.0,0.1,540.0,False,False,540.0,2026-05-01
16896,C1003,2026-03-28 02:14:00,25.0,Male,Cairo,Home,Chair,1,2500,0.15,Mastercard,Delivered,2026-03-30 02:14:00,5.0,2125.0,0.15,2125.0,False,False,2125.0,2026-03-01
11319,C1978,2026-04-14 02:12:00,36.0,Male,Cairo,Beauty,Perfume,2,1100,0.05,Mastercard,Delivered,2026-04-19 02:12:00,4.0,2090.0,0.05,2090.0,False,False,2090.0,2026-04-01
12525,C0226,2026-04-15 18:01:00,65.0,Male,Cairo,Sports,Football,2,650,0,Bank Transfer,Delivered,2026-04-17 18:01:00,5.0,1300.0,0.0,1300.0,False,False,1300.0,2026-04-01
10204,C0561,2026-02-01 06:20:00,37.0,Male,Cairo,Home,Chair,2,2500,0.05,Bank Transfer,Delivered,2026-02-03 06:20:00,4.0,4750.0,0.05,4750.0,False,False,4750.0,2026-02-01
11279,C1083,2026-05-13 21:43:00,59.0,Male,Cairo,Sports,Tennis Racket,4,1600,0.1,Visa,Delivered,2026-05-16 21:43:00,4.0,5760.0,0.1,5760.0,False,False,5760.0,2026-05-01
17653,C1803,2026-04-07 10:37:00,60.0,Male,Alexandria,Home,Blender,1,1200,0.15,Wallet,Delivered,2026-04-11 10:37:00,4.0,1020.0,0.15,1020.0,False,False,1020.0,2026-04-01
13419,C1210,2026-01-20 09:25:00,36.0,Female,Mansoura,Sports,Running Shoes,1,1800,0,Mastercard,Delivered,2026-01-24 09:25:00,4.0,1800.0,0.0,1800.0,False,False,1800.0,2026-01-01
18034,C1628,2026-01-14 12:24:00,56.0,Female,Cairo,Home,Bedsheet,1,700,0.2,Bank Transfer,Delivered,2026-01-16 12:24:00,4.0,560.0,0.2,560.0,False,False,560.0,2026-01-01
12178,C0216,2026-04-07 22:44:00,43.0,Female,Aswan,Home,Blender,1,1200,0.15,Visa,Delivered,2026-04-13 22:44:00,3.0,1020.0,0.15,1020.0,False,False,1020.0,2026-04-01
13813,C0278,2026-05-19 05:58:00,39.0,Male,Mansoura,Sports,Running Shoes,1,1800,0,Mastercard,Delivered,2026-05-23 05:58:00,3.0,1800.0,0.0,1800.0,False,False,1800.0,2026-05-01
10445,C0297,2026-05-14 10:56:00,55.0,Male,Cairo,Home,Chair,1,2500,0.15,Bank Transfer,Delivered,2026-05-16 10:56:00,4.0,2125.0,0.15,2125.0,False,False,2125.0,2026-05-01
14171,C0132,2026-02-17 10:28:00,62.0,Female,Cairo,Fashion,Shoes,2,1500,0.1,Cash,Delivered,2026-02-21 10:28:00,2.0,2700.0,0.1,2700.0,False,False,2700.0,2026-02-01
14371,C1120,2026-05-26 15:37:00,39.0,Male,Cairo,Fashion,Jeans,1,900,0,Wallet,Delivered,2026-05-30 15:37:00,1.0,900.0,0.0,900.0,False,False,900.0,2026-05-01
17120,C1874,2026-01-14 21:38:00,47.0,Male,Cairo,Electronics,Keyboard,4,900,0,Cash,Delivered,2026-01-18 21:38:00,3.0,3600.0,0.0,3600.0,False,False,3600.0,2026-01-01
19905,C1016,2026-02-08 17:27:00,26.0,Male,Tanta,Fashion,Jeans,1,900,0.1,Visa,Delivered,2026-02-11 17:27:00,5.0,810.0,0.1,810.0,False,False,810.0,2026-02-01
16274,C1847,2026-05-17 08:14:00,53.0,Male,Cairo,Electronics,Headphones,1,850,0.05,Cash,Delivered,2026-05-21 08:14:00,1.0,807.5,0.05,807.5,False,False,807.5,2026-05-01
11169,C1136,2026-02-21 05:26:00,53.0,Male,Mansoura,Sports,Football,2,650,0,Mastercard,Delivered,2026-02-23 05:26:00,5.0,1300.0,0.0,1300.0,False,False,1300.0,2026-02-01
11576,C1290,2026-02-04 22:24:00,44.0,Female,Cairo,Home,Coffee Maker,2,1800,15%,Cash,Delivered,2026-02-06 22:24:00,5.0,3060.0,0.15,3060.0,False,False,3060.0,2026-02-01
13718,C0201,2026-04-23 17:06:00,44.0,Female,Giza,Fashion,T-Shirt,2,500,0,Wallet,Delivered,2026-04-29 17:06:00,4.0,1000.0,0.0,1000.0,False,False,1000.0,2026-04-01
11749,C0719,2026-06-02 20:19:00,34.0,Female,Cairo,Sports,Tennis Racket,2,1600,0.1,Mastercard,Delivered,2026-06-06 20:19:00,3.0,2880.0,0.1,2880.0,False,False,2880.0,2026-06-01
14210,C0656,2026-02-26 09:34:00,50.0,Male,Cairo,Fashion,Shoes,1,1500,0,Wallet,Delivered,2026-03-03 09:34:00,5.0,1500.0,0.0,1500.0,False,False,1500.0,2026-02-01
19011,C1394,2026-02-07 16:57:00,56.0,Male,Tanta,Beauty,Makeup Kit,1,900,0,Wallet,Delivered,2026-02-10 16:57:00,5.0,900.0,0.0,900.0,False,False,900.0,2026-02-01
18841,C1291,2026-03-14 20:06:00,24.0,Male,Cairo,Home,Lamp,2,300,0,Wallet,Delivered,2026-03-17 20:06:00,4.0,600.0,0.0,600.0,False,False,600.0,2026-03-01
13669,C1210,2026-01-16 19:09:00,62.0,Male,Alexandria,Fashion,Bag,2,750,0,Cash,Delivered,2026-01-22 19:09:00,4.0,1500.0,0.0,1500.0,False,False,1500.0,2026-01-01
11124,C0623,2026-02-27 22:41:00,35.0,Male,Alexandria,Sports,Running Shoes,1,1800,0,Visa,Delivered,2026-03-01 22:41:00,3.0,1800.0,0.0,1800.0,False,False,1800.0,2026-02-01
10537,C0556,2026-01-15 13:05:00,67.0,Female,Giza,Electronics,Keyboard,1,900,0,Mastercard,Delivered,2026-01-16 13:05:00,4.0,900.0,0.0,900.0,False,False,900.0,2026-01-01
11605,C1668,2026-06-25 19:37:00,47.0,Female,Mansoura,Sports,Football,3,650,0.1,Visa,Delivered,2026-06-26 19:37:00,5.0,1755.0,0.1,1755.0,False,False,1755.0,2026-06-01
19181,C1852,2026-01-06 12:05:00,44.0,Female,Giza,Fashion,Jeans,1,900,0.2,Mastercard,Delivered,2026-01-13 12:05:00,3.0,720.0,0.2,720.0,False,False,720.0,2026-01-01
17978,C0352,2026-04-30 09:35:00,42.0,Female,Aswan,Beauty,Makeup Kit,1,900,0,Cash,Delivered,2026-05-03 09:35:00,1.0,900.0,0.0,900.0,False,False,900.0,2026-04-01
14368,C1278,2026-04-19 02:49:00,69.0,Female,Giza,Home,Chair,3,2500,5%,Mastercard,Delivered,2026-04-21 02:49:00,5.0,7125.0,0.05,7125.0,False,False,7125.0,2026-04-01
18994,C1806,2026-06-16 23:47:00,47.0,Male,Cairo,Sports,Running Shoes,1,1800,0,Cash,Delivered,2026-06-19 23:47:00,4.0,1800.0,0.0,1800.0,False,False,1800.0,2026-06-01
16257,C1947,2026-01-18 02:43:00,51.0,Male,Mansoura,Sports,Football,3,650,0.1,Cash,Delivered,2026-01-20 02:43:00,4.0,1755.0,0.1,1755.0,False,False,1755.0,2026-01-01
10527,C0509,2026-03-07 18:18:00,24.0,Male,Cairo,Fashion,Bag,1,750,0.05,Visa,Delivered,2026-03-11 18:18:00,5.0,712.5,0.05,712.5,False,False,712.5,2026-03-01
13941,C0022,2026-01-14 05:13:00,51.0,Male,Tanta,Beauty,Perfume,2,1100,0,Mastercard,Delivered,2026-01-19 05:13:00,4.0,2200.0,0.0,2200.0,False,False,2200.0,2026-01-01
12648,C0791,2026-03-02 16:49:00,63.0,Male,Cairo,Home,Blender,2,1200,0.1,Cash,Delivered,2026-03-06 16:49:00,1.0,2160.0,0.1,2160.0,False,False,2160.0,2026-03-01
17984,C0502,2026-04-23 11:16:00,18.0,Female,Cairo,Sports,Tennis Racket,1,1600,0,Mastercard,Delivered,2026-04-28 11:16:00,5.0,1600.0,0.0,1600.0,False,False,1600.0,2026-04-01
14789,C1516,2026-03-24 00:32:00,28.0,Male,Cairo,Sports,Running Shoes,1,1800,0,Cash,Delivered,2026-03-31 00:32:00,3.0,1800.0,0.0,1800.0,False,False,1800.0,2026-03-01
11352,C0558,2026-03-31 12:13:00,26.0,Female,Cairo,Home,Lamp,1,300,0.15,Cash,Delivered,2026-04-03 12:13:00,4.0,255.0,0.15,255.0,False,False,255.0,2026-03-01
15674,C0588,2026-05-20 23:47:00,30.0,Female,Cairo,Home,Chair,1,2500,0.15,Wallet,Delivered,2026-05-23 23:47:00,4.0,2125.0,0.15,2125.0,False,False,2125.0,2026-05-01
18601,C0366,2026-02-14 23:52:00,26.0,Male,Aswan,Sports,Football,1,650,0,Mastercard,Delivered,2026-02-17 23:52:00,4.0,650.0,0.0,650.0,False,False,650.0,2026-02-01
18093,C1811,2026-06-18 21:26:00,19.0,Female,Mansoura,Fashion,Jeans,4,900,0,Bank Transfer,Delivered,2026-06-23 21:26:00,3.0,3600.0,0.0,3600.0,False,False,3600.0,2026-06-01
18203,C1118,2026-03-16 20:40:00,63.0,Female,Giza,Home,Bedsheet,1,700,0,Wallet,Delivered,2026-03-21 20:40:00,5.0,700.0,0.0,700.0,False,False,700.0,2026-03-01
12529,C1553,2026-03-31 18:21:00,56.0,Male,Mansoura,Sports,Football,4,650,0.05,Mastercard,Delivered,2026-04-04 18:21:00,5.0,2470.0,0.05,2470.0,False,False,2470.0,2026-03-01
10415,C0052,2026-04-21 20:44:00,39.0,Female,Cairo,Beauty,Hair Dryer,1,1300,0.05,Cash,Delivered,2026-04-25 20:44:00,4.0,1235.0,0.05,1235.0,False,False,1235.0,2026-04-01
13195,C0497,2026-02-25 08:10:00,40.0,Female,Tanta,Sports,Running Shoes,2,1800,0.05,Bank Transfer,Delivered,2026-02-27 08:10:00,5.0,3420.0,0.05,3420.0,False,False,3420.0,2026-02-01
18818,C1492,2026-04-04 16:20:00,21.0,Male,Aswan,Electronics,Smart Watch,1,2200,0.05,Cash,Delivered,2026-04-08 16:20:00,3.0,2090.0,0.05,2090.0,False,False,2090.0,2026-04-01
14143,C1343,2026-06-16 11:59:00,37.0,Male,Cairo,Home,Chair,2,2500,0,Mastercard,Delivered,2026-06-19 11:59:00,4.0,5000.0,0.0,5000.0,False,False,5000.0,2026-06-01
13936,C1071,2026-06-07 14:23:00,50.0,Male,Mansoura,Fashion,Shoes,1,1500,0.15,Cash,Delivered,2026-06-14 14:23:00,3.0,1275.0,0.15,1275.0,False,False,1275.0,2026-06-01
13735,C0212,2026-06-16 15:22:00,51.0,Male,Cairo,Sports,Dumbbells,1,1400,0.1,Bank Transfer,Delivered,2026-06-20 15:22:00,5.0,1260.0,0.1,1260.0,False,False,1260.0,2026-06-01
16824,C1354,2026-06-02 21:31:00,34.0,Male,Alexandria,Beauty,Face Cream,1,450,0.1,Cash,Delivered,2026-06-07 21:31:00,4.0,405.0,0.1,405.0,False,False,405.0,2026-06-01
11676,C1666,2026-06-11 04:06:00,39.0,Male,Giza,Sports,Yoga Mat,2,600,0,Visa,Delivered,2026-06-16 04:06:00,5.0,1200.0,0.0,1200.0,False,False,1200.0,2026-06-01
15418,C0762,2026-05-24 20:17:00,48.0,Male,Alexandria,Beauty,Perfume,1,1100,0.05,Mastercard,Delivered,2026-05-30 20:17:00,5.0,1045.0,0.05,1045.0,False,False,1045.0,2026-05-01
19728,C1132,2026-03-03 13:29:00,63.0,Male,Alexandria,Electronics,Keyboard,1,900,0,Visa,Delivered,2026-03-08 13:29:00,2.0,900.0,0.0,900.0,False,False,900.0,2026-03-01
18867,C0139,2026-03-16 09:55:00,31.0,Female,Mansoura,Beauty,Face Cream,3,450,10%,Visa,Delivered,2026-03-18 09:55:00,5.0,1215.0,0.1,1215.0,False,False,1215.0,2026-03-01
19607,C1263,2026-04-21 09:48:00,40.0,Male,Giza,Sports,Running Shoes,2,1800,0.15,Wallet,Delivered,2026-04-24 09:48:00,4.0,3060.0,0.15,3060.0,False,False,3060.0,2026-04-01
15818,C1017,2026-04-16 03:29:00,56.0,Female,Tanta,Fashion,Shoes,1,1500,0.2,Visa,Delivered,2026-04-19 03:29:00,4.0,1200.0,0.2,1200.0,False,False,1200.0,2026-04-01
15388,C0342,2026-01-28 22:17:00,63.0,Female,Cairo,Electronics,Laptop,1,18000,0.15,Visa,Delivered,2026-01-30 22:17:00,4.0,15300.0,0.15,15300.0,False,False,15300.0,2026-01-01
12347,C1782,2026-05-03 07:18:00,49.0,Female,Giza,Fashion,Jeans,2,900,0.1,Visa,Delivered,2026-05-05 07:18:00,5.0,1620.0,0.1,1620.0,False,False,1620.0,2026-05-01
11616,C0149,2026-05-30 08:33:00,43.0,Female,Tanta,Electronics,Laptop,1,18000,0.1,Wallet,Delivered,2026-06-02 08:33:00,4.0,16200.0,0.1,16200.0,False,False,16200.0,2026-05-01
19284,C0425,2026-04-22 20:55:00,34.0,Male,Giza,Fashion,Shoes,3,1500,0.05,Cash,Delivered,2026-04-23 20:55:00,3.0,4275.0,0.05,4275.0,False,False,4275.0,2026-04-01
10354,C0048,2026-01-18 15:54:00,56.0,Male,Giza,Fashion,t-shirt,2,500,0.15,Visa,Delivered,2026-01-22 15:54:00,4.0,850.0,0.15,850.0,False,False,850.0,2026-01-01
13721,C0668,2026-05-21 19:09:00,58.0,Female,Tanta,Sports,Running Shoes,3,1800,0.2,Wallet,Delivered,2026-05-25 19:09:00,4.0,4320.0,0.2,4320.0,False,False,4320.0,2026-05-01
10817,C1358,2026-01-29 09:28:00,26.0,Male,Alexandria,Beauty,Makeup Kit,4,900,0,Bank Transfer,Delivered,2026-02-01 09:28:00,5.0,3600.0,0.0,3600.0,False,False,3600.0,2026-01-01
15944,C1745,2026-03-22 06:10:00,43.0,Male,Alexandria,Fashion,Shoes,1,1500,0,Visa,Delivered,2026-03-24 06:10:00,3.0,1500.0,0.0,1500.0,False,False,1500.0,2026-03-01
10163,C1185,2026-01-16 11:37:00,69.0,Male,Cairo,Electronics,Smart Watch,1,2200,0,Bank Transfer,Delivered,2026-01-18 11:37:00,5.0,2200.0,0.0,2200.0,False,False,2200.0,2026-01-01
11020,C1271,2026-02-05 16:27:00,45.0,Male,Cairo,Home,Bedsheet,1,700,0.15,Cash,Delivered,2026-02-06 16:27:00,5.0,595.0,0.15,595.0,False,False,595.0,2026-02-01
10539,C0723,2026-01-21 23:37:00,21.0,Male,Aswan,Electronics,Keyboard,2,900,0,Cash,Delivered,2026-01-24 23:37:00,5.0,1800.0,0.0,1800.0,False,False,1800.0,2026-01-01
14668,C0543,2026-02-10 06:57:00,59.0,Male,Cairo,Beauty,Hair Dryer,1,1300,0%,Wallet,Delivered,2026-02-17 06:57:00,2.0,1300.0,0.0,1300.0,False,False,1300.0,2026-02-01
18393,C0910,2026-02-17 00:00:00,54.0,Female,Mansoura,Fashion,Jeans,2,900,0.05,Bank Transfer,Delivered,2026-02-20 08:50:00,5.0,1710.0,0.05,1710.0,False,False,1710.0,2026-02-01
11592,C0101,2026-01-29 17:28:00,23.0,Female,Alexandria,Fashion,Bag,4,750,0.1,Cash,Delivered,2026-02-02 17:28:00,4.0,2700.0,0.1,2700.0,False,False,2700.0,2026-01-01
14500,C1698,2026-06-08 18:18:00,61.0,Female,Mansoura,Electronics,Mouse,1,450,0.05,Visa,Delivered,2026-06-09 18:18:00,3.0,427.5,0.05,427.5,False,False,427.5,2026-06-01
17794,C0418,2026-02-05 08:43:00,68.0,Female,Cairo,Beauty,Face Cream,4,450,0.1,Cash,Delivered,2026-02-07 08:43:00,4.0,1620.0,0.1,1620.0,False,False,1620.0,2026-02-01
11688,C0737,2026-05-21 09:39:00,56.0,Male,Cairo,Home,Coffee Maker,1,1800,0.05,Wallet,Delivered,2026-05-26 09:39:00,4.0,1710.0,0.05,1710.0,False,False,1710.0,2026-05-01
17712,C0097,2026-06-01 08:21:00,27.0,Male,Cairo,Home,Chair,2,2500,0.15,Cash,Delivered,2026-06-06 08:21:00,5.0,4250.0,0.15,4250.0,False,False,4250.0,2026-06-01
17055,C0022,2026-03-10 01:09:00,63.0,Male,Cairo,Beauty,Hair Dryer,2,1300,0.05,Bank Transfer,Delivered,2026-03-14 01:09:00,4.0,2470.0,0.05,2470.0,False,False,2470.0,2026-03-01
18046,C0504,2026-01-05 17:17:00,32.0,Female,Cairo,Sports,Football,2,650,0.05,Cash,Delivered,2026-01-11 17:17:00,5.0,1235.0,0.05,1235.0,False,False,1235.0,2026-01-01
11161,C1972,2026-01-01 07:16:00,38.0,Male,Tanta,Fashion,Shoes,4,1500,0,Wallet,Delivered,2026-01-04 07:16:00,5.0,6000.0,0.0,6000.0,False,False,6000.0,2026-01-01
17635,C1257,2026-02-12 23:38:00,18.0,Male,Alexandria,Home,Chair,4,2500,0.15,Cash,Delivered,2026-02-15 23:38:00,3.0,8500.0,0.15,8500.0,False,False,8500.0,2026-02-01
10813,C0390,2026-06-29 14:23:00,38.0,Female,Mansoura,Sports,Football,1,650,0.15,Wallet,Delivered,2026-06-30 14:23:00,4.0,552.5,0.15,552.5,False,False,552.5,2026-06-01
12364,C0881,2026-01-02 19:54:00,48.0,Female,Giza,Fashion,T-Shirt,4,500,0.1,Cash,Delivered,2026-01-05 19:54:00,4.0,1800.0,0.1,1800.0,False,False,1800.0,2026-01-01
13566,C0954,2026-01-06 05:13:00,54.0,Female,Giza,Fashion,Bag,1,750,0,Wallet,Delivered,2026-01-11 05:13:00,4.0,750.0,0.0,750.0,False,False,750.0,2026-01-01
16243,C0054,2026-02-11 07:13:00,63.0,Female,Cairo,Fashion,Jacket,2,1200,0,Mastercard,Delivered,2026-02-12 07:13:00,4.0,2400.0,0.0,2400.0,False,False,2400.0,2026-02-01
10143,C1438,2026-04-24 17:16:00,43.0,Male,Tanta,Beauty,Face Cream,2,450,0,Visa,Delivered,2026-04-28 17:16:00,3.0,900.0,0.0,900.0,False,False,900.0,2026-04-01
10511,C0616,2026-03-21 20:41:00,42.0,Male,Giza,Electronics,Laptop,1,18000,0,Wallet,Delivered,2026-03-25 20:41:00,4.0,18000.0,0.0,18000.0,False,False,18000.0,2026-03-01
19963,C1737,2026-01-27 00:00:00,59.0,Female,Cairo,Fashion,T-Shirt,1,500,0.15,Bank Transfer,Delivered,2026-01-31 21:38:00,4.0,425.0,0.15,425.0,False,False,425.0,2026-01-01
10125,C1390,2026-04-05 05:31:00,28.0,Female,Alexandria,Fashion,Jacket,1,1200,0,Cash,Delivered,2026-04-07 05:31:00,5.0,1200.0,0.0,1200.0,False,False,1200.0,2026-04-01
17605,C1381,2026-02-21 13:27:00,61.0,Male,Cairo,Beauty,Perfume,3,1100,0.15,Cash,Delivered,2026-02-25 13:27:00,5.0,2805.0,0.15,2805.0,False,False,2805.0,2026-02-01
14328,C0418,2026-03-14 06:47:00,61.0,Male,Cairo,Sports,Dumbbells,4,1400,0,Bank Transfer,Delivered,2026-03-17 06:47:00,4.0,5600.0,0.0,5600.0,False,False,5600.0,2026-03-01
11906,C1290,2026-05-14 15:24:00,61.0,Male,Cairo,Beauty,Makeup Kit,1,900,0.05,Mastercard,Delivered,2026-05-19 15:24:00,5.0,855.0,0.05,855.0,False,False,855.0,2026-05-01
16080,C1850,2026-05-29 23:05:00,34.0,Male,Cairo,Fashion,T-Shirt,2,500,0,Mastercard,Delivered,2026-05-30 23:05:00,4.0,1000.0,0.0,1000.0,False,False,1000.0,2026-05-01
11657,C0559,2026-03-30 10:49:00,65.0,Male,Cairo,Fashion,Jeans,1,900,0,Cash,Delivered,2026-04-03 10:49:00,4.0,900.0,0.0,900.0,False,False,900.0,2026-03-01
14088,C1308,2026-02-14 00:49:00,68.0,Female,Cairo,Sports,Running Shoes,1,1800,0,Mastercard,Delivered,2026-02-18 00:49:00,3.0,1800.0,0.0,1800.0,False,False,1800.0,2026-02-01
19972,C1725,2026-03-07 23:09:00,56.0,Female,Alexandria,Electronics,Keyboard,1,900,0.1,Wallet,Delivered,2026-03-10 23:09:00,4.0,810.0,0.1,810.0,False,False,810.0,2026-03-01
18019,C1317,2026-06-13 21:12:00,24.0,Female,Mansoura,Sports,Dumbbells,2,1400,0.1,Cash,Delivered,2026-06-17 21:12:00,5.0,2520.0,0.1,2520.0,False,False,2520.0,2026-06-01
16233,C0819,2026-10-04 00:00:00,62.0,Female,Cairo,Fashion,T-Shirt,3,500,0,Wallet,Delivered,2026-04-14 14:24:00,4.0,1500.0,0.0,1500.0,False,False,1500.0,2026-10-01
16022,C0069,2026-01-06 13:15:00,31.0,Female,Aswan,Electronics,Laptop,3,18000,0.05,Cash,Delivered,2026-01-10 13:15:00,5.0,51300.0,0.05,51300.0,False,False,51300.0,2026-01-01
18243,C0417,2026-03-09 21:50:00,20.0,Male,Cairo,Electronics,Mouse,1,450,0.15,Visa,Delivered,2026-03-15 21:50:00,4.0,382.5,0.15,382.5,False,False,382.5,2026-03-01
14853,C0849,2026-02-14 12:03:00,67.0,Male,Tanta,Electronics,Mouse,4,450,0.05,Wallet,Delivered,2026-02-19 12:03:00,4.0,1710.0,0.05,1710.0,False,False,1710.0,2026-02-01
10907,C1478,2026-05-26 13:18:00,31.0,Male,Cairo,Electronics,Keyboard,2,900,0,Cash,Delivered,2026-05-29 13:18:00,4.0,1800.0,0.0,1800.0,False,False,1800.0,2026-05-01
11873,C0166,2026-04-29 00:00:00,31.0,Male,Alexandria,Electronics,Mouse,1,450,0.1,Wallet,Delivered,2026-05-04 16:00:00,4.0,405.0,0.1,405.0,False,False,405.0,2026-04-01
14479,C1976,2026-02-06 06:54:00,53.0,Male,Tanta,Home,Blender,3,1200,0,Mastercard,Delivered,2026-02-09 06:54:00,5.0,3600.0,0.0,3600.0,False,False,3600.0,2026-02-01
17685,C0027,2026-03-18 10:14:00,47.0,Male,Mansoura,Home,Lamp,2,300,0.15,Bank Transfer,Delivered,2026-03-20 10:14:00,4.0,510.0,0.15,510.0,False,False,510.0,2026-03-01
14839,C0055,2026-06-02 07:50:00,37.0,Female,Tanta,Home,Coffee Maker,1,1800,0.05,Mastercard,Delivered,2026-06-05 07:50:00,4.0,1710.0,0.05,1710.0,False,False,1710.0,2026-06-01
10300,C1501,2026-05-28 23:17:00,27.0,Female,Aswan,Fashion,Bag,1,750,0,Mastercard,Delivered,2026-05-31 23:17:00,5.0,750.0,0.0,750.0,False,False,750.0,2026-05-01
10076,C0865,2026-04-28 05:12:00,48.0,Female,Mansoura,Sports,Dumbbells,2,1400,0.05,Bank Transfer,Delivered,2026-05-01 05:12:00,4.0,2660.0,0.05,2660.0,False,False,2660.0,2026-04-01
14864,C1297,2026-03-02 17:50:00,34.0,Male,Mansoura,Sports,Running Shoes,1,1800,0.15,Wallet,Delivered,2026-03-08 17:50:00,5.0,1530.0,0.15,1530.0,False,False,1530.0,2026-03-01
19613,C0510,2026-12-02 00:00:00,33.0,Female,Mansoura,Home,Blender,2,1200,0.05,Cash,Delivered,2026-02-13 08:16:00,4.0,2280.0,0.05,2280.0,False,False,2280.0,2026-12-01
10480,C0169,2026-06-18 22:06:00,20.0,Male,Alexandria,Beauty,Shampoo,1,250,0,Visa,Delivered,2026-06-22 22:06:00,5.0,250.0,0.0,250.0,False,False,250.0,2026-06-01
19624,C0445,2026-01-31 16:05:00,53.0,Female,Cairo,Sports,Running Shoes,1,1800,0.05,Visa,Delivered,2026-02-05 16:05:00,4.0,1710.0,0.05,1710.0,False,False,1710.0,2026-01-01
11965,C0221,2026-06-22 04:57:00,36.0,Female,Mansoura,Sports,Running Shoes,1,1800,0.05,Bank Transfer,Delivered,2026-06-25 04:57:00,5.0,1710.0,0.05,1710.0,False,False,1710.0,2026-06-01
13799,C1528,2026-06-17 00:10:00,32.0,Female,Alexandria,Sports,Tennis Racket,4,1600,0,Mastercard,Delivered,2026-06-20 00:10:00,5.0,6400.0,0.0,6400.0,False,False,6400.0,2026-06-01
19070,C1943,2026-04-22 11:20:00,45.0,Female,Tanta,Electronics,Keyboard,1,900,0,Bank Transfer,Delivered,2026-04-26 11:20:00,4.0,900.0,0.0,900.0,False,False,900.0,2026-04-01
11374,C1136,2026-05-26 14:40:00,61.0,Female,Mansoura,Electronics,Laptop,2,18000,0.1,Mastercard,Delivered,2026-06-01 14:40:00,2.0,32400.0,0.1,32400.0,False,False,32400.0,2026-05-01
15102,C0403,2026-02-13 11:29:00,48.0,Male,Cairo,Home,Bedsheet,4,700,0,Bank Transfer,Delivered,2026-02-15 11:29:00,5.0,2800.0,0.0,2800.0,False,False,2800.0,2026-02-01
18168,C0988,2026-03-31 13:00:00,58.0,Female,Giza,Beauty,Shampoo,3,250,0.1,Cash,Delivered,2026-04-06 13:00:00,4.0,675.0,0.1,675.0,False,False,675.0,2026-03-01
13933,C1656,2026-04-12 14:26:00,22.0,Female,Giza,Electronics,Headphones,2,850,0,Cash,Delivered,2026-04-13 14:26:00,4.0,1700.0,0.0,1700.0,False,False,1700.0,2026-04-01
17989,C1257,2026-01-14 21:16:00,57.0,Female,Alexandria,Beauty,Face Cream,4,450,0.05,Mastercard,Delivered,2026-01-17 21:16:00,4.0,1710.0,0.05,1710.0,False,False,1710.0,2026-01-01
16425,C0431,2026-02-15 08:47:00,18.0,Female,Giza,Fashion,Jeans,3,900,0.1,Visa,Delivered,2026-02-17 08:47:00,5.0,2430.0,0.1,2430.0,False,False,2430.0,2026-02-01
16949,C1975,2026-02-26 21:58:00,32.0,Female,Cairo,Sports,Tennis Racket,2,1600,0,Bank Transfer,Delivered,2026-03-03 21:58:00,5.0,3200.0,0.0,3200.0,False,False,3200.0,2026-02-01
17303,C1609,2026-05-18 16:09:00,61.0,Female,Tanta,Beauty,Perfume,1,1100,0,Cash,Delivered,2026-05-22 16:09:00,5.0,1100.0,0.0,1100.0,False,False,1100.0,2026-05-01
18094,C1259,2026-03-26 21:31:00,33.0,Female,Giza,Beauty,Makeup Kit,3,900,0,Wallet,Delivered,2026-04-02 21:31:00,3.0,2700.0,0.0,2700.0,False,False,2700.0,2026-03-01
15734,C1891,2026-06-04 17:47:00,20.0,Male,Cairo,Sports,Football,1,650,0.1,Bank Transfer,Delivered,2026-06-08 17:47:00,5.0,585.0,0.1,585.0,False,False,585.0,2026-06-01
10600,C0222,2026-05-07 16:15:00,24.0,Male,Tanta,Beauty,Perfume,3,1100,0.05,Visa,Delivered,2026-05-10 16:15:00,4.0,3135.0,0.05,3135.0,False,False,3135.0,2026-05-01
11260,C1374,2026-06-17 13:06:00,23.0,Male,Cairo,Sports,Tennis Racket,4,1600,0.15,Cash,Delivered,2026-06-21 13:06:00,5.0,5440.0,0.15,5440.0,False,False,5440.0,2026-06-01
16878,C0485,2026-03-07 20:51:00,43.0,Male,Alexandria,Fashion,T-Shirt,1,500,0,Wallet,Delivered,2026-03-09 20:51:00,4.0,500.0,0.0,500.0,False,False,500.0,2026-03-01
13974,C1365,2026-01-13 10:23:00,50.0,Female,Alexandria,Beauty,Shampoo,2,250,0.05,Visa,Delivered,2026-01-16 10:23:00,5.0,475.0,0.05,475.0,False,False,475.0,2026-01-01
13852,C1903,2026-04-23 10:37:00,34.0,Male,Cairo,Home,Chair,1,2500,0.15,Visa,Delivered,2026-04-24 10:37:00,4.0,2125.0,0.15,2125.0,False,False,2125.0,2026-04-01
11274,C1311,2026-03-29 18:16:00,60.0,Female,Giza,Sports,Yoga Mat,2,600,0.2,Wallet,Delivered,2026-04-01 18:16:00,5.0,960.0,0.2,960.0,False,False,960.0,2026-03-01
10090,C0934,2026-05-17 01:52:00,61.0,Female,Aswan,Sports,Running Shoes,2,1800,0,Mastercard,Delivered,2026-05-24 01:52:00,4.0,3600.0,0.0,3600.0,False,False,3600.0,2026-05-01
18882,C1202,2026-03-15 07:54:00,57.0,Male,Tanta,Home,Lamp,1,300,0.1,Bank Transfer,Delivered,2026-03-19 07:54:00,5.0,270.0,0.1,270.0,False,False,270.0,2026-03-01
13142,C1194,2026-02-01 06:21:00,31.0,Female,Giza,Electronics,Mouse,1,450,0%,Cash,Delivered,2026-02-06 06:21:00,5.0,450.0,0.0,450.0,False,False,450.0,2026-02-01
18337,C1089,2026-06-12 02:43:00,57.0,Male,Tanta,Electronics,Laptop,1,18000,0,Visa,Delivered,2026-06-14 02:43:00,5.0,18000.0,0.0,18000.0,False,False,18000.0,2026-06-01
16986,C0080,2026-05-31 16:32:00,35.0,Female,Cairo,Electronics,Keyboard,1,900,0.1,Cash,Delivered,2026-06-05 16:32:00,5.0,810.0,0.1,810.0,False,False,810.0,2026-05-01
10503,C0843,2026-01-23 01:56:00,69.0,Male,Mansoura,Fashion,Shoes,1,1500,0.15,Mastercard,Delivered,2026-01-26 01:56:00,4.0,1275.0,0.15,1275.0,False,False,1275.0,2026-01-01
10105,C1166,2026-04-30 17:03:00,35.0,Male,Alexandria,Beauty,Perfume,1,1100,0.15,Visa,Delivered,2026-05-03 17:03:00,3.0,935.0,0.15,935.0,False,False,935.0,2026-04-01
11465,C0118,2026-01-14 10:18:00,40.0,Male,Aswan,Home,Blender,4,1200,0.15,Mastercard,Delivered,2026-01-17 10:18:00,4.0,4080.0,0.15,4080.0,False,False,4080.0,2026-01-01
10536,C0327,2026-03-03 08:30:00,68.0,Male,Giza,Fashion,Shoes,4,1500,0,Mastercard,Delivered,2026-03-07 08:30:00,3.0,6000.0,0.0,6000.0,False,False,6000.0,2026-03-01
19482,C1003,2026-05-18 04:23:00,49.0,Male,Mansoura,Home,Blender,3,1200,0.1,Visa,Delivered,2026-05-25 04:23:00,5.0,3240.0,0.1,3240.0,False,False,3240.0,2026-05-01
15446,C1474,2026-05-27 03:13:00,24.0,Female,Cairo,Home,Lamp,3,300,0.05,Visa,Delivered,2026-05-29 03:13:00,4.0,855.0,0.05,855.0,False,False,855.0,2026-05-01
15738,C1888,2026-03-14 17:30:00,61.0,Male,Cairo,Home,Lamp,2,300,0,Mastercard,Delivered,2026-03-17 17:30:00,3.0,600.0,0.0,600.0,False,False,600.0,2026-03-01
12055,C0340,2026-01-06 08:27:00,30.0,Female,Cairo,Home,Chair,3,2500,0.15,Bank Transfer,Delivered,2026-01-12 08:27:00,4.0,6375.0,0.15,6375.0,False,False,6375.0,2026-01-01
16517,C1485,2026-06-12 08:16:00,51.0,Female,Alexandria,Beauty,Makeup Kit,1,900,0.05,Mastercard,Delivered,2026-06-14 08:16:00,5.0,855.0,0.05,855.0,False,False,855.0,2026-06-01
18292,C1984,2026-02-23 17:12:00,61.0,Female,Tanta,Electronics,Keyboard,4,900,0,Bank Transfer,Delivered,2026-02-28 17:12:00,4.0,3600.0,0.0,3600.0,False,False,3600.0,2026-02-01
19152,C1478,2026-04-12 05:19:00,56.0,Male,Giza,Fashion,Shoes,4,1500,0,Cash,Delivered,2026-04-15 05:19:00,4.0,6000.0,0.0,6000.0,False,False,6000.0,2026-04-01
13752,C1752,2026-02-02 13:27:00,41.0,Female,Cairo,Fashion,Shoes,3,1500,0.05,Mastercard,Delivered,2026-02-05 13:27:00,2.0,4275.0,0.05,4275.0,False,False,4275.0,2026-02-01
12743,C1278,2026-06-27 20:20:00,26.0,Male,Tanta,Electronics,Smart Watch,1,2200,0,Mastercard,Delivered,2026-07-01 20:20:00,5.0,2200.0,0.0,2200.0,False,False,2200.0,2026-06-01
13508,C0052,2026-02-07 02:24:00,30.0,Male,Aswan,Home,Bedsheet,3,700,10%,Visa,Delivered,2026-02-11 02:24:00,5.0,1890.0,0.1,1890.0,False,False,1890.0,2026-02-01
14462,C0810,2026-06-29 13:24:00,57.0,Male,Cairo,Electronics,Laptop,1,18000,0.2,Wallet,Delivered,2026-07-03 13:24:00,5.0,14400.0,0.2,14400.0,False,False,14400.0,2026-06-01
15730,C1834,2026-01-06 02:27:00,27.0,Male,Aswan,Electronics,Smart Watch,2,2200,0,Cash,Delivered,2026-01-08 02:27:00,4.0,4400.0,0.0,4400.0,False,False,4400.0,2026-01-01
15135,C0659,2026-01-15 00:00:00,49.0,Male,Aswan,Fashion,T-Shirt,3,500,0,Wallet,Delivered,2026-01-22 02:48:00,5.0,1500.0,0.0,1500.0,False,False,1500.0,2026-01-01
13349,C1927,2026-03-18 08:43:00,19.0,Male,Mansoura,Electronics,Headphones,1,850,0,Mastercard,Delivered,2026-03-19 08:43:00,5.0,850.0,0.0,850.0,False,False,850.0,2026-03-01
13340,C0052,2026-04-18 04:32:00,39.0,Female,Alexandria,Beauty,Shampoo,3,250,0,Wallet,Delivered,2026-04-24 04:32:00,3.0,750.0,0.0,750.0,False,False,750.0,2026-04-01
12301,C0040,2026-05-26 09:40:00,53.0,Male,Cairo,Beauty,Face Cream,1,450,0,Cash,Delivered,2026-05-30 09:40:00,5.0,450.0,0.0,450.0,False,False,450.0,2026-05-01
19301,C0917,2026-05-30 05:06:00,43.0,Female,Cairo,Home,Lamp,1,300,0,Mastercard,Delivered,2026-06-02 05:06:00,5.0,300.0,0.0,300.0,False,False,300.0,2026-05-01
18023,C0981,2026-03-15 00:15:00,22.0,Male,Cairo,Sports,Running Shoes,3,1800,0.1,Bank Transfer,Delivered,2026-03-16 00:15:00,5.0,4860.0,0.1,4860.0,False,False,4860.0,2026-03-01
11334,C0772,2026-03-30 16:11:00,23.0,Male,Mansoura,Home,Bedsheet,1,700,0,Visa,Delivered,2026-03-31 16:11:00,3.0,700.0,0.0,700.0,False,False,700.0,2026-03-01
19983,C0549,2026-06-05 23:07:00,41.0,Male,Cairo,Beauty,Hair Dryer,1,1300,0.05,Cash,Delivered,2026-06-10 23:07:00,5.0,1235.0,0.05,1235.0,False,False,1235.0,2026-06-01
10188,C0598,2026-03-31 21:11:00,34.0,Male,Cairo,Electronics,Mouse,2,450,0.05,Cash,Delivered,2026-04-05 21:11:00,4.0,855.0,0.05,855.0,False,False,855.0,2026-03-01
17414,C0960,2026-04-18 00:00:00,25.0,Female,Cairo,Sports,Yoga Mat,4,600,0,Visa,Delivered,2026-04-20 11:49:00,5.0,2400.0,0.0,2400.0,False,False,2400.0,2026-04-01
12279,C0757,2026-01-09 04:09:00,64.0,Male,Mansoura,Electronics,Smart Watch,1,2200,0.15,Bank Transfer,Delivered,2026-01-11 04:09:00,5.0,1870.0,0.15,1870.0,False,False,1870.0,2026-01-01
10077,C1709,2026-05-10 18:50:00,53.0,Male,Alexandria,Electronics,Laptop,2,18000,0,Mastercard,Delivered,2026-05-12 18:50:00,4.0,36000.0,0.0,36000.0,False,False,36000.0,2026-05-01
19993,C0042,2026-03-05 06:55:00,18.0,Female,Alexandria,Home,Coffee Maker,1,1800,0,Visa,Delivered,2026-03-11 06:55:00,5.0,1800.0,0.0,1800.0,False,False,1800.0,2026-03-01
13530,C0420,2026-04-03 16:15:00,58.0,Female,Cairo,Home,Blender,3,1200,0.15,Mastercard,Delivered,2026-04-09 16:15:00,4.0,3060.0,0.15,3060.0,False,False,3060.0,2026-04-01
18979,C1856,2026-06-21 02:31:00,19.0,Female,Cairo,Beauty,Face Cream,4,450,0.05,Visa,Delivered,2026-06-25 02:31:00,2.0,1710.0,0.05,1710.0,False,False,1710.0,2026-06-01
18646,C0468,2026-06-09 22:05:00,31.0,Male,Tanta,Electronics,mouse,2,450,0.05,Cash,Delivered,2026-06-14 22:05:00,3.0,855.0,0.05,855.0,False,False,855.0,2026-06-01
13991,C0061,2026-04-14 20:13:00,61.0,Female,Alexandria,Beauty,Shampoo,2,250,10%,Visa,Delivered,2026-04-17 20:13:00,3.0,450.0,0.1,450.0,False,False,450.0,2026-04-01
19737,C0037,2026-05-02 00:00:00,46.0,Male,Aswan,Sports,Yoga Mat,1,600,0.05,Bank Transfer,Delivered,2026-05-04 05:16:00,3.0,570.0,0.05,570.0,False,False,570.0,2026-05-01
10642,C1905,2026-05-20 12:09:00,24.0,Male,Cairo,Beauty,Face Cream,2,450,0.05,Wallet,Delivered,2026-05-21 12:09:00,3.0,855.0,0.05,855.0,False,False,855.0,2026-05-01
16402,C0798,2026-03-31 06:59:00,56.0,Male,Cairo,Electronics,Headphones,2,850,0,Visa,Delivered,2026-04-02 06:59:00,4.0,1700.0,0.0,1700.0,False,False,1700.0,2026-03-01
19864,C0116,2026-06-14 22:29:00,40.0,Male,Alexandria,Beauty,Face Cream,3,450,0,Mastercard,Delivered,2026-06-17 22:29:00,3.0,1350.0,0.0,1350.0,False,False,1350.0,2026-06-01
17476,C1787,2026-02-19 02:27:00,56.0,Female,Giza,Home,Lamp,2,300,0.1,Mastercard,Delivered,2026-02-22 02:27:00,4.0,540.0,0.1,540.0,False,False,540.0,2026-02-01
17769,C1067,2026-04-04 02:26:00,37.0,Male,Mansoura,Sports,Football,3,650,0.1,Bank Transfer,Delivered,2026-04-08 02:26:00,2.0,1755.0,0.1,1755.0,False,False,1755.0,2026-04-01
10921,C1766,2026-03-08 15:11:00,53.0,Female,Cairo,Sports,Football,1,650,0,Bank Transfer,Delivered,2026-03-13 15:11:00,4.0,650.0,0.0,650.0,False,False,650.0,2026-03-01
17364,C1098,2026-05-02 23:37:00,55.0,Female,Mansoura,Home,Blender,1,1200,0.1,Visa,Delivered,2026-05-04 23:37:00,3.0,1080.0,0.1,1080.0,False,False,1080.0,2026-05-01
10919,C1862,2026-03-21 03:37:00,54.0,Male,Mansoura,Beauty,Perfume,1,1100,0.15,Bank Transfer,Delivered,2026-03-26 03:37:00,4.0,935.0,0.15,935.0,False,False,935.0,2026-03-01
13182,C1283,2026-06-13 00:17:00,53.0,Male,Giza,Sports,Tennis Racket,1,1600,0,Visa,Delivered,2026-06-18 00:17:00,4.0,1600.0,0.0,1600.0,False,False,1600.0,2026-06-01
11132,C0209,2026-03-03 23:23:00,20.0,Female,Giza,Sports,Dumbbells,1,1400,0.05,Mastercard,Delivered,2026-03-07 23:23:00,1.0,1330.0,0.05,1330.0,False,False,1330.0,2026-03-01
15969,C1885,2026-03-23 21:28:00,47.0,Female,Tanta,Sports,Running Shoes,2,1800,0.05,Mastercard,Delivered,2026-03-26 21:28:00,4.0,3420.0,0.05,3420.0,False,False,3420.0,2026-03-01
16662,C0829,2026-01-17 20:55:00,24.0,Female,Tanta,Home,Coffee Maker,1,1800,0,Wallet,Delivered,2026-01-21 20:55:00,3.0,1800.0,0.0,1800.0,False,False,1800.0,2026-01-01
12150,C1196,2026-01-16 20:14:00,56.0,Male,Mansoura,Sports,Dumbbells,1,1400,0.1,Bank Transfer,Delivered,2026-01-19 20:14:00,3.0,1260.0,0.1,1260.0,False,False,1260.0,2026-01-01
12541,C1413,2026-03-02 07:39:00,38.0,Male,Alexandria,Beauty,Makeup Kit,4,900,0.15,Wallet,Delivered,2026-03-06 07:39:00,4.0,3060.0,0.15,3060.0,False,False,3060.0,2026-03-01
12293,C1156,2026-03-18 01:02:00,54.0,Male,Cairo,Beauty,Shampoo,2,250,0,Mastercard,Delivered,2026-03-21 01:02:00,2.0,500.0,0.0,500.0,False,False,500.0,2026-03-01
18659,C0387,2026-04-17 15:36:00,65.0,Male,Cairo,Beauty,Face Cream,4,450,0.05,Mastercard,Delivered,2026-04-22 15:36:00,5.0,1710.0,0.05,1710.0,False,False,1710.0,2026-04-01
18338,C0655,2026-04-09 13:00:00,63.0,Male,Mansoura,Electronics,Laptop,2,18000,0,Mastercard,Delivered,2026-04-12 13:00:00,4.0,36000.0,0.0,36000.0,False,False,36000.0,2026-04-01
16988,C1390,2026-04-29 10:53:00,55.0,Male,Cairo,Home,Lamp,4,300,0,Wallet,Delivered,2026-05-04 10:53:00,3.0,1200.0,0.0,1200.0,False,False,1200.0,2026-04-01
12887,C1235,2026-02-18 15:20:00,57.0,Male,Tanta,Fashion,T-Shirt,2,500,0.2,Cash,Delivered,2026-02-25 15:20:00,3.0,800.0,0.2,800.0,False,False,800.0,2026-02-01
17448,C0949,2026-03-02 16:45:00,25.0,Male,Cairo,Fashion,Jeans,1,900,0.1,Bank Transfer,Delivered,2026-03-06 16:45:00,4.0,810.0,0.1,810.0,False,False,810.0,2026-03-01
12253,C1732,2026-03-18 07:39:00,62.0,Female,Tanta,Home,Blender,1,1200,0.1,Visa,Delivered,2026-03-21 07:39:00,4.0,1080.0,0.1,1080.0,False,False,1080.0,2026-03-01
19586,C1825,2026-01-27 11:47:00,35.0,Female,Cairo,Sports,Tennis Racket,3,1600,0.2,Cash,Delivered,2026-01-29 11:47:00,5.0,3840.0,0.2,3840.0,False,False,3840.0,2026-01-01
10794,C0125,2026-03-12 05:10:00,61.0,Male,Cairo,Sports,Tennis Racket,2,1600,0.15,Bank Transfer,Delivered,2026-03-15 05:10:00,5.0,2720.0,0.15,2720.0,False,False,2720.0,2026-03-01
17752,C0312,2026-05-31 09:50:00,18.0,Male,Cairo,Fashion,Jeans,2,900,0.1,Wallet,Delivered,2026-06-04 09:50:00,3.0,1620.0,0.1,1620.0,False,False,1620.0,2026-05-01
13380,C0754,2026-05-10 10:07:00,36.0,Female,Alexandria,Home,Chair,3,2500,0.05,Mastercard,Delivered,2026-05-12 10:07:00,4.0,7125.0,0.05,7125.0,False,False,7125.0,2026-05-01
13081,C0330,2026-06-07 00:00:00,29.0,Female,Alexandria,Electronics,Laptop,1,18000,0.1,Visa,Delivered,2026-06-11 10:25:00,4.0,16200.0,0.1,16200.0,False,False,16200.0,2026-06-01
14191,C1594,2026-02-17 00:00:00,18.0,Female,Cairo,Fashion,Jeans,3,900,0.05,Bank Transfer,Delivered,2026-02-19 23:59:00,5.0,2565.0,0.05,2565.0,False,False,2565.0,2026-02-01
17991,C0820,2026-06-13 02:57:00,24.0,Male,Giza,Electronics,Mouse,1,450,5%,Wallet,Delivered,2026-06-14 02:57:00,2.0,427.5,0.05,427.5,False,False,427.5,2026-06-01
18331,C0529,2026-02-20 22:34:00,48.0,Female,Giza,Electronics,Keyboard,1,900,0,Visa,Delivered,2026-02-26 22:34:00,4.0,900.0,0.0,900.0,False,False,900.0,2026-02-01
10109,C0160,2026-01-13 23:46:00,42.0,Female,Tanta,Electronics,Laptop,1,18000,0.05,Cash,Delivered,2026-01-16 23:46:00,2.0,17100.0,0.05,17100.0,False,False,17100.0,2026-01-01
17575,C0528,2026-06-13 09:58:00,66.0,Male,Cairo,Electronics,Keyboard,2,900,0.1,Visa,Delivered,2026-06-14 09:58:00,4.0,1620.0,0.1,1620.0,False,False,1620.0,2026-06-01
19710,C0993,2026-01-24 04:52:00,23.0,Female,Cairo,Beauty,Shampoo,3,250,0.05,Mastercard,Delivered,2026-01-29 04:52:00,3.0,712.5,0.05,712.5,False,False,712.5,2026-01-01
17657,C0456,2026-01-27 04:30:00,63.0,Female,Alexandria,Electronics,Keyboard,1,900,0.05,Cash,Delivered,2026-02-01 04:30:00,4.0,855.0,0.05,855.0,False,False,855.0,2026-01-01
15095,C1459,2026-06-19 06:19:00,70.0,Female,Cairo,Beauty,Hair Dryer,4,1300,0.1,Wallet,Delivered,2026-06-23 06:19:00,5.0,4680.0,0.1,4680.0,False,False,4680.0,2026-06-01
19391,C0349,2026-06-24 22:41:00,44.0,Female,Cairo,Sports,Yoga Mat,4,600,0.1,Bank Transfer,Delivered,2026-07-01 22:41:00,2.0,2160.0,0.1,2160.0,False,False,2160.0,2026-06-01
14551,C1985,2026-04-25 23:02:00,49.0,Male,Alexandria,Home,Lamp,1,300,0,Mastercard,Delivered,2026-05-01 23:02:00,3.0,300.0,0.0,300.0,False,False,300.0,2026-04-01
10424,C0189,2026-02-04 07:23:00,36.0,Male,Giza,Home,Lamp,1,300,10%,Visa,Delivered,2026-02-07 07:23:00,3.0,270.0,0.1,270.0,False,False,270.0,2026-02-01
10121,C1683,2026-05-11 00:57:00,55.0,Female,Alexandria,Electronics,Keyboard,1,900,0.1,Wallet,Delivered,2026-05-14 00:57:00,4.0,810.0,0.1,810.0,False,False,810.0,2026-05-01
14476,C1728,2026-04-03 07:09:00,69.0,Male,Alexandria,Sports,Football,1,650,0,Wallet,Delivered,2026-04-08 07:09:00,4.0,650.0,0.0,650.0,False,False,650.0,2026-04-01
19300,C1294,2026-04-09 07:48:00,53.0,Male,Alexandria,Sports,Dumbbells,4,1400,0.05,Cash,Delivered,2026-04-15 07:48:00,3.0,5320.0,0.05,5320.0,False,False,5320.0,2026-04-01
15300,C0633,2026-04-14 04:48:00,30.0,Male,Cairo,Fashion,Bag,1,750,0.15,Wallet,Delivered,2026-04-21 04:48:00,3.0,637.5,0.15,637.5,False,False,637.5,2026-04-01
16319,C0902,2026-06-05 12:19:00,49.0,Female,Cairo,Fashion,Jeans,1,900,0.05,Wallet,Delivered,2026-06-08 12:19:00,3.0,855.0,0.05,855.0,False,False,855.0,2026-06-01
12996,C1363,2026-01-04 22:04:00,70.0,Female,Cairo,Beauty,Shampoo,1,250,0.2,Cash,Delivered,2026-01-08 22:04:00,5.0,200.0,0.2,200.0,False,False,200.0,2026-01-01
13866,C0563,2026-02-19 14:54:00,29.0,Male,Giza,Home,Bedsheet,1,700,0,Cash,Delivered,2026-02-21 14:54:00,5.0,700.0,0.0,700.0,False,False,700.0,2026-02-01
16504,C0310,2026-03-27 15:06:00,37.0,Female,Cairo,Electronics,Mouse,1,450,0,Bank Transfer,Delivered,2026-03-30 15:06:00,5.0,450.0,0.0,450.0,False,False,450.0,2026-03-01
13160,C0829,2026-02-09 05:36:00,70.0,Male,Giza,Beauty,Shampoo,1,250,0.2,Wallet,Delivered,2026-02-12 05:36:00,4.0,200.0,0.2,200.0,False,False,200.0,2026-02-01
13237,C1271,2026-05-09 01:34:00,43.0,Female,Aswan,Home,Chair,4,2500,0,Visa,Delivered,2026-05-13 01:34:00,2.0,10000.0,0.0,10000.0,False,False,10000.0,2026-05-01
14751,C0714,2026-04-11 23:28:00,64.0,Male,Cairo,Sports,Dumbbells,4,1400,0.05,Cash,Delivered,2026-04-12 23:28:00,4.0,5320.0,0.05,5320.0,False,False,5320.0,2026-04-01
11947,C1311,2026-01-28 06:37:00,26.0,Female,Tanta,Home,Coffee Maker,2,1800,0.05,Bank Transfer,Delivered,2026-01-30 06:37:00,4.0,3420.0,0.05,3420.0,False,False,3420.0,2026-01-01
10768,C0434,2026-02-01 21:54:00,68.0,Female,Alexandria,Sports,Yoga Mat,3,600,0.05,Visa,Delivered,2026-02-07 21:54:00,3.0,1710.0,0.05,1710.0,False,False,1710.0,2026-02-01
16466,C1491,2026-02-04 02:04:00,55.0,Male,Alexandria,Sports,Yoga Mat,2,600,0,Bank Transfer,Delivered,2026-02-07 02:04:00,5.0,1200.0,0.0,1200.0,False,False,1200.0,2026-02-01
15034,C0245,2026-05-07 03:52:00,31.0,Female,Giza,Beauty,Shampoo,4,250,0.2,Mastercard,Delivered,2026-05-10 03:52:00,4.0,800.0,0.2,800.0,False,False,800.0,2026-05-01
11143,C0037,2026-06-27 20:19:00,25.0,Male,Mansoura,Sports,Tennis Racket,1,1600,0,Mastercard,Delivered,2026-06-28 20:19:00,3.0,1600.0,0.0,1600.0,False,False,1600.0,2026-06-01
18330,C0133,2026-02-25 11:00:00,23.0,Female,Alexandria,Electronics,Keyboard,2,900,0,Wallet,Delivered,2026-03-01 11:00:00,4.0,1800.0,0.0,1800.0,False,False,1800.0,2026-02-01
14148,C0954,2026-03-17 18:30:00,35.0,Male,Mansoura,Fashion,Jeans,1,900,0,Wallet,Delivered,2026-03-18 18:30:00,4.0,900.0,0.0,900.0,False,False,900.0,2026-03-01
10421,C0273,2026-06-07 19:28:00,62.0,Female,Giza,Sports,Tennis Racket,1,1600,0,Cash,Delivered,2026-06-10 19:28:00,4.0,1600.0,0.0,1600.0,False,False,1600.0,2026-06-01
16160,C1039,2026-01-13 22:17:00,40.0,Male,Alexandria,Sports,Tennis Racket,2,1600,0,Cash,Delivered,2026-01-15 22:17:00,5.0,3200.0,0.0,3200.0,False,False,3200.0,2026-01-01
16934,C1337,2026-01-06 16:12:00,64.0,Male,Cairo,Electronics,Smart Watch,1,2200,0,Cash,Delivered,2026-01-08 16:12:00,2.0,2200.0,0.0,2200.0,False,False,2200.0,2026-01-01
10611,C0428,2026-06-07 16:31:00,63.0,Male,Cairo,Fashion,Jacket,1,1200,0,Bank Transfer,Delivered,2026-06-09 16:31:00,5.0,1200.0,0.0,1200.0,False,False,1200.0,2026-06-01
16758,C0475,2026-01-30 01:45:00,18.0,Male,Giza,Electronics,Headphones,1,850,0,Mastercard,Delivered,2026-02-01 01:45:00,4.0,850.0,0.0,850.0,False,False,850.0,2026-01-01
14052,C1370,2026-06-19 08:34:00,24.0,Male,Giza,Sports,Running Shoes,2,1800,0.15,Wallet,Delivered,2026-06-26 08:34:00,5.0,3060.0,0.15,3060.0,False,False,3060.0,2026-06-01
11090,C0487,2026-01-10 20:54:00,69.0,Female,Tanta,Fashion,Bag,2,750,0.2,Mastercard,Delivered,2026-01-14 20:54:00,2.0,1200.0,0.2,1200.0,False,False,1200.0,2026-01-01
13495,C0257,2026-04-15 01:47:00,51.0,Female,Cairo,Beauty,Face Cream,1,450,0,Visa,Delivered,2026-04-18 01:47:00,5.0,450.0,0.0,450.0,False,False,450.0,2026-04-01
15915,C1658,2026-01-09 20:17:00,18.0,Male,Cairo,Electronics,Headphones,2,850,0,Mastercard,Delivered,2026-01-10 20:17:00,3.0,1700.0,0.0,1700.0,False,False,1700.0,2026-01-01
14324,C0902,2026-05-09 10:15:00,69.0,Female,Cairo,Home,Chair,2,2500,0,Wallet,Delivered,2026-05-10 10:15:00,3.0,5000.0,0.0,5000.0,False,False,5000.0,2026-05-01
17179,C0823,2026-01-31 15:38:00,44.0,Female,Alexandria,Beauty,Shampoo,2,250,0,Cash,Delivered,2026-02-03 15:38:00,4.0,500.0,0.0,500.0,False,False,500.0,2026-01-01
13622,C0167,2026-03-22 07:04:00,24.0,Male,Alexandria,Sports,Running Shoes,2,1800,0.05,Bank Transfer,Delivered,2026-03-27 07:04:00,5.0,3420.0,0.05,3420.0,False,False,3420.0,2026-03-01
16742,C0303,2026-02-01 06:15:00,70.0,Female,Cairo,Home,Lamp,2,300,0.2,Cash,Delivered,2026-02-04 06:15:00,4.0,480.0,0.2,480.0,False,False,480.0,2026-02-01
18242,C1522,2026-03-31 00:54:00,26.0,Male,Alexandria,Sports,Running Shoes,1,1800,0.05,Bank Transfer,Delivered,2026-04-03 00:54:00,3.0,1710.0,0.05,1710.0,False,False,1710.0,2026-03-01
10337,C0803,2026-05-29 18:53:00,28.0,Male,Cairo,Beauty,Perfume,2,1100,0,Mastercard,Delivered,2026-06-01 18:53:00,3.0,2200.0,0.0,2200.0,False,False,2200.0,2026-05-01
12283,C1691,2026-06-22 01:14:00,36.0,Female,Giza,Beauty,Perfume,1,1100,0.1,Cash,Delivered,2026-06-25 01:14:00,3.0,990.0,0.1,990.0,False,False,990.0,2026-06-01
15269,C0371,2026-02-10 11:34:00,54.0,Male,Cairo,Fashion,Shoes,2,1500,0.15,Visa,Delivered,2026-02-14 11:34:00,4.0,2550.0,0.15,2550.0,False,False,2550.0,2026-02-01
15946,C0739,2026-01-28 08:04:00,33.0,Female,Giza,Sports,Yoga Mat,1,600,0,Bank Transfer,Delivered,2026-02-04 08:04:00,4.0,600.0,0.0,600.0,False,False,600.0,2026-01-01
13600,C1039,2026-05-12 23:32:00,33.0,Female,Cairo,Beauty,Face Cream,2,450,0,Wallet,Delivered,2026-05-15 23:32:00,3.0,900.0,0.0,900.0,False,False,900.0,2026-05-01
13802,C0666,2026-04-04 15:46:00,63.0,Female,Giza,Beauty,Hair Dryer,1,1300,0,Mastercard,Delivered,2026-04-06 15:46:00,3.0,1300.0,0.0,1300.0,False,False,1300.0,2026-04-01
11671,C1346,2026-03-28 06:59:00,27.0,Female,Mansoura,Fashion,Bag,4,750,0.15,Wallet,Delivered,2026-04-01 06:59:00,4.0,2550.0,0.15,2550.0,False,False,2550.0,2026-03-01
14306,C0134,2026-06-16 00:00:00,64.0,Male,Giza,Sports,Tennis Racket,1,1600,0.05,Cash,Delivered,2026-06-20 12:15:00,5.0,1520.0,0.05,1520.0,False,False,1520.0,2026-06-01
19285,C1952,2026-02-03 20:28:00,21.0,Male,Giza,Home,Blender,1,1200,0.1,Visa,Delivered,2026-02-07 20:28:00,4.0,1080.0,0.1,1080.0,False,False,1080.0,2026-02-01
11419,C1491,2026-03-29 09:51:00,67.0,Male,Giza,Electronics,Smart Watch,4,2200,0.1,Cash,Delivered,2026-04-03 09:51:00,4.0,7920.0,0.1,7920.0,False,False,7920.0,2026-03-01
10003,C1706,2026-01-15 14:50:00,61.0,Female,Aswan,Sports,Tennis Racket,1,1600,0.15,Bank Transfer,Delivered,2026-01-16 14:50:00,5.0,1360.0,0.15,1360.0,False,False,1360.0,2026-01-01
13705,C1722,2026-03-29 13:23:00,28.0,Male,Giza,Home,Bedsheet,1,700,0.1,Bank Transfer,Delivered,2026-04-02 13:23:00,5.0,630.0,0.1,630.0,False,False,630.0,2026-03-01
13524,C0744,2026-05-30 15:45:00,43.0,Male,Giza,Sports,Football,4,650,0,Wallet,Delivered,2026-05-31 15:45:00,5.0,2600.0,0.0,2600.0,False,False,2600.0,2026-05-01
12242,C1871,2026-06-23 23:46:00,65.0,Male,Alexandria,Sports,Dumbbells,2,1400,0,Cash,Delivered,2026-06-25 23:46:00,3.0,2800.0,0.0,2800.0,False,False,2800.0,2026-06-01
11516,C0006,2026-05-17 02:15:00,42.0,Male,Giza,Home,Coffee Maker,4,1800,0.1,Cash,Delivered,2026-05-18 02:15:00,5.0,6480.0,0.1,6480.0,False,False,6480.0,2026-05-01
14708,C1304,2026-06-17 18:32:00,45.0,Female,Cairo,Sports,Dumbbells,1,1400,0.15,Visa,Delivered,2026-06-18 18:32:00,4.0,1190.0,0.15,1190.0,False,False,1190.0,2026-06-01
18622,C0239,2026-01-16 13:55:00,56.0,Male,Giza,Home,Bedsheet,3,700,0.05,Mastercard,Delivered,2026-01-17 13:55:00,4.0,1995.0,0.05,1995.0,False,False,1995.0,2026-01-01
15205,C0651,2026-06-13 03:14:00,54.0,Female,Cairo,Sports,Tennis Racket,3,1600,0.1,Visa,Delivered,2026-06-15 03:14:00,3.0,4320.0,0.1,4320.0,False,False,4320.0,2026-06-01
17393,C1169,2026-04-11 10:35:00,18.0,Male,Cairo,Sports,Yoga Mat,1,600,0.1,Bank Transfer,Delivered,2026-04-16 10:35:00,5.0,540.0,0.1,540.0,False,False,540.0,2026-04-01
12326,C0884,2026-04-03 08:32:00,41.0,Female,Mansoura,Beauty,Shampoo,2,250,0.05,Visa,Delivered,2026-04-05 08:32:00,4.0,475.0,0.05,475.0,False,False,475.0,2026-04-01
14054,C0426,2026-04-30 14:49:00,18.0,Female,Giza,Beauty,Shampoo,2,250,0.2,Mastercard,Delivered,2026-05-02 14:49:00,4.0,400.0,0.2,400.0,False,False,400.0,2026-04-01
16007,C1759,2026-04-25 19:58:00,30.0,Male,Cairo,Home,Blender,1,1200,0.1,Cash,Delivered,2026-04-26 19:58:00,4.0,1080.0,0.1,1080.0,False,False,1080.0,2026-04-01
12074,C1057,2026-05-23 19:31:00,39.0,Male,Aswan,Sports,Tennis Racket,2,1600,0.1,Cash,Delivered,2026-05-24 19:31:00,3.0,2880.0,0.1,2880.0,False,False,2880.0,2026-05-01
13147,C1054,2026-02-04 06:21:00,60.0,Male,Cairo,Electronics,Laptop,3,18000,15%,Visa,Delivered,2026-02-09 06:21:00,4.0,45900.0,0.15,45900.0,False,False,45900.0,2026-02-01
11250,C0625,2026-03-18 20:23:00,67.0,Male,Cairo,Fashion,T-Shirt,1,500,0.05,Visa,Delivered,2026-03-19 20:23:00,5.0,475.0,0.05,475.0,False,False,475.0,2026-03-01
14986,C1101,2026-02-24 11:26:00,50.0,Female,Cairo,Fashion,Jacket,1,1200,0,Mastercard,Delivered,2026-03-01 11:26:00,3.0,1200.0,0.0,1200.0,False,False,1200.0,2026-02-01
16224,C0570,2026-04-27 19:35:00,69.0,Female,Giza,Sports,Football,2,650,0.05,Cash,Delivered,2026-04-30 19:35:00,5.0,1235.0,0.05,1235.0,False,False,1235.0,2026-04-01
17316,C1123,2026-05-25 18:03:00,27.0,Male,Cairo,Beauty,Makeup Kit,1,900,0.05,Bank Transfer,Delivered,2026-05-28 18:03:00,5.0,855.0,0.05,855.0,False,False,855.0,2026-05-01
10658,C1641,2026-03-29 01:39:00,37.0,Male,Giza,Fashion,Shoes,3,1500,0,Bank Transfer,Delivered,2026-04-02 01:39:00,4.0,4500.0,0.0,4500.0,False,False,4500.0,2026-03-01
15725,C1666,2026-03-15 09:06:00,29.0,Female,Tanta,Fashion,Bag,1,750,0,Bank Transfer,Delivered,2026-03-17 09:06:00,3.0,750.0,0.0,750.0,False,False,750.0,2026-03-01
13397,C0267,2026-05-20 00:21:00,70.0,Female,Mansoura,Beauty,Face Cream,2,450,0.1,Cash,Delivered,2026-05-24 00:21:00,4.0,810.0,0.1,810.0,False,False,810.0,2026-05-01
10956,C0791,2026-04-07 07:11:00,63.0,Male,Cairo,Sports,Football,1,650,0.05,Bank Transfer,Delivered,2026-04-11 07:11:00,5.0,617.5,0.05,617.5,False,False,617.5,2026-04-01
13243,C0397,2026-01-27 11:29:00,67.0,Male,Cairo,Electronics,Laptop,2,18000,0.05,Visa,Delivered,2026-01-31 11:29:00,4.0,34200.0,0.05,34200.0,False,False,34200.0,2026-01-01
17799,C1703,2026-03-09 05:44:00,38.0,Male,Cairo,Home,Blender,1,1200,0.2,Wallet,Delivered,2026-03-12 05:44:00,3.0,960.0,0.2,960.0,False,False,960.0,2026-03-01
14856,C1937,2026-03-21 00:00:00,27.0,Male,Cairo,Sports,Yoga Mat,1,600,0.1,Cash,Delivered,2026-03-23 08:25:00,3.0,540.0,0.1,540.0,False,False,540.0,2026-03-01
15919,C1415,2026-05-02 21:15:00,27.0,Female,Giza,Beauty,Makeup Kit,3,900,0,Mastercard,Delivered,2026-05-07 21:15:00,4.0,2700.0,0.0,2700.0,False,False,2700.0,2026-05-01
12037,C0349,2026-05-29 06:51:00,44.0,Male,Alexandria,Home,Chair,1,2500,0,Mastercard,Delivered,2026-06-02 06:51:00,4.0,2500.0,0.0,2500.0,False,False,2500.0,2026-05-01
14107,C0206,2026-05-15 10:34:00,47.0,Male,Cairo,Electronics,Headphones,2,850,0.15,Visa,Delivered,2026-05-19 10:34:00,2.0,1445.0,0.15,1445.0,False,False,1445.0,2026-05-01
12621,C0648,2026-05-08 02:45:00,46.0,Male,Tanta,Home,Coffee Maker,4,1800,0,Mastercard,Delivered,2026-05-10 02:45:00,4.0,7200.0,0.0,7200.0,False,False,7200.0,2026-05-01
15037,C0332,2026-01-12 06:15:00,29.0,Male,Giza,Fashion,Bag,2,750,0.1,Mastercard,Delivered,2026-01-13 06:15:00,4.0,1350.0,0.1,1350.0,False,False,1350.0,2026-01-01
19034,C0806,2026-06-07 12:14:00,36.0,Male,Aswan,Fashion,Bag,1,750,0.1,Visa,Delivered,2026-06-11 12:14:00,5.0,675.0,0.1,675.0,False,False,675.0,2026-06-01
16874,C1932,2026-04-27 06:33:00,38.0,Male,Mansoura,Fashion,Jacket,1,1200,0.15,Wallet,Delivered,2026-04-30 06:33:00,4.0,1020.0,0.15,1020.0,False,False,1020.0,2026-04-01
10185,C0463,2026-06-29 00:00:00,32.0,Female,Cairo,Home,Coffee Maker,2,1800,0.05,Bank Transfer,Delivered,2026-07-02 17:30:00,4.0,3420.0,0.05,3420.0,False,False,3420.0,2026-06-01
10228,C1573,2026-02-18 08:16:00,41.0,Female,Cairo,Fashion,Shoes,4,1500,0.15,Bank Transfer,Delivered,2026-02-19 08:16:00,4.0,5100.0,0.15,5100.0,False,False,5100.0,2026-02-01
11350,C1980,2026-06-06 15:22:00,44.0,Female,Mansoura,Beauty,Face Cream,3,450,0.1,Mastercard,Delivered,2026-06-11 15:22:00,4.0,1215.0,0.1,1215.0,False,False,1215.0,2026-06-01
12413,C1796,2026-06-19 00:33:00,58.0,Male,Cairo,Beauty,Shampoo,4,250,0.1,Mastercard,Delivered,2026-06-23 00:33:00,5.0,900.0,0.1,900.0,False,False,900.0,2026-06-01
11785,C1107,2026-04-03 04:10:00,36.0,Male,Giza,Sports,Running Shoes,3,1800,0.1,Wallet,Delivered,2026-04-06 04:10:00,4.0,4860.0,0.1,4860.0,False,False,4860.0,2026-04-01
12620,C1465,2026-01-05 19:37:00,54.0,Female,Giza,Sports,dumbbells,2,1400,0.2,Bank Transfer,Delivered,2026-01-07 19:37:00,3.0,2240.0,0.2,2240.0,False,False,2240.0,2026-01-01
18939,C0789,2026-01-31 14:52:00,58.0,Male,Cairo,Fashion,Jeans,3,900,0.05,Wallet,Delivered,2026-02-04 14:52:00,4.0,2565.0,0.05,2565.0,False,False,2565.0,2026-01-01
16102,C1942,2026-02-11 10:54:00,51.0,Male,Giza,Sports,Running Shoes,1,1800,0,Mastercard,Delivered,2026-02-14 10:54:00,4.0,1800.0,0.0,1800.0,False,False,1800.0,2026-02-01
15906,C1324,2026-06-21 16:42:00,58.0,Female,Tanta,Electronics,Laptop,1,18000,0,Mastercard,Delivered,2026-06-25 16:42:00,3.0,18000.0,0.0,18000.0,False,False,18000.0,2026-06-01
15256,C0887,2026-10-02 00:00:00,38.0,Female,Cairo,Home,Chair,3,2500,0.1,Mastercard,Delivered,2026-02-13 18:56:00,2.0,6750.0,0.1,6750.0,False,False,6750.0,2026-10-01
14394,C0722,2026-06-23 22:45:00,53.0,Male,Alexandria,Home,Lamp,3,300,0,Cash,Delivered,2026-06-24 22:45:00,4.0,900.0,0.0,900.0,False,False,900.0,2026-06-01
18488,C0644,2026-03-10 19:52:00,64.0,Female,Alexandria,Fashion,Jeans,1,900,0,Cash,Delivered,2026-03-14 19:52:00,3.0,900.0,0.0,900.0,False,False,900.0,2026-03-01
11487,C1639,2026-05-03 05:07:00,66.0,Male,Cairo,Fashion,Jeans,1,900,0.2,Cash,Delivered,2026-05-04 05:07:00,3.0,720.0,0.2,720.0,False,False,720.0,2026-05-01
16770,C1216,2026-03-26 12:03:00,59.0,Male,Cairo,Beauty,Makeup Kit,2,900,0,Mastercard,Delivered,2026-03-27 12:03:00,2.0,1800.0,0.0,1800.0,False,False,1800.0,2026-03-01
10058,C1474,2026-05-06 10:42:00,65.0,Female,Cairo,Sports,Tennis Racket,4,1600,0,Cash,Delivered,2026-05-10 10:42:00,3.0,6400.0,0.0,6400.0,False,False,6400.0,2026-05-01
19208,C1274,2026-05-21 23:39:00,45.0,Female,Cairo,Electronics,Mouse,2,450,0,Cash,Delivered,2026-05-23 23:39:00,5.0,900.0,0.0,900.0,False,False,900.0,2026-05-01
14630,C0269,2026-02-10 10:40:00,28.0,Male,Mansoura,Electronics,Headphones,1,850,0.15,Cash,Delivered,2026-02-16 10:40:00,5.0,722.5,0.15,722.5,False,False,722.5,2026-02-01
12286,C1382,2026-02-14 00:00:00,48.0,Female,Mansoura,Sports,Running Shoes,3,1800,0,Mastercard,Delivered,2026-02-16 04:52:00,4.0,5400.0,0.0,5400.0,False,False,5400.0,2026-02-01
14941,C0819,2026-06-14 16:56:00,41.0,Female,Aswan,Home,Chair,1,2500,0,Visa,Delivered,2026-06-18 16:56:00,2.0,2500.0,0.0,2500.0,False,False,2500.0,2026-06-01
13796,C0005,2026-05-06 08:42:00,51.0,Female,Cairo,Home,Bedsheet,3,700,0.1,Mastercard,Delivered,2026-05-11 08:42:00,5.0,1890.0,0.1,1890.0,False,False,1890.0,2026-05-01
11843,C1974,2026-04-24 23:51:00,57.0,Female,Cairo,Home,Lamp,2,300,0,Wallet,Delivered,2026-04-28 23:51:00,4.0,600.0,0.0,600.0,False,False,600.0,2026-04-01
16679,C0088,2026-04-21 04:29:00,58.0,Male,Cairo,Beauty,Perfume,1,1100,0.2,Wallet,Delivered,2026-04-26 04:29:00,5.0,880.0,0.2,880.0,False,False,880.0,2026-04-01
14831,C1179,2026-04-07 03:34:00,37.0,Male,Alexandria,Beauty,Face Cream,1,450,0,Visa,Delivered,2026-04-10 03:34:00,2.0,450.0,0.0,450.0,False,False,450.0,2026-04-01
18826,C0642,2026-02-11 23:06:00,69.0,Male,Giza,Sports,Tennis Racket,1,1600,0,Visa,Delivered,2026-02-14 23:06:00,3.0,1600.0,0.0,1600.0,False,False,1600.0,2026-02-01
18733,C0366,2026-02-12 11:33:00,63.0,Female,Cairo,Fashion,Jacket,1,1200,0.15,Visa,Delivered,2026-02-17 11:33:00,4.0,1020.0,0.15,1020.0,False,False,1020.0,2026-02-01
13995,C0307,2026-02-27 18:26:00,42.0,Male,Alexandria,Sports,Tennis Racket,2,1600,0,Cash,Delivered,2026-03-03 18:26:00,3.0,3200.0,0.0,3200.0,False,False,3200.0,2026-02-01
16690,C1651,2026-05-11 18:11:00,31.0,Male,Mansoura,Electronics,Smart Watch,2,2200,0.05,Cash,Delivered,2026-05-13 18:11:00,4.0,4180.0,0.05,4180.0,False,False,4180.0,2026-05-01
12875,C0147,2026-01-26 11:37:00,33.0,Male,Tanta,Sports,Dumbbells,1,1400,0,Bank Transfer,Delivered,2026-02-02 11:37:00,4.0,1400.0,0.0,1400.0,False,False,1400.0,2026-01-01
11028,C0895,2026-01-15 11:02:00,60.0,Female,Alexandria,Electronics,Mouse,2,450,0,Cash,Delivered,2026-01-20 11:02:00,5.0,900.0,0.0,900.0,False,False,900.0,2026-01-01
11609,C0179,2026-01-23 19:30:00,34.0,Male,Cairo,Sports,Running Shoes,1,1800,0.2,Bank Transfer,Delivered,2026-01-28 19:30:00,5.0,1440.0,0.2,1440.0,False,False,1440.0,2026-01-01
19599,C0180,2026-05-10 05:00:00,60.0,Male,Giza,Electronics,Laptop,3,18000,0,Wallet,Delivered,2026-05-14 05:00:00,4.0,54000.0,0.0,54000.0,False,False,54000.0,2026-05-01
16996,C1466,2026-05-28 19:59:00,70.0,Female,Alexandria,Beauty,Hair Dryer,2,1300,0.05,Cash,Delivered,2026-06-03 19:59:00,3.0,2470.0,0.05,2470.0,False,False,2470.0,2026-05-01
14290,C1566,2026-05-07 12:48:00,35.0,Female,Cairo,Electronics,Mouse,1,450,0,Bank Transfer,Delivered,2026-05-09 12:48:00,5.0,450.0,0.0,450.0,False,False,450.0,2026-05-01
10806,C1400,2026-06-28 19:34:00,27.0,Male,Giza,Home,Lamp,3,300,0.1,Bank Transfer,Delivered,2026-07-01 19:34:00,5.0,810.0,0.1,810.0,False,False,810.0,2026-06-01
17443,C0378,2026-06-10 05:16:00,51.0,Female,Giza,Electronics,Smart Watch,2,2200,0.15,Bank Transfer,Delivered,2026-06-13 05:16:00,4.0,3740.0,0.15,3740.0,False,False,3740.0,2026-06-01
10944,C0556,2026-06-05 01:36:00,51.0,Female,Aswan,Beauty,Hair Dryer,2,1300,0,Cash,Delivered,2026-06-08 01:36:00,4.0,2600.0,0.0,2600.0,False,False,2600.0,2026-06-01
13086,C1859,2026-06-09 03:20:00,65.0,Male,Alexandria,Sports,Running Shoes,1,1800,0.1,Cash,Delivered,2026-06-15 03:20:00,4.0,1620.0,0.1,1620.0,False,False,1620.0,2026-06-01
17190,C1392,2026-02-07 05:34:00,37.0,Female,Aswan,Home,Chair,1,2500,0.1,Bank Transfer,Delivered,2026-02-11 05:34:00,5.0,2250.0,0.1,2250.0,False,False,2250.0,2026-02-01
13166,C1027,2026-04-02 22:35:00,65.0,Female,Cairo,Sports,Tennis Racket,4,1600,0.05,Cash,Delivered,2026-04-07 22:35:00,3.0,6080.0,0.05,6080.0,False,False,6080.0,2026-04-01
12482,C1685,2026-05-15 17:30:00,31.0,Female,Giza,Fashion,Shoes,4,1500,0.05,Wallet,Delivered,2026-05-19 17:30:00,4.0,5700.0,0.05,5700.0,False,False,5700.0,2026-05-01
11194,C1251,2026-05-31 11:51:00,41.0,Male,Giza,Fashion,Jeans,2,900,0.1,Mastercard,Delivered,2026-06-04 11:51:00,4.0,1620.0,0.1,1620.0,False,False,1620.0,2026-05-01
14361,C1093,2026-04-19 19:03:00,24.0,Male,Giza,Fashion,Shoes,2,1500,0,Visa,Delivered,2026-04-21 19:03:00,2.0,3000.0,0.0,3000.0,False,False,3000.0,2026-04-01
19698,C1725,2026-03-10 19:38:00,49.0,Female,Cairo,Sports,Yoga Mat,1,600,0,Visa,Delivered,2026-03-14 19:38:00,3.0,600.0,0.0,600.0,False,False,600.0,2026-03-01
13189,C1775,2026-02-07 14:34:00,40.0,Female,Cairo,Sports,Football,3,650,0.1,Mastercard,Delivered,2026-02-09 14:34:00,5.0,1755.0,0.1,1755.0,False,False,1755.0,2026-02-01
10605,C0433,2026-04-10 22:18:00,29.0,Female,Cairo,Electronics,Laptop,2,18000,0.1,Mastercard,Delivered,2026-04-13 22:18:00,4.0,32400.0,0.1,32400.0,False,False,32400.0,2026-04-01
10191,C0162,2026-06-07 17:18:00,48.0,Male,Mansoura,Beauty,Face Cream,4,450,0,Bank Transfer,Delivered,2026-06-14 17:18:00,3.0,1800.0,0.0,1800.0,False,False,1800.0,2026-06-01
18782,C1605,2026-04-27 03:57:00,43.0,Male,Cairo,Fashion,Shoes,2,1500,0.15,Mastercard,Delivered,2026-04-30 03:57:00,4.0,2550.0,0.15,2550.0,False,False,2550.0,2026-04-01
10030,C1644,2026-01-05 06:03:00,23.0,Female,Cairo,Home,Bedsheet,1,700,0.1,Wallet,Delivered,2026-01-12 06:03:00,5.0,630.0,0.1,630.0,False,False,630.0,2026-01-01
16905,C1497,2026-05-26 18:29:00,57.0,Male,Cairo,Sports,Dumbbells,1,1400,0.05,Wallet,Delivered,2026-05-28 18:29:00,2.0,1330.0,0.05,1330.0,False,False,1330.0,2026-05-01
19045,C1753,2026-02-23 11:57:00,57.0,Male,Tanta,Electronics,Headphones,3,850,0.15,Mastercard,Delivered,2026-02-26 11:57:00,5.0,2167.5,0.15,2167.5,False,False,2167.5,2026-02-01
13787,C1848,2026-01-18 07:29:00,59.0,Female,Cairo,Electronics,Mouse,1,450,0.05,Wallet,Delivered,2026-01-25 07:29:00,4.0,427.5,0.05,427.5,False,False,427.5,2026-01-01
11574,C0466,2026-03-12 00:27:00,50.0,Male,Tanta,Beauty,Hair Dryer,2,1300,0.1,Visa,Delivered,2026-03-15 00:27:00,1.0,2340.0,0.1,2340.0,False,False,2340.0,2026-03-01
19387,C0648,2026-06-26 22:25:00,26.0,Female,Alexandria,Electronics,Laptop,1,18000,0,Cash,Delivered,2026-06-30 22:25:00,5.0,18000.0,0.0,18000.0,False,False,18000.0,2026-06-01
12034,C0903,2026-04-04 23:54:00,42.0,Male,Tanta,Beauty,Shampoo,3,250,0,Bank Transfer,Delivered,2026-04-08 23:54:00,3.0,750.0,0.0,750.0,False,False,750.0,2026-04-01
16877,C1029,2026-03-26 13:16:00,29.0,Female,Tanta,Beauty,Perfume,1,1100,0.05,Mastercard,Delivered,2026-03-30 13:16:00,2.0,1045.0,0.05,1045.0,False,False,1045.0,2026-03-01
18160,C1594,2026-04-20 23:13:00,27.0,Female,Tanta,Home,Blender,1,1200,0.1,Mastercard,Delivered,2026-04-24 23:13:00,5.0,1080.0,0.1,1080.0,False,False,1080.0,2026-04-01
11643,C0551,2026-03-18 10:09:00,56.0,Male,Cairo,Electronics,Headphones,1,850,0%,Wallet,Delivered,2026-03-21 10:09:00,3.0,850.0,0.0,850.0,False,False,850.0,2026-03-01
11382,C0725,2026-02-17 07:31:00,48.0,Male,Alexandria,Fashion,Shoes,1,1500,0.15,Visa,Delivered,2026-02-18 07:31:00,4.0,1275.0,0.15,1275.0,False,False,1275.0,2026-02-01
16305,C0375,2026-05-28 11:47:00,27.0,Female,Alexandria,Fashion,Jacket,2,1200,0.15,Mastercard,Delivered,2026-05-30 11:47:00,3.0,2040.0,0.15,2040.0,False,False,2040.0,2026-05-01
18058,C1992,2026-03-15 01:53:00,63.0,Female,Giza,Electronics,Laptop,3,18000,0.05,Visa,Delivered,2026-03-21 01:53:00,5.0,51300.0,0.05,51300.0,False,False,51300.0,2026-03-01
12327,C0809,2026-04-14 18:34:00,45.0,Male,Alexandria,Electronics,Mouse,1,450,0.1,Mastercard,Delivered,2026-04-19 18:34:00,5.0,405.0,0.1,405.0,False,False,405.0,2026-04-01
14823,C0361,2026-06-27 13:23:00,55.0,Male,Cairo,Home,Bedsheet,1,700,0.1,Wallet,Delivered,2026-06-29 13:23:00,4.0,630.0,0.1,630.0,False,False,630.0,2026-06-01
10280,C1197,2026-01-10 03:08:00,44.0,Male,Aswan,Sports,Tennis Racket,2,1600,0.05,Cash,Delivered,2026-01-15 03:08:00,5.0,3040.0,0.05,3040.0,False,False,3040.0,2026-01-01
11926,C1413,2026-01-09 19:20:00,34.0,Male,Giza,Electronics,Keyboard,2,900,0,Wallet,Delivered,2026-01-12 19:20:00,1.0,1800.0,0.0,1800.0,False,False,1800.0,2026-01-01
14166,C1125,2026-02-09 17:19:00,55.0,Female,Cairo,Electronics,Smart Watch,1,2200,0,Visa,Delivered,2026-02-12 17:19:00,4.0,2200.0,0.0,2200.0,False,False,2200.0,2026-02-01
15420,C0174,2026-03-16 05:15:00,47.0,Female,Giza,Fashion,T-Shirt,1,500,0,Visa,Delivered,2026-03-18 05:15:00,4.0,500.0,0.0,500.0,False,False,500.0,2026-03-01
14846,C0816,2026-03-10 18:24:00,18.0,Male,Alexandria,Sports,Dumbbells,2,1400,0.1,Cash,Delivered,2026-03-14 18:24:00,4.0,2520.0,0.1,2520.0,False,False,2520.0,2026-03-01
15467,C1305,2026-01-06 07:34:00,70.0,Female,Mansoura,Fashion,T-Shirt,3,500,0.1,Mastercard,Delivered,2026-01-11 07:34:00,5.0,1350.0,0.1,1350.0,False,False,1350.0,2026-01-01
15742,C1194,2026-03-21 07:38:00,53.0,Male,Giza,Beauty,Perfume,2,1100,0.15,Bank Transfer,Delivered,2026-03-26 07:38:00,4.0,1870.0,0.15,1870.0,False,False,1870.0,2026-03-01
15293,C1352,2026-05-03 18:59:00,65.0,Male,Giza,Fashion,Jeans,1,900,0,Bank Transfer,Delivered,2026-05-10 18:59:00,5.0,900.0,0.0,900.0,False,False,900.0,2026-05-01
14633,C1285,2026-02-15 03:13:00,46.0,Female,Aswan,Fashion,Bag,2,750,0.1,Bank Transfer,Delivered,2026-02-20 03:13:00,5.0,1350.0,0.1,1350.0,False,False,1350.0,2026-02-01
12214,C0627,2026-06-02 14:52:00,30.0,Male,Mansoura,Fashion,Jacket,2,1200,0.2,Wallet,Delivered,2026-06-06 14:52:00,2.0,1920.0,0.2,1920.0,False,False,1920.0,2026-06-01
12784,C0487,2026-06-15 02:07:00,18.0,Female,Alexandria,Home,Blender,1,1200,0,Mastercard,Delivered,2026-06-19 02:07:00,3.0,1200.0,0.0,1200.0,False,False,1200.0,2026-06-01
15249,C0022,2026-05-15 05:40:00,33.0,Male,Mansoura,Electronics,Laptop,1,18000,0.05,Cash,Delivered,2026-05-19 05:40:00,3.0,17100.0,0.05,17100.0,False,False,17100.0,2026-05-01
18207,C1204,2026-02-06 03:20:00,61.0,Female,Cairo,Home,Bedsheet,1,700,0.1,Mastercard,Delivered,2026-02-09 03:20:00,3.0,630.0,0.1,630.0,False,False,630.0,2026-02-01
16125,C0349,2026-03-11 03:00:00,52.0,Male,Giza,Home,Lamp,3,300,0,Visa,Delivered,2026-03-15 03:00:00,5.0,900.0,0.0,900.0,False,False,900.0,2026-03-01
11542,C1771,2026-03-30 00:01:00,65.0,Female,Cairo,Beauty,Makeup Kit,1,900,0,Bank Transfer,Delivered,2026-04-03 00:01:00,5.0,900.0,0.0,900.0,False,False,900.0,2026-03-01
15187,C1826,2026-04-18 19:11:00,40.0,Male,Cairo,Electronics,Mouse,1,450,0,Cash,Delivered,2026-04-21 19:11:00,4.0,450.0,0.0,450.0,False,False,450.0,2026-04-01
18923,C1074,2026-06-12 22:30:00,32.0,Female,Alexandria,Home,Coffee Maker,2,1800,0,Bank Transfer,Delivered,2026-06-14 22:30:00,3.0,3600.0,0.0,3600.0,False,False,3600.0,2026-06-01
16750,C0795,2026-06-16 13:17:00,39.0,Female,Tanta,Beauty,Hair Dryer,2,1300,0,Bank Transfer,Delivered,2026-06-17 13:17:00,4.0,2600.0,0.0,2600.0,False,False,2600.0,2026-06-01
10101,C0402,2026-04-13 16:13:00,48.0,Male,Cairo,Home,Blender,1,1200,0.15,Cash,Delivered,2026-04-17 16:13:00,2.0,1020.0,0.15,1020.0,False,False,1020.0,2026-04-01
13562,C0195,2026-06-14 11:46:00,40.0,Female,Alexandria,Beauty,Face Cream,4,450,0.1,Mastercard,Delivered,2026-06-17 11:46:00,3.0,1620.0,0.1,1620.0,False,False,1620.0,2026-06-01
13258,C0358,2026-05-09 02:38:00,26.0,Male,Aswan,Home,Blender,1,1200,0,Visa,Delivered,2026-05-12 02:38:00,4.0,1200.0,0.0,1200.0,False,False,1200.0,2026-05-01
13903,C0025,2026-04-12 22:24:00,55.0,Male,Alexandria,Fashion,Jacket,3,1200,0.05,Wallet,Delivered,2026-04-17 22:24:00,4.0,3420.0,0.05,3420.0,False,False,3420.0,2026-04-01
10370,C0852,2026-05-20 22:03:00,40.0,Male,Alexandria,Electronics,Headphones,3,850,0,Cash,Delivered,2026-05-23 22:03:00,5.0,2550.0,0.0,2550.0,False,False,2550.0,2026-05-01
11735,C0175,2026-03-01 09:14:00,34.0,Female,Tanta,Sports,Football,4,650,0.05,Wallet,Delivered,2026-03-03 09:14:00,4.0,2470.0,0.05,2470.0,False,False,2470.0,2026-03-01
14385,C0337,2026-04-09 03:02:00,57.0,Female,Alexandria,Beauty,Perfume,2,1100,0,Cash,Delivered,2026-04-11 03:02:00,4.0,2200.0,0.0,2200.0,False,False,2200.0,2026-04-01
19494,C0762,2026-06-04 08:23:00,60.0,Female,Cairo,Home,Bedsheet,1,700,0.1,Bank Transfer,Delivered,2026-06-09 08:23:00,5.0,630.0,0.1,630.0,False,False,630.0,2026-06-01
12675,C0346,2026-02-24 23:47:00,22.0,Female,Giza,Home,Coffee Maker,1,1800,0,Bank Transfer,Delivered,2026-02-27 23:47:00,3.0,1800.0,0.0,1800.0,False,False,1800.0,2026-02-01
13604,C0505,2026-04-05 21:04:00,48.0,Female,Aswan,Beauty,Face Cream,2,450,0,Mastercard,Delivered,2026-04-07 21:04:00,2.0,900.0,0.0,900.0,False,False,900.0,2026-04-01
13424,C0921,2026-06-04 19:08:00,40.0,Male,Tanta,Beauty,Perfume,2,1100,0.05,Mastercard,Delivered,2026-06-11 19:08:00,5.0,2090.0,0.05,2090.0,False,False,2090.0,2026-06-01
16516,C0772,2026-02-06 07:03:00,34.0,Female,Mansoura,Beauty,Perfume,1,1100,0.05,Cash,Delivered,2026-02-12 07:03:00,3.0,1045.0,0.05,1045.0,False,False,1045.0,2026-02-01
16357,C0062,2026-02-23 20:38:00,70.0,Female,Alexandria,Sports,Tennis Racket,2,1600,0.05,Mastercard,Delivered,2026-03-01 20:38:00,4.0,3040.0,0.05,3040.0,False,False,3040.0,2026-02-01
19722,C0887,2026-04-10 14:21:00,42.0,Female,Giza,Sports,Yoga Mat,1,600,0,Bank Transfer,Delivered,2026-04-12 14:21:00,3.0,600.0,0.0,600.0,False,False,600.0,2026-04-01
12980,C1860,2026-06-09 21:34:00,65.0,Male,Cairo,Home,Bedsheet,1,700,0%,Visa,Delivered,2026-06-12 21:34:00,4.0,700.0,0.0,700.0,False,False,700.0,2026-06-01
15780,C0485,2026-04-15 17:12:00,68.0,Female,Tanta,Fashion,Shoes,4,1500,0.05,Cash,Delivered,2026-04-16 17:12:00,5.0,5700.0,0.05,5700.0,False,False,5700.0,2026-04-01
16253,C0213,2026-03-13 09:05:00,35.0,Male,Giza,Beauty,Perfume,2,1100,0.05,Wallet,Delivered,2026-03-17 09:05:00,5.0,2090.0,0.05,2090.0,False,False,2090.0,2026-03-01
18454,C1007,2026-01-31 20:01:00,24.0,Female,Alexandria,Beauty,Makeup Kit,2,900,0.1,Cash,Delivered,2026-02-05 20:01:00,2.0,1620.0,0.1,1620.0,False,False,1620.0,2026-01-01
11794,C1855,2026-04-08 00:00:00,35.0,Male,Cairo,Fashion,Jacket,4,1200,0.15,Visa,Delivered,2026-04-12 18:47:00,4.0,4080.0,0.15,4080.0,False,False,4080.0,2026-04-01
10186,C0019,2026-01-23 06:43:00,64.0,Female,Mansoura,Home,Bedsheet,1,700,0.1,Visa,Delivered,2026-01-29 06:43:00,4.0,630.0,0.1,630.0,False,False,630.0,2026-01-01
10811,C1537,2026-03-04 01:38:00,27.0,Male,Cairo,Sports,Dumbbells,2,1400,0.15,Wallet,Delivered,2026-03-07 01:38:00,4.0,2380.0,0.15,2380.0,False,False,2380.0,2026-03-01
16942,C1122,2026-01-07 18:13:00,53.0,Male,Cairo,Beauty,Shampoo,2,250,0.05,Visa,Delivered,2026-01-09 18:13:00,4.0,475.0,0.05,475.0,False,False,475.0,2026-01-01
13513,C0772,2026-05-25 14:53:00,34.0,Female,Alexandria,Electronics,Keyboard,2,900,0.1,Mastercard,Delivered,2026-05-30 14:53:00,5.0,1620.0,0.1,1620.0,False,False,1620.0,2026-05-01
19268,C1137,2026-05-02 18:07:00,53.0,Male,Cairo,Sports,Running Shoes,4,1800,0.15,Mastercard,Delivered,2026-05-07 18:07:00,5.0,6120.0,0.15,6120.0,False,False,6120.0,2026-05-01
12091,C1066,2026-06-05 04:42:00,45.0,Male,Alexandria,Electronics,Laptop,4,18000,0.1,Wallet,Delivered,2026-06-12 04:42:00,4.0,64800.0,0.1,64800.0,False,False,64800.0,2026-06-01
18661,C0512,2026-03-25 00:34:00,38.0,Male,Cairo,Beauty,Perfume,2,1100,0.15,Bank Transfer,Delivered,2026-03-26 00:34:00,3.0,1870.0,0.15,1870.0,False,False,1870.0,2026-03-01
19367,C1484,2026-02-12 16:17:00,52.0,Female,Cairo,Fashion,T-Shirt,1,500,0.1,Visa,Delivered,2026-02-18 16:17:00,4.0,450.0,0.1,450.0,False,False,450.0,2026-02-01
10935,C1965,2026-03-27 04:19:00,65.0,Male,Cairo,Beauty,Perfume,3,1100,0.05,Wallet,Delivered,2026-03-31 04:19:00,4.0,3135.0,0.05,3135.0,False,False,3135.0,2026-03-01
11456,C1122,2026-01-05 15:47:00,51.0,Male,Alexandria,Fashion,T-Shirt,2,500,10%,Visa,Delivered,2026-01-11 15:47:00,5.0,900.0,0.1,900.0,False,False,900.0,2026-01-01
16945,C1641,2026-02-16 21:45:00,33.0,Male,Cairo,Home,Bedsheet,2,700,0.1,Visa,Delivered,2026-02-20 21:45:00,4.0,1260.0,0.1,1260.0,False,False,1260.0,2026-02-01
10294,C1152,2026-05-26 16:18:00,60.0,Male,Cairo,Home,Chair,1,2500,0.1,Mastercard,Delivered,2026-05-28 16:18:00,5.0,2250.0,0.1,2250.0,False,False,2250.0,2026-05-01
17091,C1968,2026-01-24 00:00:00,70.0,Female,Giza,Fashion,Shoes,4,1500,0.05,Bank Transfer,Delivered,2026-01-28 20:22:00,4.0,5700.0,0.05,5700.0,False,False,5700.0,2026-01-01
12682,C0010,2026-06-15 18:30:00,46.0,Female,Alexandria,Beauty,Makeup Kit,2,900,0.05,Mastercard,Delivered,2026-06-17 18:30:00,1.0,1710.0,0.05,1710.0,False,False,1710.0,2026-06-01
15586,C1699,2026-03-02 11:50:00,66.0,Female,Giza,Electronics,Smart Watch,4,2200,0,Cash,Delivered,2026-03-05 11:50:00,4.0,8800.0,0.0,8800.0,False,False,8800.0,2026-03-01
10139,C1580,2026-02-25 14:14:00,23.0,Male,Giza,Beauty,Hair Dryer,1,1300,0.2,Visa,Delivered,2026-03-03 14:14:00,2.0,1040.0,0.2,1040.0,False,False,1040.0,2026-02-01
10754,C0835,2026-01-23 06:29:00,67.0,Female,Cairo,Sports,Running Shoes,1,1800,0.05,Visa,Delivered,2026-01-26 06:29:00,3.0,1710.0,0.05,1710.0,False,False,1710.0,2026-01-01
13708,C0628,2026-06-07 09:13:00,21.0,Female,Cairo,Fashion,Shoes,4,1500,0,Visa,Delivered,2026-06-11 09:13:00,1.0,6000.0,0.0,6000.0,False,False,6000.0,2026-06-01
18997,C1811,2026-03-27 11:02:00,70.0,Female,Mansoura,Sports,Yoga Mat,3,600,0,Mastercard,Delivered,2026-04-01 11:02:00,4.0,1800.0,0.0,1800.0,False,False,1800.0,2026-03-01
16780,C1909,2026-02-27 23:19:00,67.0,Female,Giza,Electronics,Headphones,1,850,0.05,Mastercard,Delivered,2026-03-04 23:19:00,5.0,807.5,0.05,807.5,False,False,807.5,2026-02-01
19848,C1008,2026-05-11 01:00:00,21.0,Male,Cairo,Electronics,Smart Watch,4,2200,0.05,Bank Transfer,Delivered,2026-05-13 01:00:00,5.0,8360.0,0.05,8360.0,False,False,8360.0,2026-05-01
17171,C1832,2026-02-04 14:50:00,37.0,Male,Aswan,Fashion,Jacket,2,1200,0,Wallet,Delivered,2026-02-06 14:50:00,5.0,2400.0,0.0,2400.0,False,False,2400.0,2026-02-01
17444,C1807,2026-05-13 09:17:00,25.0,Male,Cairo,Beauty,Makeup Kit,1,900,0.1,Visa,Delivered,2026-05-18 09:17:00,5.0,810.0,0.1,810.0,False,False,810.0,2026-05-01
19187,C0834,2026-01-23 13:17:00,28.0,Male,Alexandria,Sports,Football,2,650,0,Mastercard,Delivered,2026-01-28 13:17:00,5.0,1300.0,0.0,1300.0,False,False,1300.0,2026-01-01
16473,C0314,2026-06-23 20:17:00,62.0,Female,Tanta,Electronics,Laptop,1,18000,0.1,Mastercard,Delivered,2026-06-27 20:17:00,5.0,16200.0,0.1,16200.0,False,False,16200.0,2026-06-01
13650,C0879,2026-02-23 17:54:00,62.0,Male,Cairo,Home,Blender,2,1200,0,Cash,Delivered,2026-02-25 17:54:00,5.0,2400.0,0.0,2400.0,False,False,2400.0,2026-02-01
17227,C1743,2026-01-16 13:00:00,50.0,Female,Giza,Fashion,T-Shirt,1,500,0.1,Cash,Delivered,2026-01-18 13:00:00,5.0,450.0,0.1,450.0,False,False,450.0,2026-01-01
16617,C1961,2026-03-05 12:31:00,50.0,Male,Giza,Sports,Tennis Racket,2,1600,0.1,Cash,Delivered,2026-03-11 12:31:00,3.0,2880.0,0.1,2880.0,False,False,2880.0,2026-03-01
12589,C0915,2026-04-24 05:28:00,32.0,Male,Cairo,Electronics,Laptop,4,18000,0.1,Visa,Delivered,2026-04-20 05:28:00,4.0,64800.0,0.1,64800.0,False,False,64800.0,2026-04-01
12066,C1764,2026-03-04 11:40:00,48.0,Male,Giza,Electronics,Headphones,2,850,0,Visa,Delivered,2026-03-08 11:40:00,3.0,1700.0,0.0,1700.0,False,False,1700.0,2026-03-01
16415,C1106,2026-02-12 10:09:00,27.0,Male,Cairo,Home,Blender,4,1200,0.1,Cash,Delivered,2026-02-18 10:09:00,4.0,4320.0,0.1,4320.0,False,False,4320.0,2026-02-01
13559,C0964,2026-05-22 03:50:00,23.0,Female,Alexandria,Beauty,Makeup Kit,2,900,0.05,Cash,Delivered,2026-05-24 03:50:00,4.0,1710.0,0.05,1710.0,False,False,1710.0,2026-05-01
17063,C0382,2026-05-01 16:18:00,22.0,Female,Cairo,Electronics,Laptop,2,18000,0.1,Wallet,Delivered,2026-05-02 16:18:00,3.0,32400.0,0.1,32400.0,False,False,32400.0,2026-05-01
10182,C0183,2026-06-02 07:58:00,31.0,Male,Giza,Beauty,Shampoo,3,250,0,Wallet,Delivered,2026-06-04 07:58:00,5.0,750.0,0.0,750.0,False,False,750.0,2026-06-01
18623,C0615,2026-05-26 17:01:00,54.0,Male,Alexandria,Fashion,Jacket,1,1200,0.1,Bank Transfer,Delivered,2026-06-01 17:01:00,5.0,1080.0,0.1,1080.0,False,False,1080.0,2026-05-01
15984,C0042,2026-03-27 05:05:00,42.0,Male,Cairo,Sports,Tennis Racket,1,1600,0.1,Cash,Delivered,2026-03-30 05:05:00,4.0,1440.0,0.1,1440.0,False,False,1440.0,2026-03-01
10667,C0597,2026-05-17 14:14:00,52.0,Female,Alexandria,Sports,Running Shoes,1,1800,0.1,Wallet,Delivered,2026-05-22 14:14:00,4.0,1620.0,0.1,1620.0,False,False,1620.0,2026-05-01
18819,C1597,2026-03-28 05:48:00,63.0,Male,Alexandria,Sports,Football,1,650,0.05,Wallet,Delivered,2026-03-31 05:48:00,5.0,617.5,0.05,617.5,False,False,617.5,2026-03-01
12196,C0645,2026-03-23 03:03:00,41.0,Female,Alexandria,Sports,Football,1,650,0,Bank Transfer,Delivered,2026-03-26 03:03:00,2.0,650.0,0.0,650.0,False,False,650.0,2026-03-01
18854,C1586,2026-05-04 17:53:00,62.0,Female,Cairo,Home,Coffee Maker,4,1800,0,Cash,Delivered,2026-05-07 17:53:00,5.0,7200.0,0.0,7200.0,False,False,7200.0,2026-05-01
17453,C0087,2026-04-03 00:58:00,35.0,Female,Cairo,Fashion,Shoes,2,1500,10%,Mastercard,Delivered,2026-04-09 00:58:00,4.0,2700.0,0.1,2700.0,False,False,2700.0,2026-04-01
18205,C1499,2026-06-09 04:56:00,49.0,Female,Giza,Sports,Dumbbells,4,1400,0,Wallet,Delivered,2026-06-12 04:56:00,4.0,5600.0,0.0,5600.0,False,False,5600.0,2026-06-01
13926,C0863,2026-01-09 08:50:00,26.0,Female,Alexandria,Sports,Yoga Mat,1,600,0,Bank Transfer,Delivered,2026-01-11 08:50:00,5.0,600.0,0.0,600.0,False,False,600.0,2026-01-01
18250,C0849,2026-03-19 12:09:00,55.0,Female,Giza,Beauty,Hair Dryer,3,1300,0,Mastercard,Delivered,2026-03-22 12:09:00,3.0,3900.0,0.0,3900.0,False,False,3900.0,2026-03-01
11941,C1757,2026-03-10 17:03:00,18.0,Male,Giza,Beauty,Hair Dryer,2,1300,0,Mastercard,Delivered,2026-03-12 17:03:00,2.0,2600.0,0.0,2600.0,False,False,2600.0,2026-03-01
19666,C0251,2026-04-24 02:24:00,32.0,Female,Alexandria,Beauty,Perfume,1,1100,0.1,Visa,Delivered,2026-04-29 02:24:00,5.0,990.0,0.1,990.0,False,False,990.0,2026-04-01
15015,C1839,2026-05-02 22:08:00,67.0,Male,Cairo,Electronics,Keyboard,4,900,0.15,Bank Transfer,Delivered,2026-05-05 22:08:00,4.0,3060.0,0.15,3060.0,False,False,3060.0,2026-05-01
10416,C1044,2026-02-08 18:11:00,32.0,Female,Cairo,Home,Lamp,1,300,0,Cash,Delivered,2026-02-11 18:11:00,5.0,300.0,0.0,300.0,False,False,300.0,2026-02-01
18919,C1377,2026-04-01 22:31:00,54.0,Female,Cairo,Sports,Dumbbells,1,1400,0,Visa,Delivered,2026-04-06 22:31:00,5.0,1400.0,0.0,1400.0,False,False,1400.0,2026-04-01
18472,C1956,2026-01-16 02:21:00,68.0,Male,Alexandria,Electronics,Mouse,1,450,0.05,Visa,Delivered,2026-01-19 02:21:00,5.0,427.5,0.05,427.5,False,False,427.5,2026-01-01
17765,C1438,2026-02-13 10:54:00,41.0,Female,Tanta,Electronics,Headphones,1,850,0.05,Bank Transfer,Delivered,2026-02-17 10:54:00,4.0,807.5,0.05,807.5,False,False,807.5,2026-02-01
17048,C0541,2026-02-15 07:23:00,32.0,Male,Cairo,Fashion,Jacket,2,1200,0.2,Mastercard,Delivered,2026-02-19 07:23:00,4.0,1920.0,0.2,1920.0,False,False,1920.0,2026-02-01
17102,C1367,2026-05-07 19:36:00,60.0,Male,Cairo,Home,Lamp,1,300,0.05,Bank Transfer,Delivered,2026-05-12 19:36:00,1.0,285.0,0.05,285.0,False,False,285.0,2026-05-01
18512,C0195,2026-03-12 05:02:00,30.0,Male,Giza,Home,Blender,2,1200,0.05,Cash,Delivered,2026-03-14 05:02:00,5.0,2280.0,0.05,2280.0,False,False,2280.0,2026-03-01
12563,C0700,2026-05-14 19:08:00,28.0,Male,Aswan,Home,Lamp,1,300,0,Wallet,Delivered,2026-05-18 19:08:00,4.0,300.0,0.0,300.0,False,False,300.0,2026-05-01
18913,C1581,2026-04-29 09:24:00,18.0,Female,Cairo,Electronics,Smart Watch,3,2200,0,Cash,Delivered,2026-05-06 09:24:00,3.0,6600.0,0.0,6600.0,False,False,6600.0,2026-04-01
14256,C1894,2026-03-26 00:29:00,35.0,Female,Cairo,Fashion,Shoes,3,1500,0,Wallet,Delivered,2026-03-29 00:29:00,2.0,4500.0,0.0,4500.0,False,False,4500.0,2026-03-01
19831,C1065,2026-03-18 23:23:00,42.0,Female,Aswan,Fashion,Shoes,1,1500,0.05,Visa,Delivered,2026-03-23 23:23:00,3.0,1425.0,0.05,1425.0,False,False,1425.0,2026-03-01
16152,C1936,2026-04-06 23:19:00,60.0,Male,Cairo,Home,Blender,1,1200,0.05,Mastercard,Delivered,2026-04-12 23:19:00,5.0,1140.0,0.05,1140.0,False,False,1140.0,2026-04-01
16953,C0542,2026-01-09 06:07:00,24.0,Male,Cairo,Home,Bedsheet,1,700,0.05,Mastercard,Delivered,2026-01-13 06:07:00,5.0,665.0,0.05,665.0,False,False,665.0,2026-01-01
12000,C1309,2026-01-31 13:09:00,35.0,Female,Cairo,Electronics,Keyboard,1,900,0,Cash,Delivered,2026-02-03 13:09:00,4.0,900.0,0.0,900.0,False,False,900.0,2026-01-01
11196,C1571,2026-03-23 20:18:00,22.0,Female,Cairo,Beauty,Face Cream,2,450,0%,Bank Transfer,Delivered,2026-03-24 20:18:00,3.0,900.0,0.0,900.0,False,False,900.0,2026-03-01
18288,C1004,2026-03-13 10:28:00,22.0,Female,Cairo,Beauty,Perfume,4,1100,0.15,Mastercard,Delivered,2026-03-16 10:28:00,4.0,3740.0,0.15,3740.0,False,False,3740.0,2026-03-01
17994,C1429,2026-04-05 18:42:00,25.0,Male,Cairo,Beauty,Hair Dryer,3,1300,0.05,Visa,Delivered,2026-04-06 18:42:00,3.0,3705.0,0.05,3705.0,False,False,3705.0,2026-04-01
17006,C0494,2026-06-15 20:06:00,58.0,Female,Giza,Electronics,Headphones,1,850,0.15,Cash,Delivered,2026-06-19 20:06:00,4.0,722.5,0.15,722.5,False,False,722.5,2026-06-01
18767,C1528,2026-06-09 11:13:00,30.0,Female,Alexandria,Electronics,Headphones,4,850,0.05,Bank Transfer,Delivered,2026-06-12 11:13:00,4.0,3230.0,0.05,3230.0,False,False,3230.0,2026-06-01
15565,C0498,2026-03-16 13:51:00,21.0,Female,Cairo,Sports,Running Shoes,1,1800,0.1,Mastercard,Delivered,2026-03-19 13:51:00,4.0,1620.0,0.1,1620.0,False,False,1620.0,2026-03-01
19124,C0338,2026-05-08 01:24:00,65.0,Female,Cairo,Beauty,Makeup Kit,1,900,0.1,Wallet,Delivered,2026-05-14 01:24:00,5.0,810.0,0.1,810.0,False,False,810.0,2026-05-01
19134,C0072,2026-06-22 14:37:00,56.0,Male,Cairo,Fashion,Jeans,2,900,0.15,Cash,Delivered,2026-06-24 14:37:00,4.0,1530.0,0.15,1530.0,False,False,1530.0,2026-06-01
18262,C0112,2026-03-26 23:03:00,19.0,Female,Giza,Fashion,Shoes,1,1500,0.1,Cash,Delivered,2026-03-29 23:03:00,3.0,1350.0,0.1,1350.0,False,False,1350.0,2026-03-01
11523,C0143,2026-01-26 10:37:00,44.0,Male,Alexandria,Electronics,Headphones,1,850,0.15,Cash,Delivered,2026-01-27 10:37:00,4.0,722.5,0.15,722.5,False,False,722.5,2026-01-01
12198,C0013,2026-02-11 04:31:00,32.0,Female,Giza,Fashion,Jacket,2,1200,0,Mastercard,Delivered,2026-02-16 04:31:00,4.0,2400.0,0.0,2400.0,False,False,2400.0,2026-02-01
17892,C0147,2026-01-18 09:01:00,19.0,Female,Cairo,Beauty,Perfume,3,1100,0,Mastercard,Delivered,2026-01-22 09:01:00,2.0,3300.0,0.0,3300.0,False,False,3300.0,2026-01-01
19872,C0723,2026-05-22 23:13:00,29.0,Male,Cairo,Sports,Running Shoes,1,1800,0.05,Mastercard,Delivered,2026-05-28 23:13:00,4.0,1710.0,0.05,1710.0,False,False,1710.0,2026-05-01
19571,C0734,2026-05-16 14:44:00,70.0,Female,Giza,Home,Bedsheet,3,700,0.05,Visa,Delivered,2026-05-22 14:44:00,4.0,1995.0,0.05,1995.0,False,False,1995.0,2026-05-01
11841,C0900,2026-04-06 12:39:00,51.0,Female,Giza,Sports,Dumbbells,2,1400,0.1,Bank Transfer,Delivered,2026-04-09 12:39:00,4.0,2520.0,0.1,2520.0,False,False,2520.0,2026-04-01
10096,C1491,2026-03-22 12:42:00,51.0,Female,Mansoura,Sports,Football,1,650,0,Visa,Delivered,2026-03-26 12:42:00,4.0,650.0,0.0,650.0,False,False,650.0,2026-03-01
17541,C0075,2026-01-07 12:50:00,42.0,Male,Cairo,Home,Bedsheet,1,700,0.05,Visa,Delivered,2026-01-10 12:50:00,4.0,665.0,0.05,665.0,False,False,665.0,2026-01-01
18178,C0523,2026-05-20 22:57:00,64.0,Female,Giza,Home,Chair,1,2500,0.15,Cash,Delivered,2026-05-22 22:57:00,5.0,2125.0,0.15,2125.0,False,False,2125.0,2026-05-01
16377,C1237,2026-05-03 06:54:00,49.0,Female,Tanta,Sports,Tennis Racket,2,1600,0,Visa,Delivered,2026-05-07 06:54:00,4.0,3200.0,0.0,3200.0,False,False,3200.0,2026-05-01
14012,C1037,2026-01-11 05:05:00,22.0,Female,Giza,Beauty,Makeup Kit,1,900,0.15,Visa,Delivered,2026-01-15 05:05:00,5.0,765.0,0.15,765.0,False,False,765.0,2026-01-01
13550,C1851,2026-06-29 07:42:00,70.0,Male,Cairo,Fashion,Shoes,2,1500,0.2,Bank Transfer,Delivered,2026-07-05 07:42:00,4.0,2400.0,0.2,2400.0,False,False,2400.0,2026-06-01
18204,C1443,2026-01-18 17:40:00,20.0,Male,Cairo,Beauty,Hair Dryer,4,1300,0.2,Visa,Delivered,2026-01-23 17:40:00,4.0,4160.0,0.2,4160.0,False,False,4160.0,2026-01-01
15168,C0829,2026-02-18 11:51:00,,Male,Tanta,Home,Chair,3,2500,0.1,Visa,Delivered,2026-02-20 11:51:00,5.0,6750.0,0.1,6750.0,False,False,6750.0,2026-02-01
18804,C1042,2026-01-12 05:10:00,43.0,Female,Cairo,Sports,Yoga Mat,4,600,0.15,Wallet,Delivered,2026-01-16 05:10:00,,2040.0,0.15,2040.0,False,False,2040.0,2026-01-01
12298,C0694,2026-03-25 10:46:00,30.0,Male,Aswan,Fashion,T-Shirt,2,500,0,Mastercard,Delivered,2026-03-27 10:46:00,,1000.0,0.0,1000.0,False,False,1000.0,2026-03-01
10268,C1849,2026-05-06 11:15:00,33.0,Female,Alexandria,Home,Blender,4,1200,0.15,Cash,Delivered,2026-05-12 11:15:00,,4080.0,0.15,4080.0,False,False,4080.0,2026-05-01
18934,C0969,2026-01-25 00:00:00,,Female,Alexandria,Fashion,Jacket,1,1200,0.05,Mastercard,Delivered,2026-01-28 16:11:00,3.0,1140.0,0.05,1140.0,False,False,1140.0,2026-01-01
19932,C1055,2026-03-26 11:54:00,25.0,Male,Giza,Home,Bedsheet,3,700,0.05,Cash,Delivered,,3.0,1995.0,0.05,1995.0,False,False,1995.0,2026-03-01
16764,C1638,2026-05-11 14:02:00,30.0,Female,Tanta,Sports,Yoga Mat,4,600,0.1,,Delivered,2026-05-16 14:02:00,5.0,2160.0,0.1,2160.0,False,False,2160.0,2026-05-01
15452,C0161,2026-02-08 15:22:00,69.0,Male,Alexandria,Home,Coffee Maker,2,1800,0.15,Cash,Delivered,2026-02-12 15:22:00,,3060.0,0.15,3060.0,False,False,3060.0,2026-02-01
15596,C1496,2026-04-24 16:23:00,22.0,Male,Mansoura,Fashion,T-Shirt,3,500,0.15,Bank Transfer,Delivered,2026-04-26 16:23:00,,1275.0,0.15,1275.0,False,False,1275.0,2026-04-01
17875,C1577,2026-04-04 18:43:00,43.0,Male,Giza,Electronics,Laptop,2,18000,0.05,,Delivered,2026-04-06 18:43:00,4.0,34200.0,0.05,34200.0,False,False,34200.0,2026-04-01
12882,C1230,2026-05-30 08:46:00,40.0,Female,Tanta,Fashion,Jeans,3,900,0.2,Visa,Delivered,,4.0,2160.0,0.2,2160.0,False,False,2160.0,2026-05-01
17289,C0755,2026-03-17 19:56:00,,Female,Cairo,Electronics,Mouse,2,450,0.1,Visa,Delivered,2026-03-22 19:56:00,5.0,810.0,0.1,810.0,False,False,810.0,2026-03-01
17796,C0448,2026-02-04 00:00:00,,Male,Giza,Fashion,Jacket,1,1200,0.05,Visa,Delivered,2026-04-05 22:07:00,5.0,1140.0,0.05,1140.0,False,False,1140.0,2026-02-01
11729,C0751,2026-01-19 13:14:00,23.0,Female,Cairo,Home,Chair,2,2500,0.05,,Delivered,2026-01-22 13:14:00,5.0,4750.0,0.05,4750.0,False,False,4750.0,2026-01-01
13111,C1324,2026-03-03 18:18:00,,Female,Cairo,Electronics,Headphones,3,850,0.2,Mastercard,Delivered,2026-03-07 18:18:00,5.0,2040.0,0.2,2040.0,False,False,2040.0,2026-03-01
18614,C1443,2026-01-21 08:07:00,46.0,Male,Mansoura,Electronics,Smart Watch,1,2200,5%,Wallet,Delivered,2026-01-26 08:07:00,,2090.0,0.05,2090.0,False,False,2090.0,2026-01-01
18595,C1188,2026-02-06 17:30:00,52.0,Male,Cairo,Beauty,Hair Dryer,1,1300,0.1,Wallet,Delivered,,4.0,1170.0,0.1,1170.0,False,False,1170.0,2026-02-01
18581,C0262,2026-04-27 13:00:00,19.0,Female,Cairo,Electronics,Mouse,2,450,0,Visa,Delivered,2026-05-01 13:00:00,,900.0,0.0,900.0,False,False,900.0,2026-04-01
11259,C1346,2026-03-01 18:01:00,,Male,Aswan,Electronics,Laptop,1,18000,0,Bank Transfer,Delivered,2026-03-04 18:01:00,4.0,18000.0,0.0,18000.0,False,False,18000.0,2026-03-01
17676,C0376,2026-05-01 18:12:00,,Female,Alexandria,Home,Bedsheet,2,700,0.1,Bank Transfer,Delivered,2026-05-05 18:12:00,3.0,1260.0,0.1,1260.0,False,False,1260.0,2026-05-01
19783,C0404,2026-01-01 14:46:00,40.0,Female,Alexandria,Electronics,Keyboard,2,900,0,,Delivered,2026-01-05 14:46:00,4.0,1800.0,0.0,1800.0,False,False,1800.0,2026-01-01
16926,C0845,2026-05-08 23:24:00,,Male,Cairo,Fashion,Jeans,1,900,0,Cash,Delivered,2026-05-13 23:24:00,5.0,900.0,0.0,900.0,False,False,900.0,2026-05-01
12244,C0049,2026-01-07 10:12:00,,Female,Giza,Home,Bedsheet,1,700,0.1,Bank Transfer,Delivered,2026-01-10 10:12:00,2.0,630.0,0.1,630.0,False,False,630.0,2026-01-01
12914,C1877,2026-01-28 21:41:00,,Male,Giza,Electronics,Keyboard,2,900,0.05,Cash,Delivered,2026-01-31 21:41:00,5.0,1710.0,0.05,1710.0,False,False,1710.0,2026-01-01
15825,C0979,2026-02-16 09:43:00,65.0,Male,Giza,Electronics,Smart Watch,2,2200,0,Cash,Delivered,,4.0,4400.0,0.0,4400.0,False,False,4400.0,2026-02-01
16272,C0303,2026-03-08 12:16:00,,Female,Aswan,Home,Coffee Maker,2,1800,15%,Wallet,Delivered,2026-03-11 12:16:00,5.0,3060.0,0.15,3060.0,False,False,3060.0,2026-03-01
13453,C1517,2026-03-26 16:51:00,,Female,Alexandria,Electronics,Laptop,3,18000,0,Bank Transfer,Delivered,2026-03-31 16:51:00,4.0,54000.0,0.0,54000.0,False,False,54000.0,2026-03-01
10472,C1958,2026-03-13 00:53:00,,Female,Cairo,Home,Bedsheet,4,700,0,Visa,Delivered,2026-03-16 00:53:00,4.0,2800.0,0.0,2800.0,False,False,2800.0,2026-03-01
16348,C1706,2026-05-07 07:24:00,70.0,Female,Cairo,Electronics,,2,18000,0.1,Visa,Delivered,2026-05-11 07:24:00,3.0,32400.0,0.1,32400.0,False,False,32400.0,2026-05-01
11298,C0225,2026-03-09 05:22:00,62.0,Female,Tanta,Home,Blender,4,1200,0.05,,Delivered,2026-03-13 05:22:00,5.0,4560.0,0.05,4560.0,False,False,4560.0,2026-03-01
18315,C0462,2026-04-07 13:06:00,55.0,Male,Cairo,Fashion,Jacket,4,1200,0.1,,Delivered,2026-04-12 13:06:00,5.0,4320.0,0.1,4320.0,False,False,4320.0,2026-04-01
16219,C0939,2026-01-14 15:39:00,39.0,Female,Cairo,Electronics,Smart Watch,1,2200,0,Cash,Delivered,2026-01-18 15:39:00,,2200.0,0.0,2200.0,False,False,2200.0,2026-01-01
12418,C0856,2026-05-18 19:16:00,,Female,Cairo,Beauty,Shampoo,1,250,0.05,Cash,Delivered,2026-05-22 19:16:00,5.0,237.5,0.05,237.5,False,False,237.5,2026-05-01
13678,C1218,2026-04-14 07:08:00,,Male,Cairo,Electronics,Smart Watch,1,2200,0%,Bank Transfer,Delivered,2026-04-15 07:08:00,5.0,2200.0,0.0,2200.0,False,False,2200.0,2026-04-01
19756,C1135,2026-03-26 07:16:00,53.0,Male,Giza,Beauty,Perfume,2,1100,0.05,Cash,Delivered,2026-03-27 07:16:00,,2090.0,0.05,2090.0,False,False,2090.0,2026-03-01
11522,C0923,2026-03-15 08:44:00,20.0,Male,Cairo,Electronics,Keyboard,1,900,0.05,,Delivered,2026-03-17 08:44:00,4.0,855.0,0.05,855.0,False,False,855.0,2026-03-01
18071,,2026-02-17 20:41:00,65.0,Female,Mansoura,Beauty,Shampoo,4,250,0,Wallet,Delivered,2026-02-22 20:41:00,3.0,1000.0,0.0,1000.0,False,False,1000.0,2026-02-01
19186,C0919,2026-06-22 16:46:00,,Male,Cairo,Fashion,Bag,1,750,0.2,Mastercard,Delivered,2026-06-27 16:46:00,4.0,600.0,0.2,600.0,False,False,600.0,2026-06-01
13476,C1307,2026-04-21 07:27:00,,Female,Giza,Home,Lamp,2,300,0,Visa,Delivered,2026-04-24 07:27:00,4.0,600.0,0.0,600.0,False,False,600.0,2026-04-01
12021,C1027,2026-04-25 21:03:00,,Male,Tanta,Home,Chair,2,2500,0.05,Wallet,Delivered,2026-04-30 21:03:00,4.0,4750.0,0.05,4750.0,False,False,4750.0,2026-04-01
18571,C1765,2026-05-08 15:15:00,32.0,Male,Giza,Fashion,T-Shirt,1,500,0.1,Mastercard,Delivered,2026-05-11 15:15:00,,450.0,0.1,450.0,False,False,450.0,2026-05-01
12488,C0685,2026-02-04 12:19:00,,Female,Cairo,Sports,Tennis Racket,4,1600,0.1,Wallet,Delivered,2026-02-05 12:19:00,4.0,5760.0,0.1,5760.0,False,False,5760.0,2026-02-01
14305,C0144,2026-02-14 06:45:00,18.0,Female,Aswan,Home,Coffee Maker,1,1800,0.1,Wallet,Delivered,2026-02-18 06:45:00,,1620.0,0.1,1620.0,False,False,1620.0,2026-02-01
16548,C0371,2026-03-11 00:52:00,35.0,Male,Cairo,Fashion,Shoes,1,1500,0.1,Mastercard,Delivered,,2.0,1350.0,0.1,1350.0,False,False,1350.0,2026-03-01
16502,C1615,2026-06-25 14:25:00,,Male,Cairo,Electronics,Headphones,1,850,0.05,Visa,Delivered,2026-06-30 14:25:00,5.0,807.5,0.05,807.5,False,False,807.5,2026-06-01
13994,C0273,2026-04-01 12:07:00,57.0,Male,Tanta,Beauty,Shampoo,3,250,0,Visa,Delivered,2026-04-04 12:07:00,,750.0,0.0,750.0,False,False,750.0,2026-04-01
12841,C0590,2026-01-12 23:40:00,57.0,Male,Mansoura,Fashion,Shoes,4,1500,0,Wallet,Delivered,2026-01-16 23:40:00,,6000.0,0.0,6000.0,False,False,6000.0,2026-01-01
16298,C1114,2026-05-22 12:25:00,58.0,Female,Cairo,Sports,Yoga Mat,3,600,10%,Wallet,Delivered,2026-05-24 12:25:00,,1620.0,0.1,1620.0,False,False,1620.0,2026-05-01
19229,,2026-03-30 17:37:00,19.0,Male,Mansoura,Sports,Football,2,650,0.1,Bank Transfer,Delivered,2026-04-03 17:37:00,5.0,1170.0,0.1,1170.0,False,False,1170.0,2026-03-01
14355,C1295,2026-03-24 00:00:00,30.0,Male,Cairo,Fashion,Jacket,2,1200,0.15,Bank Transfer,Delivered,2026-03-29 09:08:00,,2040.0,0.15,2040.0,False,False,2040.0,2026-03-01
17797,C0375,2026-01-25 15:37:00,,Male,Giza,Electronics,Laptop,1,18000,0,Bank Transfer,Delivered,2026-01-26 15:37:00,4.0,18000.0,0.0,18000.0,False,False,18000.0,2026-01-01
15706,C0659,2026-04-28 00:26:00,21.0,Male,Giza,Electronics,Laptop,4,18000,0,,Delivered,2026-04-30 00:26:00,4.0,72000.0,0.0,72000.0,False,False,72000.0,2026-04-01
11684,C0935,2026-02-17 09:14:00,33.0,Male,Cairo,Sports,Dumbbells,4,1400,0.1,Visa,Delivered,2026-02-19 09:14:00,,5040.0,0.1,5040.0,False,False,5040.0,2026-02-01
10798,C0762,2026-03-28 01:10:00,51.0,Female,Alexandria,Sports,Yoga Mat,1,600,0,Mastercard,Delivered,2026-04-01 01:10:00,,600.0,0.0,600.0,False,False,600.0,2026-03-01
14883,C0864,2026-06-05 09:17:00,,Male,Mansoura,Fashion,Jeans,1,900,0,Cash,Delivered,2026-06-08 09:17:00,3.0,900.0,0.0,900.0,False,False,900.0,2026-06-01
15154,C0231,2026-03-31 03:39:00,35.0,Male,Cairo,Home,Lamp,4,300,0.05,Cash,Delivered,,4.0,1140.0,0.05,1140.0,False,False,1140.0,2026-03-01
16678,C1036,2026-01-07 22:41:00,,Male,Cairo,Beauty,Hair Dryer,1,1300,0,Mastercard,Delivered,2026-01-11 22:41:00,5.0,1300.0,0.0,1300.0,False,False,1300.0,2026-01-01
15097,C1176,2026-03-01 06:17:00,65.0,Female,Cairo,Beauty,Hair Dryer,1,1300,0.15,Wallet,Delivered,2026-03-04 06:17:00,,1105.0,0.15,1105.0,False,False,1105.0,2026-03-01
15570,C1196,2026-06-18 09:10:00,65.0,Female,Cairo,Sports,Running Shoes,3,1800,0.05,,Delivered,2026-06-21 09:10:00,4.0,5130.0,0.05,5130.0,False,False,5130.0,2026-06-01
17956,C0908,2026-06-25 18:06:00,24.0,Female,Alexandria,Home,,2,700,0,Visa,Delivered,2026-06-30 18:06:00,5.0,1400.0,0.0,1400.0,False,False,1400.0,2026-06-01
13287,C1257,2026-04-24 05:40:00,67.0,Female,Cairo,Sports,Yoga Mat,2,600,0.15,Mastercard,Delivered,2026-04-26 05:40:00,,1020.0,0.15,1020.0,False,False,1020.0,2026-04-01
18688,C0120,2026-04-20 21:22:00,25.0,Female,Cairo,Fashion,Shoes,2,1500,0.1,Wallet,Delivered,2026-04-25 21:22:00,,2700.0,0.1,2700.0,False,False,2700.0,2026-04-01
10453,C0735,2026-03-30 17:19:00,61.0,Female,Cairo,Electronics,Mouse,1,450,0.1,Wallet,Delivered,2026-04-02 17:19:00,,405.0,0.1,405.0,False,False,405.0,2026-03-01
11141,C1796,2026-04-18 17:38:00,37.0,Male,Alexandria,Sports,Tennis Racket,2,1600,0,Mastercard,Delivered,2026-04-21 17:38:00,,3200.0,0.0,3200.0,False,False,3200.0,2026-04-01
14680,C1871,2026-01-26 00:00:00,55.0,Female,Alexandria,Beauty,Makeup Kit,1,900,0.15,Visa,Delivered,2026-01-30 05:45:00,,765.0,0.15,765.0,False,False,765.0,2026-01-01
12787,C1449,2026-01-05 03:12:00,69.0,Female,Giza,Home,Coffee Maker,3,1800,0,Cash,Delivered,2026-01-08 03:12:00,,5400.0,0.0,5400.0,False,False,5400.0,2026-01-01
11315,C0598,2026-04-23 15:46:00,63.0,Male,Giza,Electronics,Mouse,2,450,0.15,Wallet,Delivered,,5.0,765.0,0.15,765.0,False,False,765.0,2026-04-01
19938,C0475,2026-06-11 06:26:00,50.0,Male,Cairo,Beauty,Shampoo,1,250,0,Cash,Delivered,2026-06-14 06:26:00,,250.0,0.0,250.0,False,False,250.0,2026-06-01
13394,C1746,2026-04-29 17:35:00,,Female,Alexandria,Fashion,T-Shirt,3,500,0.05,Mastercard,Delivered,2026-05-03 17:35:00,3.0,1425.0,0.05,1425.0,False,False,1425.0,2026-04-01
19287,C1616,2026-01-11 05:41:00,24.0,Male,Giza,Home,Bedsheet,1,700,0.05,Cash,Delivered,2026-01-14 05:41:00,,665.0,0.05,665.0,False,False,665.0,2026-01-01
19239,C0879,2026-03-19 12:36:00,,Female,Cairo,Beauty,Face Cream,1,450,0.1,Mastercard,Delivered,2026-03-23 12:36:00,4.0,405.0,0.1,405.0,False,False,405.0,2026-03-01
13688,,2026-04-19 10:15:00,39.0,Male,Alexandria,Sports,Tennis Racket,1,1600,0.15,Visa,Delivered,2026-04-22 10:15:00,5.0,1360.0,0.15,1360.0,False,False,1360.0,2026-04-01
10439,C0538,2026-01-14 21:44:00,,Male,Giza,Beauty,Makeup Kit,1,900,0.2,Cash,Delivered,2026-01-18 21:44:00,4.0,720.0,0.2,720.0,False,False,720.0,2026-01-01
17355,C1975,2026-05-27 07:32:00,37.0,Male,Tanta,Beauty,Makeup Kit,1,900,0.05,Mastercard,Delivered,2026-05-28 07:32:00,,855.0,0.05,855.0,False,False,855.0,2026-05-01
10739,C0467,2026-03-28 12:31:00,30.0,Female,Tanta,Sports,Dumbbells,2,1400,0.2,Bank Transfer,Cancelled,,,2240.0,0.2,2240.0,False,False,0.0,2026-03-01
11469,C1145,2026-03-05 17:20:00,58.0,Male,Giza,Sports,Running Shoes,2,1800,0.05,Visa,Cancelled,,,3420.0,0.05,3420.0,False,False,0.0,2026-03-01
16650,C0151,2026-01-13 01:22:00,52.0,Female,Giza,Home,Bedsheet,2,700,0.15,Cash,Pending,,,1190.0,0.15,1190.0,False,False,0.0,2026-01-01
13615,C0143,2026-05-02 03:27:00,70.0,Female,Giza,Electronics,Headphones,1,850,0.1,Visa,Pending,,,765.0,0.1,765.0,False,False,0.0,2026-05-01
13700,C1255,2026-01-14 13:43:00,65.0,Male,Mansoura,Home,Lamp,1,300,0.15,Mastercard,Cancelled,,,255.0,0.15,255.0,False,False,0.0,2026-01-01
15071,C1852,2026-04-26 20:38:00,42.0,Male,Aswan,Beauty,Hair Dryer,1,1300,0,Mastercard,Cancelled,,,1300.0,0.0,1300.0,False,False,0.0,2026-04-01
12745,C1689,2026-03-23 12:33:00,46.0,Female,Giza,Electronics,Keyboard,3,900,0.1,Mastercard,Pending,,,2430.0,0.1,2430.0,False,False,0.0,2026-03-01
14737,C1067,2026-05-13 14:26:00,69.0,Male,Cairo,Fashion,T-Shirt,3,500,0.1,Cash,Cancelled,,,1350.0,0.1,1350.0,False,False,0.0,2026-05-01
16075,C0305,2026-04-22 04:51:00,38.0,Male,Mansoura,Fashion,Bag,4,750,0.05,Bank Transfer,Cancelled,,,2850.0,0.05,2850.0,False,False,0.0,2026-04-01
11877,C0818,2026-05-14 17:18:00,69.0,Female,Giza,Home,Chair,3,2500,0%,Visa,Pending,,,7500.0,0.0,7500.0,False,False,0.0,2026-05-01
18376,C0830,2026-01-18 18:26:00,28.0,Female,Cairo,Home,Blender,1,1200,0.2,Wallet,Cancelled,,,960.0,0.2,960.0,False,False,0.0,2026-01-01
15244,C0407,2026-06-19 08:15:00,49.0,Male,Giza,Sports,Running Shoes,1,1800,0.05,Visa,Cancelled,,,1710.0,0.05,1710.0,False,False,0.0,2026-06-01
17884,C1631,2026-04-16 22:21:00,30.0,Female,Giza,Beauty,Hair Dryer,2,1300,0,Visa,Pending,,,2600.0,0.0,2600.0,False,False,0.0,2026-04-01
14268,C1684,2026-05-23 14:52:00,40.0,Female,Cairo,Electronics,Mouse,1,450,0,Visa,Pending,,,450.0,0.0,450.0,False,False,0.0,2026-05-01
15451,C1638,2026-05-15 12:24:00,43.0,Male,Mansoura,Sports,Yoga Mat,2,600,0.05,Mastercard,Cancelled,,,1140.0,0.05,1140.0,False,False,0.0,2026-05-01
16385,C1994,2026-03-16 08:04:00,23.0,Female,Cairo,Home,Lamp,2,300,0.05,Mastercard,Cancelled,,,570.0,0.05,570.0,False,False,0.0,2026-03-01
11047,C1814,2026-01-16 01:25:00,31.0,Female,Cairo,Fashion,T-Shirt,2,500,0.15,Cash,Pending,,,850.0,0.15,850.0,False,False,0.0,2026-01-01
15108,C1440,2026-03-20 05:05:00,23.0,Male,Alexandria,Electronics,Smart Watch,4,2200,0.1,Visa,Cancelled,,,7920.0,0.1,7920.0,False,False,0.0,2026-03-01
17992,C0850,2026-06-25 03:57:00,38.0,Male,Cairo,Beauty,Shampoo,1,250,0,Wallet,Cancelled,,,250.0,0.0,250.0,False,False,0.0,2026-06-01
18621,C1509,2026-02-14 02:36:00,18.0,Female,Cairo,Sports,Football,1,650,0.05,Cash,Pending,,,617.5,0.05,617.5,False,False,0.0,2026-02-01
16861,C0667,2026-06-20 13:48:00,67.0,Female,Cairo,Fashion,Shoes,3,1500,0.15,Cash,Pending,,,3825.0,0.15,3825.0,False,False,0.0,2026-06-01
16982,C0259,2026-03-08 13:31:00,26.0,Male,Giza,Home,Blender,1,1200,0.05,Bank Transfer,Pending,,,1140.0,0.05,1140.0,False,False,0.0,2026-03-01
13210,C0571,2026-01-28 14:44:00,70.0,Female,Tanta,Sports,Tennis Racket,1,1600,0.05,Wallet,Cancelled,,,1520.0,0.05,1520.0,False,False,0.0,2026-01-01
13177,C1739,2026-03-10 15:54:00,46.0,Male,Cairo,Sports,Yoga Mat,1,600,0.1,Cash,Pending,,,540.0,0.1,540.0,False,False,0.0,2026-03-01
13547,C0177,2026-04-29 05:44:00,55.0,Female,Giza,Home,Lamp,1,300,0.1,Bank Transfer,Cancelled,,,270.0,0.1,270.0,False,False,0.0,2026-04-01
12820,C0839,2026-01-14 09:34:00,45.0,Male,Cairo,Sports,Tennis Racket,1,1600,0.1,Wallet,Cancelled,,,1440.0,0.1,1440.0,False,False,0.0,2026-01-01
11867,C1902,2026-05-11 20:11:00,18.0,Male,Cairo,Home,Chair,4,2500,0,Cash,Pending,,,10000.0,0.0,10000.0,False,False,0.0,2026-05-01
10514,C0863,2026-05-26 15:39:00,53.0,Female,Giza,Electronics,Mouse,2,450,0.1,Visa,Cancelled,,,810.0,0.1,810.0,False,False,0.0,2026-05-01
14418,C1082,2026-02-11 23:39:00,23.0,Male,Cairo,Electronics,Keyboard,2,900,0.15,Wallet,Pending,,,1530.0,0.15,1530.0,False,False,0.0,2026-02-01
10404,C1184,2026-03-30 01:11:00,57.0,Female,Giza,Fashion,Jeans,1,900,0,Mastercard,Cancelled,,,900.0,0.0,900.0,False,False,0.0,2026-03-01
11485,C0753,2026-01-23 00:40:00,63.0,Female,Cairo,Electronics,Headphones,1,850,0.1,Wallet,Pending,,,765.0,0.1,765.0,False,False,0.0,2026-01-01
17507,C0068,2026-04-15 00:25:00,39.0,Male,Giza,Fashion,Jacket,1,1200,0,Cash,Pending,,,1200.0,0.0,1200.0,False,False,0.0,2026-04-01
16993,C1565,2026-03-16 23:08:00,48.0,Female,Alexandria,Fashion,Jeans,4,900,0.1,Mastercard,Cancelled,,,3240.0,0.1,3240.0,False,False,0.0,2026-03-01
17996,C0494,2026-03-28 00:00:00,69.0,Female,Cairo,Sports,Football,2,650,0,Cash,Pending,,,1300.0,0.0,1300.0,False,False,0.0,2026-03-01
11511,C1665,2026-05-29 22:56:00,26.0,Male,Cairo,Sports,Running Shoes,3,1800,0.1,Cash,Cancelled,,,4860.0,0.1,4860.0,False,False,0.0,2026-05-01
15822,C0180,2026-04-13 14:04:00,53.0,Female,Cairo,Sports,Running Shoes,4,1800,0.1,Wallet,Pending,,,6480.0,0.1,6480.0,False,False,0.0,2026-04-01
14914,C1952,2026-06-06 19:09:00,47.0,Female,Giza,Sports,Yoga Mat,4,600,0,Bank Transfer,Pending,,,2400.0,0.0,2400.0,False,False,0.0,2026-06-01
12638,C1096,2026-06-09 22:16:00,31.0,Female,Cairo,Sports,Yoga Mat,3,600,0.05,Wallet,Pending,,,1710.0,0.05,1710.0,False,False,0.0,2026-06-01
16756,C1006,2026-03-11 18:02:00,54.0,Male,Giza,Sports,Dumbbells,2,1400,0.1,Cash,Cancelled,,,2520.0,0.1,2520.0,False,False,0.0,2026-03-01
13760,C1842,2026-05-31 18:37:00,26.0,Female,Alexandria,Fashion,Jeans,2,900,0.1,Wallet,Cancelled,,,1620.0,0.1,1620.0,False,False,0.0,2026-05-01
17645,C0793,2026-05-15 02:37:00,29.0,Male,Cairo,Electronics,Laptop,2,18000,0,Cash,Pending,,,36000.0,0.0,36000.0,False,False,0.0,2026-05-01
13240,C1527,2026-06-22 12:52:00,68.0,Male,Cairo,Beauty,Hair Dryer,1,1300,0.2,Mastercard,Cancelled,,,1040.0,0.2,1040.0,False,False,0.0,2026-06-01
17177,C0220,2026-06-16 21:41:00,50.0,Male,Alexandria,Sports,Tennis Racket,3,1600,0.1,Bank Transfer,Pending,,,4320.0,0.1,4320.0,False,False,0.0,2026-06-01
18525,C1646,2026-03-02 12:14:00,50.0,Male,Mansoura,Fashion,Bag,1,750,0.05,Bank Transfer,Cancelled,,,712.5,0.05,712.5,False,False,0.0,2026-03-01
16196,C1760,2026-01-23 04:39:00,62.0,Female,Cairo,Fashion,Shoes,1,1500,0,Visa,Cancelled,,,1500.0,0.0,1500.0,False,False,0.0,2026-01-01
15492,C1736,2026-01-04 07:53:00,33.0,Male,Cairo,Fashion,Jeans,3,900,0.05,Bank Transfer,Pending,,,2565.0,0.05,2565.0,False,False,0.0,2026-01-01
12487,C1249,2026-01-11 02:26:00,70.0,Female,Cairo,Beauty,Shampoo,4,250,0.05,Cash,Pending,,,950.0,0.05,950.0,False,False,0.0,2026-01-01
17015,C0719,2026-02-25 02:21:00,55.0,Female,Cairo,Home,Lamp,1,300,0,Visa,Pending,,,300.0,0.0,300.0,False,False,0.0,2026-02-01
15678,C0792,2026-03-23 22:52:00,23.0,Male,Mansoura,Fashion,Shoes,4,1500,0.05,Mastercard,Pending,,,5700.0,0.05,5700.0,False,False,0.0,2026-03-01
14586,C0879,2026-02-22 11:37:00,38.0,Female,Cairo,Beauty,Makeup Kit,3,900,0.05,Cash,Cancelled,,,2565.0,0.05,2565.0,False,False,0.0,2026-02-01
13450,C1311,2026-02-01 14:54:00,56.0,Female,Cairo,Fashion,Bag,2,750,0,Cash,Pending,,,1500.0,0.0,1500.0,False,False,0.0,2026-02-01
19692,C0433,2026-03-28 00:13:00,36.0,Male,Cairo,Fashion,Jacket,1,1200,0.2,Cash,Pending,,,960.0,0.2,960.0,False,False,0.0,2026-03-01
13423,C0212,2026-06-05 16:41:00,54.0,Female,Mansoura,Sports,Running Shoes,1,1800,0,Cash,Pending,,,1800.0,0.0,1800.0,False,False,0.0,2026-06-01
16203,C1347,2026-06-29 10:44:00,51.0,Female,Alexandria,Electronics,Keyboard,2,900,0.1,Wallet,Pending,,,1620.0,0.1,1620.0,False,False,0.0,2026-06-01
12222,C0377,2026-05-15 00:52:00,67.0,Male,Tanta,Home,Coffee Maker,1,1800,0.05,Bank Transfer,Cancelled,,,1710.0,0.05,1710.0,False,False,0.0,2026-05-01
17705,C0846,2026-05-10 22:11:00,41.0,Male,Mansoura,Electronics,Smart Watch,2,2200,0.15,Bank Transfer,Pending,,,3740.0,0.15,3740.0,False,False,0.0,2026-05-01
14585,C1739,2026-05-11 16:08:00,63.0,Male,Cairo,Electronics,Mouse,3,450,0%,Visa,Pending,,,1350.0,0.0,1350.0,False,False,0.0,2026-05-01
15260,C1823,2026-04-19 14:46:00,35.0,Male,Alexandria,Fashion,Shoes,2,1500,0.1,Mastercard,Pending,,,2700.0,0.1,2700.0,False,False,0.0,2026-04-01
11543,C0434,2026-04-05 12:24:00,56.0,Male,Giza,Sports,Dumbbells,1,1400,0,Visa,Pending,,,1400.0,0.0,1400.0,False,False,0.0,2026-04-01
12991,C1215,2026-05-21 18:04:00,64.0,Male,Cairo,Sports,Dumbbells,1,1400,0.1,Visa,Cancelled,,,1260.0,0.1,1260.0,False,False,0.0,2026-05-01
18729,C1806,2026-03-01 18:34:00,47.0,Female,Mansoura,Sports,Dumbbells,1,1400,0.1,Wallet,Pending,,,1260.0,0.1,1260.0,False,False,0.0,2026-03-01
15480,C1043,2026-04-05 20:12:00,36.0,Male,Giza,Electronics,Smart Watch,2,2200,0.05,Wallet,Cancelled,,,4180.0,0.05,4180.0,False,False,0.0,2026-04-01
13056,C0489,2026-02-27 12:34:00,34.0,Male,Cairo,Electronics,Laptop,3,18000,0.05,Cash,Pending,,,51300.0,0.05,51300.0,False,False,0.0,2026-02-01
10745,C0326,2026-01-17 05:03:00,47.0,Male,Alexandria,Beauty,Makeup Kit,1,900,0.05,Wallet,Cancelled,,,855.0,0.05,855.0,False,False,0.0,2026-01-01
19038,C1193,2026-04-05 23:16:00,59.0,Female,Mansoura,Home,Chair,3,2500,0.15,Visa,Pending,,,6375.0,0.15,6375.0,False,False,0.0,2026-04-01
16302,C1075,2026-03-24 23:36:00,41.0,Male,Alexandria,Sports,Tennis Racket,1,1600,0.05,Wallet,Pending,,,1520.0,0.05,1520.0,False,False,0.0,2026-03-01
15433,C1543,2026-05-21 21:56:00,62.0,Male,Cairo,Sports,Tennis Racket,2,1600,0.15,Cash,Pending,,,2720.0,0.15,2720.0,False,False,0.0,2026-05-01
19053,C0623,2026-06-10 09:02:00,19.0,Female,Cairo,Sports,Yoga Mat,1,600,0.05,Wallet,Cancelled,,,570.0,0.05,570.0,False,False,0.0,2026-06-01
19685,C0512,2026-06-26 08:32:00,40.0,Female,Giza,Fashion,Jacket,2,1200,0%,Bank Transfer,Pending,,,2400.0,0.0,2400.0,False,False,0.0,2026-06-01
10613,C1494,2026-06-12 19:28:00,59.0,Male,Giza,Home,Chair,1,2500,0.1,Mastercard,Pending,,,2250.0,0.1,2250.0,False,False,0.0,2026-06-01
19605,C1467,2026-04-05 13:34:00,47.0,Male,Cairo,Beauty,Face Cream,2,450,0.1,Wallet,Cancelled,,,810.0,0.1,810.0,False,False,0.0,2026-04-01
18322,C1123,2026-04-27 12:03:00,39.0,Female,Alexandria,Fashion,T-Shirt,3,500,0,Mastercard,Cancelled,,,1500.0,0.0,1500.0,False,False,0.0,2026-04-01
14542,C0834,2026-03-31 20:28:00,35.0,Female,Alexandria,Home,Coffee Maker,2,1800,0.15,Mastercard,Pending,,,3060.0,0.15,3060.0,False,False,0.0,2026-03-01
18151,C1142,2026-02-08 11:12:00,21.0,Female,Cairo,Fashion,Jacket,1,1200,0,Visa,Cancelled,,,1200.0,0.0,1200.0,False,False,0.0,2026-02-01
12381,C1817,2026-06-27 05:08:00,24.0,Female,Alexandria,Electronics,Mouse,2,450,0.05,Mastercard,Pending,,,855.0,0.05,855.0,False,False,0.0,2026-06-01
16304,C1211,2026-01-02 14:31:00,37.0,Male,Giza,Beauty,Makeup Kit,4,900,0,Cash,Pending,,,3600.0,0.0,3600.0,False,False,0.0,2026-01-01
14557,C1613,2026-04-04 15:11:00,38.0,Male,Giza,Home,Coffee Maker,2,1800,0,Visa,Pending,,,3600.0,0.0,3600.0,False,False,0.0,2026-04-01
19114,C0301,2026-02-12 16:38:00,47.0,Female,Tanta,Fashion,Jeans,3,900,0.1,Visa,Pending,,,2430.0,0.1,2430.0,False,False,0.0,2026-02-01
15955,C0968,2026-10-06 00:00:00,64.0,Female,Cairo,Beauty,Makeup Kit,1,900,0,Mastercard,Cancelled,,,900.0,0.0,900.0,False,False,0.0,2026-10-01
11635,C1136,2026-05-03 03:36:00,58.0,Male,Mansoura,Fashion,Bag,1,750,0.1,Wallet,Pending,,,675.0,0.1,675.0,False,False,0.0,2026-05-01
16697,C0485,2026-04-27 20:54:00,27.0,Male,Giza,Home,Bedsheet,1,700,0.1,Cash,Pending,,,630.0,0.1,630.0,False,False,0.0,2026-04-01
17005,C1202,2026-01-17 16:14:00,56.0,Female,Cairo,Sports,Tennis Racket,1,1600,0,Mastercard,Pending,,,1600.0,0.0,1600.0,False,False,0.0,2026-01-01
11100,C0400,2026-04-19 04:55:00,53.0,Female,Cairo,Beauty,Makeup Kit,2,900,0.1,Bank Transfer,Pending,,,1620.0,0.1,1620.0,False,False,0.0,2026-04-01
13168,C0914,2026-03-01 12:07:00,48.0,Female,Tanta,Beauty,Perfume,2,1100,0.2,Wallet,Pending,,,1760.0,0.2,1760.0,False,False,0.0,2026-03-01
18383,C0631,2026-01-28 06:17:00,67.0,Female,Giza,Electronics,,3,850,0.05,Bank Transfer,Delivered,,3.0,2422.5,0.05,2422.5,False,False,2422.5,2026-01-01
12458,C0319,2026-01-20 10:47:00,60.0,Female,Mansoura,Home,Coffee Maker,3,1800,0.05,Bank Transfer,Pending,,,5130.0,0.05,5130.0,False,False,0.0,2026-01-01
13537,C0861,2026-02-11 09:41:00,26.0,Male,Mansoura,Electronics,Mouse,2,450,0.1,Visa,Cancelled,,,810.0,0.1,810.0,False,False,0.0,2026-02-01
15657,C1825,2026-02-22 15:09:00,44.0,Female,Cairo,Home,Chair,1,2500,0.1,Cash,Cancelled,,,2250.0,0.1,2250.0,False,False,0.0,2026-02-01
13020,C0936,2026-04-25 21:31:00,58.0,Male,Giza,Fashion,Bag,4,750,0.1,Visa,Pending,,,2700.0,0.1,2700.0,False,False,0.0,2026-04-01
16782,C0214,2026-01-17 17:06:00,55.0,Female,Giza,Sports,Yoga Mat,4,600,0.1,Visa,Pending,,,2160.0,0.1,2160.0,False,False,0.0,2026-01-01
12272,C1003,2026-05-06 20:05:00,55.0,Female,Aswan,Electronics,Laptop,3,18000,0,Mastercard,Cancelled,,,54000.0,0.0,54000.0,False,False,0.0,2026-05-01
18077,C1502,2026-02-28 21:52:00,19.0,Female,Tanta,Fashion,T-Shirt,2,500,0.05,Bank Transfer,Pending,,,950.0,0.05,950.0,False,False,0.0,2026-02-01
17461,C0658,2026-05-26 01:53:00,48.0,Female,Cairo,Electronics,Smart Watch,1,2200,0%,Bank Transfer,Pending,,,2200.0,0.0,2200.0,False,False,0.0,2026-05-01
16939,C1539,2026-02-24 11:13:00,62.0,Female,Giza,Electronics,headphones,3,850,20%,Mastercard,Pending,,,2040.0,0.2,2040.0,False,False,0.0,2026-02-01
14101,C0023,2026-03-11 12:15:00,44.0,Female,Cairo,Fashion,Shoes,2,1500,0.05,Mastercard,Pending,,,2850.0,0.05,2850.0,False,False,0.0,2026-03-01
18754,C1790,2026-05-30 21:46:00,63.0,Female,Cairo,Sports,Football,1,650,0.1,Visa,Pending,,,585.0,0.1,585.0,False,False,0.0,2026-05-01
16714,C0726,2026-02-10 19:19:00,56.0,Male,Alexandria,Sports,Yoga Mat,2,600,0.05,Bank Transfer,Cancelled,,,1140.0,0.05,1140.0,False,False,0.0,2026-02-01
10295,C1875,2026-05-14 00:48:00,57.0,Female,Giza,Electronics,Laptop,1,18000,0.05,Bank Transfer,Pending,,,17100.0,0.05,17100.0,False,False,0.0,2026-05-01
15404,C0820,2026-03-12 19:28:00,36.0,Female,Aswan,Sports,Yoga Mat,3,600,0,Bank Transfer,Pending,,,1800.0,0.0,1800.0,False,False,0.0,2026-03-01
16612,C0617,2026-01-07 12:28:00,25.0,Female,Cairo,Beauty,Makeup Kit,2,900,0,Cash,Pending,,,1800.0,0.0,1800.0,False,False,0.0,2026-01-01
11664,C0649,2026-04-15 16:18:00,34.0,Male,Cairo,Electronics,Keyboard,3,900,0.05,Bank Transfer,Cancelled,,,2565.0,0.05,2565.0,False,False,0.0,2026-04-01
11329,C0143,2026-06-03 20:43:00,49.0,Female,Alexandria,Fashion,Shoes,1,1500,0,Mastercard,Cancelled,,,1500.0,0.0,1500.0,False,False,0.0,2026-06-01
16223,C0431,2026-03-10 05:18:00,35.0,Male,Cairo,Home,Coffee Maker,1,1800,0.15,Mastercard,Pending,,,1530.0,0.15,1530.0,False,False,0.0,2026-03-01
15980,C1101,2026-01-20 00:00:00,62.0,Male,Giza,Electronics,Keyboard,3,900,0,Cash,Pending,,,2700.0,0.0,2700.0,False,False,0.0,2026-01-01
15459,C1249,2026-04-07 03:22:00,18.0,Female,Cairo,Sports,Football,2,650,0,Cash,Cancelled,,,1300.0,0.0,1300.0,False,False,0.0,2026-04-01
16110,C1454,2026-06-22 19:03:00,58.0,Male,Tanta,Electronics,Headphones,1,850,0,Wallet,Pending,,,850.0,0.0,850.0,False,False,0.0,2026-06-01
10680,C0680,2026-05-02 04:40:00,18.0,Female,Cairo,Electronics,Smart Watch,1,2200,0.15,Cash,Pending,,,1870.0,0.15,1870.0,False,False,0.0,2026-05-01
14009,C0475,2026-03-22 11:43:00,68.0,Female,Giza,Home,Lamp,1,300,0,Visa,Cancelled,,,300.0,0.0,300.0,False,False,0.0,2026-03-01
16295,C0957,2026-02-21 10:38:00,42.0,Male,Tanta,Fashion,Shoes,3,1500,0.05,Mastercard,Pending,,,4275.0,0.05,4275.0,False,False,0.0,2026-02-01
14089,C0134,2026-01-24 20:13:00,29.0,Female,Mansoura,Home,Coffee Maker,2,1800,0,Cash,Cancelled,,,3600.0,0.0,3600.0,False,False,0.0,2026-01-01
15465,C1384,2026-03-05 05:11:00,19.0,Female,Alexandria,Beauty,Hair Dryer,1,1300,20%,Cash,Pending,,,1040.0,0.2,1040.0,False,False,0.0,2026-03-01
12360,C1836,2026-04-23 01:09:00,64.0,Female,Cairo,Sports,Tennis Racket,1,1600,0.1,Bank Transfer,Cancelled,,,1440.0,0.1,1440.0,False,False,0.0,2026-04-01
10152,C0350,2026-01-07 11:09:00,56.0,Female,Cairo,Sports,Dumbbells,1,1400,0.1,Mastercard,Pending,,,1260.0,0.1,1260.0,False,False,0.0,2026-01-01
19067,C0606,2026-02-14 03:35:00,32.0,Male,Alexandria,Beauty,Face Cream,1,450,0.2,Cash,Pending,,,360.0,0.2,360.0,False,False,0.0,2026-02-01
16670,C0286,2026-05-30 16:52:00,44.0,Male,Alexandria,Beauty,Face Cream,4,450,0,Visa,Pending,,,1800.0,0.0,1800.0,False,False,0.0,2026-05-01
12141,C0357,2026-06-03 03:25:00,55.0,Male,Alexandria,Beauty,Perfume,2,1100,0,Bank Transfer,Cancelled,,,2200.0,0.0,2200.0,False,False,0.0,2026-06-01
13502,C1218,2026-01-04 15:11:00,34.0,Male,Mansoura,Fashion,Shoes,4,1500,0.1,Visa,Pending,,,5400.0,0.1,5400.0,False,False,0.0,2026-01-01
12346,C1224,2026-04-29 04:53:00,65.0,Male,Aswan,Beauty,Makeup Kit,1,900,0.1,Mastercard,Pending,,,810.0,0.1,810.0,False,False,0.0,2026-04-01
14347,C1266,2026-05-13 02:18:00,29.0,Male,Alexandria,Beauty,Makeup Kit,2,900,5%,Wallet,Pending,,,1710.0,0.05,1710.0,False,False,0.0,2026-05-01
17295,C0596,2026-04-16 19:10:00,24.0,Female,Cairo,Beauty,Shampoo,4,250,0.05,Visa,Cancelled,,,950.0,0.05,950.0,False,False,0.0,2026-04-01
14157,C0759,2026-04-27 00:26:00,62.0,Female,Alexandria,Fashion,Jeans,1,900,0.1,Wallet,Cancelled,,,810.0,0.1,810.0,False,False,0.0,2026-04-01
14638,C0241,2026-03-13 16:20:00,42.0,Male,Cairo,Sports,Football,2,650,0.15,Mastercard,Pending,,,1105.0,0.15,1105.0,False,False,0.0,2026-03-01
11787,C0762,2026-04-14 10:53:00,21.0,Female,Aswan,Beauty,Hair Dryer,3,1300,0.15,Bank Transfer,Cancelled,,,3315.0,0.15,3315.0,False,False,0.0,2026-04-01
12600,C1979,2026-03-10 01:09:00,44.0,Female,Alexandria,Electronics,Smart Watch,3,2200,0.15,Mastercard,Pending,,,5610.0,0.15,5610.0,False,False,0.0,2026-03-01
19690,C0543,2026-04-16 14:16:00,44.0,Male,Cairo,Home,Chair,2,2500,0.1,Mastercard,Pending,,,4500.0,0.1,4500.0,False,False,0.0,2026-04-01
11977,C0812,2026-02-27 16:45:00,,Male,Giza,Beauty,Hair Dryer,3,1300,0.2,Wallet,Delivered,,4.0,3120.0,0.2,3120.0,False,False,3120.0,2026-02-01
15702,C0527,2026-02-20 23:19:00,55.0,Female,Alexandria,Beauty,Makeup Kit,4,900,0.1,Cash,Cancelled,,,3240.0,0.1,3240.0,False,False,0.0,2026-02-01
17103,C1730,2026-05-28 09:49:00,61.0,Female,Cairo,Sports,Yoga Mat,1,600,0.15,Wallet,Pending,,,510.0,0.15,510.0,False,False,0.0,2026-05-01
13935,C1242,2026-01-21 15:09:00,49.0,Male,Tanta,Beauty,Hair Dryer,1,1300,0.15,Mastercard,Cancelled,,,1105.0,0.15,1105.0,False,False,0.0,2026-01-01
19660,C1688,2026-02-14 11:38:00,44.0,Female,Cairo,Electronics,Headphones,2,850,0.15,Bank Transfer,Pending,,,1445.0,0.15,1445.0,False,False,0.0,2026-02-01
14909,C0624,2026-04-08 05:07:00,38.0,Female,Cairo,Fashion,Jacket,1,1200,0.1,Mastercard,Pending,,,1080.0,0.1,1080.0,False,False,0.0,2026-04-01
16965,C1956,2026-02-21 01:46:00,25.0,Male,Mansoura,Sports,Tennis Racket,3,1600,0.15,Visa,Pending,,,4080.0,0.15,4080.0,False,False,0.0,2026-02-01
11033,C0500,2026-02-12 06:49:00,21.0,Female,Cairo,Home,Blender,1,1200,0.1,Bank Transfer,Pending,,,1080.0,0.1,1080.0,False,False,0.0,2026-02-01
17315,C0839,2026-05-20 00:21:00,52.0,Male,Aswan,Sports,Football,2,650,0,Bank Transfer,Pending,,,1300.0,0.0,1300.0,False,False,0.0,2026-05-01
15394,C0482,2026-03-28 11:15:00,23.0,Male,Aswan,Electronics,Keyboard,1,900,0.1,Wallet,Pending,,,810.0,0.1,810.0,False,False,0.0,2026-03-01
11677,C1257,2026-03-02 20:54:00,64.0,Male,Cairo,Sports,Football,1,650,0.2,Visa,Cancelled,,,520.0,0.2,520.0,False,False,0.0,2026-03-01
12608,C1898,2026-03-01 08:51:00,57.0,Male,Alexandria,Sports,Football,1,650,0,Bank Transfer,Pending,,,650.0,0.0,650.0,False,False,0.0,2026-03-01
18947,C0906,2026-06-19 00:55:00,30.0,Male,Alexandria,Beauty,Shampoo,1,250,0,Bank Transfer,Pending,,,250.0,0.0,250.0,False,False,0.0,2026-06-01
19058,C1515,2026-04-28 01:36:00,54.0,Female,Cairo,Electronics,Mouse,1,450,0,Bank Transfer,Cancelled,,,450.0,0.0,450.0,False,False,0.0,2026-04-01
11546,C1829,2026-01-14 03:43:00,55.0,Female,Mansoura,Sports,Yoga Mat,4,600,0.05,Wallet,Pending,,,2280.0,0.05,2280.0,False,False,0.0,2026-01-01
15857,C0430,2026-05-01 11:19:00,43.0,Male,Cairo,Home,Coffee Maker,1,1800,0.15,Visa,Pending,,,1530.0,0.15,1530.0,False,False,0.0,2026-05-01
10581,C0018,2026-04-27 15:12:00,56.0,Female,Giza,Electronics,Headphones,1,850,0.1,Visa,Cancelled,,,765.0,0.1,765.0,False,False,0.0,2026-04-01
16002,C0957,2026-04-15 21:50:00,21.0,Female,Aswan,Fashion,Shoes,4,1500,0.1,Visa,Pending,,,5400.0,0.1,5400.0,False,False,0.0,2026-04-01
15419,C1018,2026-01-15 03:17:00,48.0,Female,Cairo,Fashion,Bag,4,750,0.05,Bank Transfer,Cancelled,,,2850.0,0.05,2850.0,False,False,0.0,2026-01-01
19718,C0381,2026-05-28 17:14:00,68.0,Male,Alexandria,Home,Lamp,3,300,0,Mastercard,Pending,,,900.0,0.0,900.0,False,False,0.0,2026-05-01
12862,C1531,2026-02-28 12:40:00,47.0,Female,Giza,Fashion,Shoes,2,1500,0.1,Wallet,Cancelled,,,2700.0,0.1,2700.0,False,False,0.0,2026-02-01
15048,C0666,2026-01-25 14:09:00,56.0,Male,Aswan,Sports,Football,4,650,0,Cash,Pending,,,2600.0,0.0,2600.0,False,False,0.0,2026-01-01
15351,C0013,2026-05-17 04:37:00,49.0,Male,Cairo,Electronics,Laptop,2,18000,0,Cash,Pending,,,36000.0,0.0,36000.0,False,False,0.0,2026-05-01
13895,C1838,2026-03-16 01:40:00,61.0,Male,Cairo,Sports,Running Shoes,4,1800,0,Bank Transfer,Cancelled,,,7200.0,0.0,7200.0,False,False,0.0,2026-03-01
16120,C0956,2026-05-14 20:19:00,31.0,Male,Giza,Electronics,Mouse,2,450,0.15,Visa,Cancelled,,,765.0,0.15,765.0,False,False,0.0,2026-05-01
15964,C0095,2026-04-25 04:44:00,29.0,Female,Giza,Electronics,Keyboard,2,900,10%,Visa,Cancelled,,,1620.0,0.1,1620.0,False,False,0.0,2026-04-01
15507,C0726,2026-06-29 06:56:00,47.0,Male,Alexandria,Electronics,Headphones,1,850,0.15,Cash,Cancelled,,,722.5,0.15,722.5,False,False,0.0,2026-06-01
14622,C0462,2026-02-05 18:18:00,66.0,Female,Giza,Home,Coffee Maker,1,1800,0.15,Cash,Cancelled,,,1530.0,0.15,1530.0,False,False,0.0,2026-02-01
11049,C1574,2026-04-09 14:38:00,47.0,Male,Giza,Electronics,Laptop,1,18000,0.1,Visa,Cancelled,,,16200.0,0.1,16200.0,False,False,0.0,2026-04-01
10733,C1002,2026-01-23 17:00:00,52.0,Male,Cairo,Home,Coffee Maker,1,1800,0.15,Bank Transfer,Cancelled,,,1530.0,0.15,1530.0,False,False,0.0,2026-01-01
14320,C0749,2026-01-07 02:51:00,51.0,Male,Cairo,Beauty,Shampoo,1,250,0,Visa,Cancelled,,,250.0,0.0,250.0,False,False,0.0,2026-01-01
12024,C1644,2026-01-12 00:00:00,23.0,Male,Giza,Home,Blender,3,1200,0,Wallet,Cancelled,,,3600.0,0.0,3600.0,False,False,0.0,2026-01-01
10094,C0981,2026-05-02 13:01:00,60.0,Female,Cairo,Electronics,Smart Watch,1,2200,0,Bank Transfer,Cancelled,,,2200.0,0.0,2200.0,False,False,0.0,2026-05-01
11409,C1786,2026-05-07 23:11:00,68.0,Female,Tanta,Beauty,Hair Dryer,3,1300,0.15,Mastercard,Cancelled,,,3315.0,0.15,3315.0,False,False,0.0,2026-05-01
11276,C0602,2026-03-05 07:21:00,69.0,Female,Giza,Fashion,Jeans,1,900,0.05,Visa,Cancelled,,,855.0,0.05,855.0,False,False,0.0,2026-03-01
17219,C1600,2026-01-10 11:59:00,56.0,Female,Giza,Beauty,Makeup Kit,1,900,0.1,Wallet,Pending,,,810.0,0.1,810.0,False,False,0.0,2026-01-01
19508,C0754,2026-04-24 22:23:00,35.0,Male,Mansoura,Fashion,Jacket,1,1200,0,Visa,Pending,,,1200.0,0.0,1200.0,False,False,0.0,2026-04-01
15416,C0394,2026-04-22 10:31:00,38.0,Male,Cairo,Beauty,Makeup Kit,1,900,0.1,Bank Transfer,Cancelled,,,810.0,0.1,810.0,False,False,0.0,2026-04-01
12948,C0225,2026-03-26 05:39:00,24.0,Male,Mansoura,Fashion,T-Shirt,1,500,0,Wallet,Pending,,,500.0,0.0,500.0,False,False,0.0,2026-03-01
10668,C1215,2026-01-09 16:32:00,68.0,Male,Cairo,Electronics,Mouse,1,450,0.05,Mastercard,Pending,,,427.5,0.05,427.5,False,False,0.0,2026-01-01
18866,C0608,2026-01-22 10:41:00,25.0,Male,Cairo,Sports,Yoga Mat,2,600,0.15,Wallet,Cancelled,,,1020.0,0.15,1020.0,False,False,0.0,2026-01-01
16618,C1628,2026-01-08 17:34:00,42.0,Male,Giza,Electronics,Smart Watch,2,2200,0.15,Bank Transfer,Pending,,,3740.0,0.15,3740.0,False,False,0.0,2026-01-01
19820,C1011,2026-01-07 00:55:00,39.0,Male,Cairo,Fashion,T-Shirt,1,500,0,Mastercard,Pending,,,500.0,0.0,500.0,False,False,0.0,2026-01-01
14379,C1919,2026-02-13 00:09:00,69.0,Male,Giza,Fashion,Shoes,4,1500,0.1,Wallet,Pending,,,5400.0,0.1,5400.0,False,False,0.0,2026-02-01
19954,C0559,2026-06-15 06:32:00,28.0,Female,Aswan,Beauty,Perfume,4,1100,0.1,Visa,Pending,,,3960.0,0.1,3960.0,False,False,0.0,2026-06-01
15995,C0976,2026-03-04 12:54:00,67.0,Female,Aswan,Fashion,Shoes,3,1500,0,Wallet,Cancelled,,,4500.0,0.0,4500.0,False,False,0.0,2026-03-01
18421,C0386,2026-06-06 20:24:00,39.0,Female,Mansoura,Home,Blender,3,1200,0.15,Visa,Pending,,,3060.0,0.15,3060.0,False,False,0.0,2026-06-01
18271,C0459,2026-05-12 00:00:00,53.0,Female,Aswan,Home,Coffee Maker,1,1800,0.15,Mastercard,Pending,,,1530.0,0.15,1530.0,False,False,0.0,2026-05-01
17754,C0253,2026-01-18 20:17:00,41.0,Female,Alexandria,Beauty,Hair Dryer,3,1300,0.1,Mastercard,Pending,,,3510.0,0.1,3510.0,False,False,0.0,2026-01-01
12154,C1296,2026-05-07 06:43:00,55.0,Male,Alexandria,Fashion,T-Shirt,3,500,0,Bank Transfer,Cancelled,,,1500.0,0.0,1500.0,False,False,0.0,2026-05-01
10619,C1490,2026-06-25 01:11:00,23.0,Female,Cairo,Home,Coffee Maker,2,1800,0.15,Mastercard,Pending,,,3060.0,0.15,3060.0,False,False,0.0,2026-06-01
13204,C0167,2026-03-01 19:05:00,42.0,Male,Alexandria,Sports,Yoga Mat,1,600,0,Cash,Pending,,,600.0,0.0,600.0,False,False,0.0,2026-03-01
17692,C1534,2026-02-26 10:47:00,59.0,Female,Mansoura,Sports,Running Shoes,3,1800,0.1,Mastercard,Cancelled,,,4860.0,0.1,4860.0,False,False,0.0,2026-02-01
12902,C0329,2026-04-07 22:34:00,37.0,Female,Giza,Home,Chair,4,2500,0.1,Bank Transfer,Pending,,,9000.0,0.1,9000.0,False,False,0.0,2026-04-01
19345,C0232,2026-06-18 19:15:00,67.0,Male,Alexandria,Sports,Running Shoes,1,1800,0.2,Mastercard,Cancelled,,,1440.0,0.2,1440.0,False,False,0.0,2026-06-01
10246,C0407,2026-05-23 10:56:00,68.0,Male,Alexandria,Sports,Football,3,650,0.05,Wallet,Cancelled,,,1852.5,0.05,1852.5,False,False,0.0,2026-05-01
14327,C1949,2026-05-31 02:29:00,34.0,Female,Cairo,Beauty,Face Cream,1,450,0.2,Bank Transfer,Cancelled,,,360.0,0.2,360.0,False,False,0.0,2026-05-01
19985,C1539,2026-05-26 07:38:00,32.0,Female,Cairo,Home,Chair,1,2500,0.15,Wallet,Pending,,,2125.0,0.15,2125.0,False,False,0.0,2026-05-01
13679,C0156,2026-04-27 00:00:00,19.0,Male,Mansoura,Home,Chair,1,2500,0.15,Cash,Pending,,,2125.0,0.15,2125.0,False,False,0.0,2026-04-01
14704,C1776,2026-01-03 23:05:00,57.0,Female,Tanta,Electronics,Laptop,1,18000,0,Bank Transfer,Pending,,,18000.0,0.0,18000.0,False,False,0.0,2026-01-01
13528,C0875,2026-01-27 05:33:00,20.0,Male,Giza,Beauty,Shampoo,4,250,0,Bank Transfer,Cancelled,,,1000.0,0.0,1000.0,False,False,0.0,2026-01-01
11342,C1275,2026-02-09 02:01:00,55.0,Male,Alexandria,Home,Bedsheet,3,700,0,Mastercard,Pending,,,2100.0,0.0,2100.0,False,False,0.0,2026-02-01
16315,C1983,2026-03-22 16:49:00,32.0,Male,Giza,Fashion,T-Shirt,1,500,0,Visa,Pending,,,500.0,0.0,500.0,False,False,0.0,2026-03-01
16685,C1024,2026-05-14 12:13:00,62.0,Female,Giza,Home,Chair,1,2500,0.1,Mastercard,Pending,,,2250.0,0.1,2250.0,False,False,0.0,2026-05-01
14794,C1727,2026-05-19 02:56:00,51.0,Male,Giza,Sports,Football,1,650,0%,Cash,Cancelled,,,650.0,0.0,650.0,False,False,0.0,2026-05-01
17278,C1185,2026-01-23 01:48:00,66.0,Female,Tanta,Electronics,Mouse,4,450,0.15,Wallet,Cancelled,,,1530.0,0.15,1530.0,False,False,0.0,2026-01-01
10877,C1357,2026-03-17 14:49:00,22.0,Female,Tanta,Home,Lamp,1,300,0.1,Bank Transfer,Cancelled,,,270.0,0.1,270.0,False,False,0.0,2026-03-01
11356,C0704,2026-05-16 19:17:00,44.0,Male,Cairo,Beauty,Face Cream,2,450,0,Wallet,Pending,,,900.0,0.0,900.0,False,False,0.0,2026-05-01
12134,C0161,2026-05-10 04:54:00,36.0,Male,Aswan,Home,Lamp,2,300,0,Wallet,Cancelled,,,600.0,0.0,600.0,False,False,0.0,2026-05-01
12191,C0445,2026-02-27 19:03:00,37.0,Male,Mansoura,Home,Lamp,4,300,0.1,Visa,Cancelled,,,1080.0,0.1,1080.0,False,False,0.0,2026-02-01
14189,C0134,2026-01-30 10:24:00,53.0,Female,Cairo,Home,Blender,1,1200,0.2,Wallet,Cancelled,,,960.0,0.2,960.0,False,False,0.0,2026-01-01
16254,C0250,2026-01-12 19:18:00,40.0,Male,Giza,Beauty,Makeup Kit,1,900,0,Wallet,Pending,,,900.0,0.0,900.0,False,False,0.0,2026-01-01
13467,C0456,2026-01-20 14:23:00,68.0,Male,Cairo,Beauty,Makeup Kit,1,900,0,Mastercard,Pending,,,900.0,0.0,900.0,False,False,0.0,2026-01-01
17108,C1954,2026-01-19 04:19:00,31.0,Female,Giza,Beauty,Hair Dryer,1,1300,0.1,Bank Transfer,Cancelled,,,1170.0,0.1,1170.0,False,False,0.0,2026-01-01
18668,C1462,2026-01-09 19:45:00,,Female,Cairo,Fashion,Bag,1,750,0.05,Visa,Delivered,2026-01-13 19:45:00,,712.5,0.05,712.5,False,False,712.5,2026-01-01
17555,C1484,2026-05-29 09:02:00,59.0,Male,Cairo,Home,Blender,2,1200,0.15,Visa,Pending,,,2040.0,0.15,2040.0,False,False,0.0,2026-05-01
19799,C0642,2026-06-27 17:35:00,36.0,Male,Cairo,Electronics,Smart Watch,1,2200,0,Visa,Pending,,,2200.0,0.0,2200.0,False,False,0.0,2026-06-01
17646,C1709,2026-06-21 23:15:00,64.0,Female,Giza,Electronics,Laptop,2,18000,0,Visa,Cancelled,,,36000.0,0.0,36000.0,False,False,0.0,2026-06-01
13226,C0047,2026-01-16 10:02:00,57.0,Male,Alexandria,Home,Bedsheet,1,700,0.1,Bank Transfer,Cancelled,,,630.0,0.1,630.0,False,False,0.0,2026-01-01
12982,C0847,2026-04-08 00:00:00,47.0,Male,Tanta,Sports,Football,1,650,0.1,Visa,Pending,,,585.0,0.1,585.0,False,False,0.0,2026-04-01
18234,C1818,2026-04-26 05:21:00,56.0,Male,Giza,Home,Blender,1,1200,0,Visa,Cancelled,,,1200.0,0.0,1200.0,False,False,0.0,2026-04-01
10588,C1219,2026-03-19 15:00:00,70.0,Female,Alexandria,Beauty,Shampoo,1,250,0.1,Bank Transfer,Cancelled,,,225.0,0.1,225.0,False,False,0.0,2026-03-01
15471,C1737,2026-02-16 04:20:00,48.0,Female,Giza,Beauty,Hair Dryer,1,1300,0.1,Bank Transfer,Pending,,,1170.0,0.1,1170.0,False,False,0.0,2026-02-01
12138,C0913,2026-01-19 06:52:00,53.0,Female,Giza,Sports,Dumbbells,1,1400,0,Visa,Pending,,,1400.0,0.0,1400.0,False,False,0.0,2026-01-01
19845,C0934,2026-02-28 00:52:00,41.0,Female,Alexandria,Home,Chair,2,2500,0,Wallet,Cancelled,,,5000.0,0.0,5000.0,False,False,0.0,2026-02-01
19372,C1005,2026-02-17 12:25:00,28.0,Female,Cairo,Home,Coffee Maker,2,1800,0.15,Cash,Pending,,,3060.0,0.15,3060.0,False,False,0.0,2026-02-01
16316,C0466,2026-06-05 15:54:00,33.0,Male,Cairo,Beauty,Hair Dryer,4,1300,0.05,Visa,Pending,,,4940.0,0.05,4940.0,False,False,0.0,2026-06-01
15591,C0268,2026-05-01 02:15:00,21.0,Male,Cairo,Electronics,Laptop,1,18000,0,Bank Transfer,Cancelled,,,18000.0,0.0,18000.0,False,False,0.0,2026-05-01
11408,C0176,2026-01-06 08:34:00,25.0,Female,Giza,Home,Blender,1,1200,0,Mastercard,Pending,,,1200.0,0.0,1200.0,False,False,0.0,2026-01-01
16261,C0245,2026-01-10 04:28:00,24.0,Female,Cairo,Home,Lamp,2,300,0.2,Mastercard,Pending,,,480.0,0.2,480.0,False,False,0.0,2026-01-01
18491,C0235,2026-01-13 18:15:00,36.0,Male,Aswan,Sports,Yoga Mat,2,600,0.05,Mastercard,Cancelled,,,1140.0,0.05,1140.0,False,False,0.0,2026-01-01
15665,C1368,2026-04-06 18:41:00,52.0,Male,Alexandria,Beauty,Shampoo,2,250,0,Mastercard,Cancelled,,,500.0,0.0,500.0,False,False,0.0,2026-04-01
15354,C0790,2026-02-18 05:50:00,44.0,Male,Giza,Beauty,makeup kit,1,900,0,Bank Transfer,Pending,,,900.0,0.0,900.0,False,False,0.0,2026-02-01
12849,C0651,2026-01-24 23:14:00,56.0,Male,Tanta,Home,Bedsheet,1,700,0.1,Cash,Pending,,,630.0,0.1,630.0,False,False,0.0,2026-01-01
15124,C0432,2026-02-06 12:04:00,67.0,Female,Cairo,Electronics,Laptop,3,18000,0.05,Bank Transfer,Pending,,,51300.0,0.05,51300.0,False,False,0.0,2026-02-01
10062,C0056,2026-01-14 22:13:00,41.0,Male,Alexandria,Home,Chair,1,2500,0,Cash,Pending,,,2500.0,0.0,2500.0,False,False,0.0,2026-01-01
10805,C1402,2026-05-03 23:58:00,64.0,Female,Cairo,Beauty,Shampoo,2,250,0,Cash,Pending,,,500.0,0.0,500.0,False,False,0.0,2026-05-01
12878,C1973,2026-04-24 09:11:00,66.0,Male,Cairo,Beauty,Makeup Kit,2,900,0,Cash,Cancelled,,,1800.0,0.0,1800.0,False,False,0.0,2026-04-01
17044,C0523,2026-03-02 11:04:00,67.0,Female,Cairo,Beauty,Face Cream,1,450,0.05,Visa,Cancelled,,,427.5,0.05,427.5,False,False,0.0,2026-03-01
13034,C1028,2026-06-06 22:34:00,33.0,Male,Cairo,Home,Coffee Maker,2,1800,0.05,Visa,Cancelled,,,3420.0,0.05,3420.0,False,False,0.0,2026-06-01
16468,C1491,2026-04-02 11:25:00,52.0,Male,Giza,Sports,Running Shoes,1,1800,0.05,Wallet,Pending,,,1710.0,0.05,1710.0,False,False,0.0,2026-04-01
11448,C0619,2026-04-02 13:16:00,41.0,Female,Mansoura,Electronics,Mouse,1,450,0.1,Mastercard,Pending,,,405.0,0.1,405.0,False,False,0.0,2026-04-01
14900,C0388,2026-01-03 23:13:00,69.0,Female,Alexandria,Sports,Football,2,650,0.1,Cash,Cancelled,,,1170.0,0.1,1170.0,False,False,0.0,2026-01-01
14857,C0532,2026-02-22 18:09:00,43.0,Male,Mansoura,Fashion,shoes,1,1500,0.1,Wallet,Pending,,,1350.0,0.1,1350.0,False,False,0.0,2026-02-01
12967,C1692,2026-05-13 09:38:00,26.0,Male,Cairo,Electronics,Headphones,1,850,0,Visa,Pending,,,850.0,0.0,850.0,False,False,0.0,2026-05-01
11453,C0878,2026-01-19 06:11:00,20.0,Female,Cairo,Fashion,T-Shirt,3,500,0,Mastercard,Pending,,,1500.0,0.0,1500.0,False,False,0.0,2026-01-01
18624,C1569,2026-05-10 15:39:00,42.0,Male,Giza,Home,Bedsheet,1,700,0.15,Cash,Cancelled,,,595.0,0.15,595.0,False,False,0.0,2026-05-01
15458,C0911,2026-04-07 23:59:00,60.0,Female,Alexandria,Electronics,Keyboard,3,900,0.15,Visa,Cancelled,,,2295.0,0.15,2295.0,False,False,0.0,2026-04-01
16294,C1351,2026-06-23 00:00:00,49.0,Male,Tanta,Fashion,Bag,1,750,0,Bank Transfer,Pending,,,750.0,0.0,750.0,False,False,0.0,2026-06-01
12759,C0603,2026-02-15 13:30:00,41.0,Female,Alexandria,Fashion,Jeans,1,900,0.05,Cash,Cancelled,,,855.0,0.05,855.0,False,False,0.0,2026-02-01
15521,C1718,2026-03-25 00:00:00,66.0,Male,Giza,Home,Lamp,1,300,0.1,Mastercard,Pending,,,270.0,0.1,270.0,False,False,0.0,2026-03-01
17601,C1615,2026-06-20 17:33:00,69.0,Female,Alexandria,Beauty,Hair Dryer,2,1300,0,Wallet,Cancelled,,,2600.0,0.0,2600.0,False,False,0.0,2026-06-01
17069,C0734,2026-05-19 16:20:00,21.0,Female,Giza,Fashion,Jacket,1,1200,0.05,Cash,Pending,,,1140.0,0.05,1140.0,False,False,0.0,2026-05-01
15312,C0502,2026-04-28 19:59:00,44.0,Female,Cairo,Home,lamp,1,300,0,Mastercard,Pending,,,300.0,0.0,300.0,False,False,0.0,2026-04-01
14123,C0971,2026-05-08 00:00:00,25.0,Male,Giza,Electronics,Headphones,4,850,0,Bank Transfer,Cancelled,,,3400.0,0.0,3400.0,False,False,0.0,2026-05-01
12791,C1947,2026-05-02 16:55:00,69.0,Male,Aswan,Beauty,Face Cream,2,450,0,Visa,Cancelled,,,900.0,0.0,900.0,False,False,0.0,2026-05-01
19582,C0519,2026-01-04 01:38:00,39.0,Female,Giza,Fashion,Jeans,1,900,0.15,Wallet,Pending,,,765.0,0.15,765.0,False,False,0.0,2026-01-01
14212,C0658,2026-01-18 16:38:00,39.0,Female,Giza,Fashion,Jacket,2,1200,0,Cash,Pending,,,2400.0,0.0,2400.0,False,False,0.0,2026-01-01
19416,C0995,2026-03-05 00:00:00,40.0,Female,Alexandria,Fashion,Shoes,1,1500,0,Cash,Cancelled,,,1500.0,0.0,1500.0,False,False,0.0,2026-03-01
16649,C0250,2026-03-06 02:38:00,38.0,Female,Cairo,Sports,Football,4,650,0,Bank Transfer,Pending,,,2600.0,0.0,2600.0,False,False,0.0,2026-03-01
18847,C1686,2026-02-15 09:20:00,65.0,Female,Cairo,Fashion,T-Shirt,3,500,0.15,Wallet,Cancelled,,,1275.0,0.15,1275.0,False,False,0.0,2026-02-01
11993,C1554,2026-06-12 22:49:00,69.0,Male,Alexandria,Beauty,Hair Dryer,1,1300,0.15,Visa,Cancelled,,,1105.0,0.15,1105.0,False,False,0.0,2026-06-01
12771,C0286,2026-04-16 10:37:00,59.0,Male,Mansoura,Beauty,Perfume,1,1100,0.05,Cash,Pending,,,1045.0,0.05,1045.0,False,False,0.0,2026-04-01
19318,C1562,2026-05-01 09:10:00,32.0,Male,Cairo,Home,Blender,2,1200,0.05,Cash,Pending,,,2280.0,0.05,2280.0,False,False,0.0,2026-05-01
14134,C0408,2026-05-18 02:03:00,61.0,Female,Tanta,Beauty,Perfume,2,1100,0.2,Wallet,Cancelled,,,1760.0,0.2,1760.0,False,False,0.0,2026-05-01
15391,C0251,2026-06-21 12:52:00,30.0,Male,Giza,Electronics,Smart Watch,1,2200,0.1,Cash,Pending,,,1980.0,0.1,1980.0,False,False,0.0,2026-06-01
11683,C0031,2026-03-15 20:33:00,58.0,Male,Alexandria,Sports,Tennis Racket,3,1600,10%,Visa,Pending,,,4320.0,0.1,4320.0,False,False,0.0,2026-03-01
14871,C1735,2026-05-28 11:20:00,45.0,Male,Giza,Beauty,Perfume,1,1100,0.15,Wallet,Pending,,,935.0,0.15,935.0,False,False,0.0,2026-05-01
15377,C0479,2026-04-17 23:23:00,32.0,Male,Giza,Fashion,Bag,1,750,0.15,Bank Transfer,Cancelled,,,637.5,0.15,637.5,False,False,0.0,2026-04-01
12931,C1347,2026-06-11 08:30:00,56.0,Male,Giza,Home,Bedsheet,2,700,0.2,Wallet,Cancelled,,,1120.0,0.2,1120.0,False,False,0.0,2026-06-01
16860,C0735,2026-05-16 13:22:00,21.0,Male,Cairo,Fashion,Jacket,2,1200,0.15,Cash,Pending,,,2040.0,0.15,2040.0,False,False,0.0,2026-05-01
18449,C1461,2026-06-07 02:14:00,48.0,Male,Giza,Beauty,Shampoo,3,250,0.2,Bank Transfer,Cancelled,,,600.0,0.2,600.0,False,False,0.0,2026-06-01
11568,C1400,2026-01-31 03:33:00,36.0,Male,Mansoura,Sports,Dumbbells,2,1400,0,Cash,Pending,,,2800.0,0.0,2800.0,False,False,0.0,2026-01-01
11069,C1781,2026-04-16 00:57:00,56.0,Male,Mansoura,Beauty,Face Cream,3,450,0.05,Cash,Pending,,,1282.5,0.05,1282.5,False,False,0.0,2026-04-01
12424,C0565,2026-06-10 10:15:00,55.0,Female,Alexandria,Electronics,Headphones,3,850,0.15,Mastercard,Cancelled,,,2167.5,0.15,2167.5,False,False,0.0,2026-06-01
16406,C0903,2026-04-17 02:14:00,20.0,Male,Aswan,Beauty,Face Cream,1,450,0.1,Cash,Cancelled,,,405.0,0.1,405.0,False,False,0.0,2026-04-01
18335,C1269,2026-04-11 13:55:00,61.0,Male,Cairo,Beauty,Face Cream,1,450,0.15,Bank Transfer,Pending,,,382.5,0.15,382.5,False,False,0.0,2026-04-01
11219,C0840,2026-03-28 07:03:00,47.0,Female,Cairo,Beauty,Shampoo,3,250,0,Visa,Pending,,,750.0,0.0,750.0,False,False,0.0,2026-03-01
17710,C0240,2026-04-22 02:25:00,67.0,Female,Cairo,Fashion,Bag,4,750,0.05,Mastercard,Cancelled,,,2850.0,0.05,2850.0,False,False,0.0,2026-04-01
19316,C0983,2026-05-09 18:34:00,52.0,Female,Cairo,Electronics,Headphones,3,850,0.1,Mastercard,Pending,,,2295.0,0.1,2295.0,False,False,0.0,2026-05-01
16897,C1769,2026-04-07 11:58:00,19.0,Male,Giza,Sports,Dumbbells,1,1400,0,Wallet,Cancelled,,,1400.0,0.0,1400.0,False,False,0.0,2026-04-01
19547,C0059,2026-02-06 05:23:00,64.0,Male,Cairo,Home,Coffee Maker,1,1800,0.05,Mastercard,Cancelled,,,1710.0,0.05,1710.0,False,False,0.0,2026-02-01
18475,C1890,2026-03-05 16:38:00,40.0,Male,Cairo,Beauty,Shampoo,2,250,0,Wallet,Pending,,,500.0,0.0,500.0,False,False,0.0,2026-03-01
14541,C1150,2026-04-30 21:56:00,19.0,Male,Giza,Home,Blender,1,1200,0,Visa,Pending,,,1200.0,0.0,1200.0,False,False,0.0,2026-04-01
17572,C1286,2026-01-01 10:15:00,43.0,Female,Aswan,Electronics,Smart Watch,2,2200,0.05,Visa,Cancelled,,,4180.0,0.05,4180.0,False,False,0.0,2026-01-01
16047,C1847,2026-05-16 10:33:00,68.0,Female,Alexandria,Fashion,Jacket,4,1200,0.1,Bank Transfer,Pending,,,4320.0,0.1,4320.0,False,False,0.0,2026-05-01
15778,C1326,2026-02-07 22:24:00,65.0,Female,Alexandria,Electronics,Laptop,1,18000,0.05,Wallet,Pending,,,17100.0,0.05,17100.0,False,False,0.0,2026-02-01
15279,C0716,2026-02-07 02:07:00,66.0,Male,Giza,Fashion,T-Shirt,2,500,0.1,Wallet,Cancelled,,,900.0,0.1,900.0,False,False,0.0,2026-02-01
13836,C1540,2026-01-29 16:48:00,36.0,Female,Cairo,Beauty,Face Cream,2,450,0,Visa,Cancelled,,,900.0,0.0,900.0,False,False,0.0,2026-01-01
10247,C1775,2026-01-04 06:44:00,52.0,Male,Aswan,Fashion,T-Shirt,2,500,0,Visa,Cancelled,,,1000.0,0.0,1000.0,False,False,0.0,2026-01-01
18977,C0065,2026-04-04 00:00:00,21.0,Male,Cairo,Fashion,Jeans,1,900,0,Bank Transfer,Cancelled,,,900.0,0.0,900.0,False,False,0.0,2026-04-01
19474,C0640,2026-02-21 09:56:00,40.0,Female,Cairo,Home,Lamp,3,300,0,Bank Transfer,Cancelled,,,900.0,0.0,900.0,False,False,0.0,2026-02-01
18860,C1805,2026-03-25 10:02:00,26.0,Male,Cairo,Home,Bedsheet,1,700,0.1,Cash,Cancelled,,,630.0,0.1,630.0,False,False,0.0,2026-03-01
10513,C1125,2026-02-20 09:42:00,32.0,Male,Cairo,Beauty,Makeup Kit,3,900,0,Wallet,Pending,,,2700.0,0.0,2700.0,False,False,0.0,2026-02-01
12408,C1698,2026-06-29 06:16:00,39.0,Female,Giza,Sports,Dumbbells,1,1400,0.15,Cash,Cancelled,,,1190.0,0.15,1190.0,False,False,0.0,2026-06-01
14628,C1589,2026-03-26 15:55:00,43.0,Female,Mansoura,Sports,Yoga Mat,1,600,0,Visa,Pending,,,600.0,0.0,600.0,False,False,0.0,2026-03-01
15372,C1829,2026-02-13 21:10:00,40.0,Female,Cairo,Fashion,Bag,2,750,0,Wallet,Pending,,,1500.0,0.0,1500.0,False,False,0.0,2026-02-01
12475,C0761,2026-04-11 12:43:00,40.0,Female,Cairo,Fashion,Bag,1,750,0,Visa,Cancelled,,,750.0,0.0,750.0,False,False,0.0,2026-04-01
17235,C1004,2026-02-11 18:43:00,21.0,Male,Cairo,Fashion,Jeans,1,900,0.05,Cash,Pending,,,855.0,0.05,855.0,False,False,0.0,2026-02-01
18247,C0347,2026-02-18 19:04:00,34.0,Female,Cairo,Sports,Yoga Mat,2,600,0.1,Wallet,Cancelled,,,1080.0,0.1,1080.0,False,False,0.0,2026-02-01
17586,C0972,2026-06-05 06:59:00,52.0,Male,Cairo,Electronics,Headphones,1,850,0.1,Visa,Cancelled,,,765.0,0.1,765.0,False,False,0.0,2026-06-01
14849,C1096,2026-06-04 07:56:00,32.0,Female,Giza,Beauty,Perfume,1,1100,0.05,Mastercard,Pending,,,1045.0,0.05,1045.0,False,False,0.0,2026-06-01
16995,C1033,2026-03-03 08:04:00,19.0,Male,Mansoura,Beauty,Perfume,1,1100,0.15,Bank Transfer,Pending,,,935.0,0.15,935.0,False,False,0.0,2026-03-01
13871,C0539,2026-05-08 01:47:00,56.0,Male,Alexandria,Home,Bedsheet,1,700,0.1,Cash,Pending,,,630.0,0.1,630.0,False,False,0.0,2026-05-01
12516,C0662,2026-01-28 12:03:00,67.0,Male,Giza,Electronics,Keyboard,2,900,0.1,Wallet,Cancelled,,,1620.0,0.1,1620.0,False,False,0.0,2026-01-01
18600,C0615,2026-01-22 18:13:00,59.0,Female,Alexandria,Fashion,T-Shirt,1,500,0,Cash,Pending,,,500.0,0.0,500.0,False,False,0.0,2026-01-01
12218,C0617,2026-02-11 15:52:00,35.0,Female,Cairo,Home,Lamp,2,300,0,Cash,Cancelled,,,600.0,0.0,600.0,False,False,0.0,2026-02-01
16286,C1703,2026-04-15 05:54:00,58.0,Male,Giza,Home,Chair,4,2500,0.1,Bank Transfer,Cancelled,,,9000.0,0.1,9000.0,False,False,0.0,2026-04-01
11980,C1157,2026-06-21 03:50:00,45.0,Male,Mansoura,Fashion,T-Shirt,4,500,0,Visa,Cancelled,,,2000.0,0.0,2000.0,False,False,0.0,2026-06-01
17942,C0207,2026-06-01 08:07:00,19.0,Female,Aswan,Beauty,Shampoo,1,250,0.1,Visa,Cancelled,,,225.0,0.1,225.0,False,False,0.0,2026-06-01
16168,C1245,2026-04-01 21:58:00,18.0,Male,Giza,Beauty,Perfume,1,1100,0,Visa,Cancelled,,,1100.0,0.0,1100.0,False,False,0.0,2026-04-01
18052,C0387,2026-04-24 23:59:00,19.0,Female,Tanta,Home,Bedsheet,1,700,0.05,Cash,Cancelled,,,665.0,0.05,665.0,False,False,0.0,2026-04-01
18787,C0182,2026-04-09 22:26:00,27.0,Male,Cairo,Fashion,Shoes,2,1500,0.1,Cash,Cancelled,,,2700.0,0.1,2700.0,False,False,0.0,2026-04-01
18350,C0682,2026-04-30 14:53:00,24.0,Male,Aswan,Home,Blender,2,1200,0,Cash,Pending,,,2400.0,0.0,2400.0,False,False,0.0,2026-04-01
19553,C0324,2026-06-28 00:00:00,40.0,Male,Cairo,Sports,Running Shoes,2,1800,0,Bank Transfer,Pending,,,3600.0,0.0,3600.0,False,False,0.0,2026-06-01
13139,C0333,2026-03-24 14:50:00,43.0,Male,Cairo,Electronics,Smart Watch,3,2200,0.05,Wallet,Pending,,,6270.0,0.05,6270.0,False,False,0.0,2026-03-01
15221,C0806,2026-05-09 10:32:00,48.0,Male,Cairo,Home,Bedsheet,2,700,0.05,Visa,Cancelled,,,1330.0,0.05,1330.0,False,False,0.0,2026-05-01
13322,C1826,2026-04-10 17:16:00,29.0,Male,Giza,Home,Chair,1,2500,0,Cash,Cancelled,,,2500.0,0.0,2500.0,False,False,0.0,2026-04-01
19633,C1433,2026-05-21 01:34:00,39.0,Male,Cairo,Beauty,Face Cream,1,450,0.1,Cash,Cancelled,,,405.0,0.1,405.0,False,False,0.0,2026-05-01
16981,C1512,2026-01-04 00:00:00,35.0,Male,Alexandria,Home,Blender,1,1200,0.2,Mastercard,Pending,,,960.0,0.2,960.0,False,False,0.0,2026-01-01
16484,C1407,2026-02-05 22:25:00,18.0,Male,Tanta,Sports,Yoga Mat,1,600,0.1,Bank Transfer,Cancelled,,,540.0,0.1,540.0,False,False,0.0,2026-02-01
16108,C1358,2026-03-06 13:20:00,44.0,Male,Giza,Fashion,Bag,3,750,0,Mastercard,Pending,,,2250.0,0.0,2250.0,False,False,0.0,2026-03-01
16456,C0557,2026-02-18 09:51:00,35.0,Male,Alexandria,Home,Bedsheet,1,700,0.1,Bank Transfer,Cancelled,,,630.0,0.1,630.0,False,False,0.0,2026-02-01
10572,C0998,2026-04-29 13:32:00,45.0,Male,Tanta,Home,Coffee Maker,1,1800,0.1,Bank Transfer,Pending,,,1620.0,0.1,1620.0,False,False,0.0,2026-04-01
14935,C0835,2026-05-09 15:43:00,44.0,Male,Aswan,Electronics,Keyboard,1,900,0.15,Mastercard,Pending,,,765.0,0.15,765.0,False,False,0.0,2026-05-01
11389,C1791,2026-01-22 04:45:00,32.0,Female,Mansoura,Beauty,Face Cream,1,450,0.15,Mastercard,Pending,,,382.5,0.15,382.5,False,False,0.0,2026-01-01
17562,C0922,2026-04-20 17:00:00,33.0,Female,Alexandria,Beauty,Hair Dryer,1,1300,0.05,Bank Transfer,Cancelled,,,1235.0,0.05,1235.0,False,False,0.0,2026-04-01
11166,C0071,2026-02-28 00:00:00,61.0,Male,Cairo,Fashion,Bag,1,750,0,Wallet,Cancelled,,,750.0,0.0,750.0,False,False,0.0,2026-02-01
13592,C0157,2026-05-30 00:56:00,25.0,Male,Tanta,Fashion,T-Shirt,2,500,0.1,Bank Transfer,Pending,,,900.0,0.1,900.0,False,False,0.0,2026-05-01
13264,C0622,2026-03-08 19:22:00,51.0,Male,Mansoura,Beauty,Face Cream,3,450,0.05,Mastercard,Pending,,,1282.5,0.05,1282.5,False,False,0.0,2026-03-01
19611,C1619,2026-04-04 22:04:00,40.0,Male,Alexandria,Sports,Football,2,650,0.15,Cash,Cancelled,,,1105.0,0.15,1105.0,False,False,0.0,2026-04-01
12264,C1449,2026-03-09 09:34:00,70.0,Female,Aswan,Beauty,Perfume,1,1100,0.1,Bank Transfer,Cancelled,,,990.0,0.1,990.0,False,False,0.0,2026-03-01
12566,C1742,2026-06-23 04:10:00,49.0,Female,Alexandria,Home,Bedsheet,2,700,15%,Cash,Cancelled,,,1190.0,0.15,1190.0,False,False,0.0,2026-06-01
17082,C1815,2026-05-04 02:05:00,53.0,Male,Cairo,Electronics,Mouse,1,450,0.05,Bank Transfer,Pending,,,427.5,0.05,427.5,False,False,0.0,2026-05-01
11558,C0843,2026-05-16 02:18:00,63.0,Female,Mansoura,Sports,Tennis Racket,2,1600,0,Cash,Pending,,,3200.0,0.0,3200.0,False,False,0.0,2026-05-01
12554,C0371,2026-02-11 20:03:00,42.0,Female,Alexandria,Sports,Tennis Racket,1,1600,0,Visa,Cancelled,,,1600.0,0.0,1600.0,False,False,0.0,2026-02-01
19665,C0738,2026-04-15 18:31:00,36.0,Female,Cairo,Electronics,Headphones,2,850,0.1,Visa,Pending,,,1530.0,0.1,1530.0,False,False,0.0,2026-04-01
10663,C0585,2026-03-25 20:18:00,53.0,Male,Tanta,Electronics,Smart Watch,1,2200,0,Mastercard,Cancelled,,,2200.0,0.0,2200.0,False,False,0.0,2026-03-01
13180,C1545,2026-06-07 13:22:00,46.0,Male,Tanta,Beauty,Makeup Kit,1,900,0.15,Visa,Cancelled,,,765.0,0.15,765.0,False,False,0.0,2026-06-01
16979,C1124,2026-05-15 09:44:00,21.0,Female,Alexandria,Sports,running shoes,2,1800,0,Bank Transfer,Cancelled,,,3600.0,0.0,3600.0,False,False,0.0,2026-05-01
19131,C1829,2026-01-24 18:24:00,22.0,Male,Cairo,Home,Bedsheet,1,700,0.15,Bank Transfer,Pending,,,595.0,0.15,595.0,False,False,0.0,2026-01-01
11690,C1117,2026-04-26 11:04:00,29.0,Female,Giza,Electronics,Laptop,2,18000,0.05,Visa,Pending,,,34200.0,0.05,34200.0,False,False,0.0,2026-04-01
16197,C1302,2026-03-16 21:21:00,66.0,Male,Alexandria,Home,Bedsheet,1,700,0.1,Visa,Cancelled,,,630.0,0.1,630.0,False,False,0.0,2026-03-01
19970,C1387,2026-01-15 06:56:00,61.0,Female,Cairo,Fashion,Jacket,2,1200,0,Mastercard,Cancelled,,,2400.0,0.0,2400.0,False,False,0.0,2026-01-01
19092,C0357,2026-04-28 16:58:00,61.0,Male,Tanta,Home,Lamp,4,300,0.05,Mastercard,Pending,,,1140.0,0.05,1140.0,False,False,0.0,2026-04-01
11477,C1845,2026-03-24 15:27:00,21.0,Female,Cairo,Electronics,Headphones,4,850,0.1,Wallet,Pending,,,3060.0,0.1,3060.0,False,False,0.0,2026-03-01
12451,C1904,2026-04-12 07:00:00,19.0,Female,Cairo,Beauty,Hair Dryer,4,1300,0,Mastercard,Pending,,,5200.0,0.0,5200.0,False,False,0.0,2026-04-01
18758,C0328,2026-01-30 10:14:00,34.0,Male,Cairo,Fashion,Shoes,3,1500,0.1,Mastercard,Pending,,,4050.0,0.1,4050.0,False,False,0.0,2026-01-01
15620,C0872,2026-01-25 00:00:00,30.0,Male,Giza,Beauty,Perfume,2,1100,0.1,Wallet,Delivered,,,1980.0,0.1,1980.0,False,False,1980.0,2026-01-01
13671,C0106,2026-06-09 18:28:00,50.0,Male,Giza,Home,Bedsheet,4,700,0.15,Visa,Pending,,,2380.0,0.15,2380.0,False,False,0.0,2026-06-01
13838,C1144,2026-03-23 01:55:00,50.0,Female,Alexandria,Electronics,Laptop,1,18000,0.2,Visa,Pending,,,14400.0,0.2,14400.0,False,False,0.0,2026-03-01
12172,C0529,2026-01-11 00:27:00,35.0,Female,Mansoura,Fashion,Shoes,2,1500,15%,Bank Transfer,Pending,,,2550.0,0.15,2550.0,False,False,0.0,2026-01-01
10646,C1101,2026-02-10 10:23:00,23.0,Female,Cairo,Sports,Tennis Racket,4,1600,0.15,Cash,Pending,,,5440.0,0.15,5440.0,False,False,0.0,2026-02-01
18527,C1512,2026-03-20 22:44:00,51.0,Male,Giza,Fashion,Jeans,2,900,10%,Wallet,Pending,,,1620.0,0.1,1620.0,False,False,0.0,2026-03-01
10046,C0456,2026-03-02 08:38:00,18.0,Female,Alexandria,Sports,Tennis Racket,4,1600,0.05,Visa,Cancelled,,,6080.0,0.05,6080.0,False,False,0.0,2026-03-01
13107,C0582,2026-02-25 22:53:00,43.0,Female,Alexandria,Sports,Yoga Mat,3,600,0,Visa,Pending,,,1800.0,0.0,1800.0,False,False,0.0,2026-02-01
17250,C1562,2026-04-21 07:01:00,33.0,Male,Giza,Home,Lamp,4,300,0,Wallet,Pending,,,1200.0,0.0,1200.0,False,False,0.0,2026-04-01
15241,C0259,2026-02-25 11:25:00,41.0,Male,Giza,Electronics,Mouse,1,450,0,Mastercard,Pending,,,450.0,0.0,450.0,False,False,0.0,2026-02-01
17791,C2000,2026-02-27 00:34:00,25.0,Male,Giza,Home,Coffee Maker,1,1800,0.1,Bank Transfer,Cancelled,,,1620.0,0.1,1620.0,False,False,0.0,2026-02-01
13066,C1730,2026-06-10 07:28:00,21.0,Male,Mansoura,Fashion,Jeans,4,900,0.05,Cash,Pending,,,3420.0,0.05,3420.0,False,False,0.0,2026-06-01
15444,C0047,2026-02-20 17:57:00,61.0,Male,Alexandria,Home,Bedsheet,2,700,10%,Mastercard,Cancelled,,,1260.0,0.1,1260.0,False,False,0.0,2026-02-01
17083,C1965,2026-06-21 08:23:00,18.0,Female,Cairo,Electronics,Smart Watch,3,2200,0.1,Wallet,Cancelled,,,5940.0,0.1,5940.0,False,False,0.0,2026-06-01
10213,C1441,2026-06-12 00:00:00,58.0,Female,Giza,Home,Lamp,1,300,0.05,Visa,Cancelled,,,285.0,0.05,285.0,False,False,0.0,2026-06-01
11924,C0194,2026-05-20 13:06:00,30.0,Female,Alexandria,Beauty,Face Cream,1,450,0,Visa,Cancelled,,,450.0,0.0,450.0,False,False,0.0,2026-05-01
15538,C0420,2026-04-22 18:51:00,22.0,Male,Alexandria,Home,Chair,2,2500,0,Wallet,Cancelled,,,5000.0,0.0,5000.0,False,False,0.0,2026-04-01
14755,C1100,2026-04-29 03:03:00,38.0,Female,Cairo,Fashion,Jacket,2,1200,0,Cash,Cancelled,,,2400.0,0.0,2400.0,False,False,0.0,2026-04-01
17175,C1432,2026-01-29 17:06:00,51.0,Male,Alexandria,Electronics,Laptop,1,18000,0,Cash,Pending,,,18000.0,0.0,18000.0,False,False,0.0,2026-01-01
17533,C0189,2026-04-21 00:00:00,54.0,Female,Aswan,Fashion,T-Shirt,1,500,0.1,Wallet,Cancelled,,,450.0,0.1,450.0,False,False,0.0,2026-04-01
10612,C0975,2026-01-24 00:17:00,61.0,Male,Cairo,Fashion,T-Shirt,2,500,0,Bank Transfer,Pending,,,1000.0,0.0,1000.0,False,False,0.0,2026-01-01
11811,C1281,2026-01-06 20:45:00,19.0,Male,Cairo,Electronics,Smart Watch,2,2200,15%,Bank Transfer,Cancelled,,,3740.0,0.15,3740.0,False,False,0.0,2026-01-01
19022,C0989,2026-04-26 22:23:00,40.0,Female,Cairo,Sports,Running Shoes,3,1800,0,Cash,Pending,,,5400.0,0.0,5400.0,False,False,0.0,2026-04-01
16873,C0496,2026-05-17 23:24:00,24.0,Male,Tanta,Home,Chair,2,2500,0.05,Mastercard,Pending,,,4750.0,0.05,4750.0,False,False,0.0,2026-05-01
17534,C0715,2026-05-21 22:39:00,30.0,Male,Mansoura,Home,Blender,3,1200,0.05,Wallet,Pending,,,3420.0,0.05,3420.0,False,False,0.0,2026-05-01
14288,C0023,2026-06-26 02:07:00,24.0,Female,Alexandria,Electronics,Laptop,1,18000,0.15,Mastercard,Pending,,,15300.0,0.15,15300.0,False,False,0.0,2026-06-01
19248,C0105,2026-06-08 05:34:00,68.0,Female,Cairo,Electronics,Headphones,2,850,0.1,Wallet,Cancelled,,,1530.0,0.1,1530.0,False,False,0.0,2026-06-01
14280,C1130,2026-02-08 19:08:00,60.0,Male,Cairo,Sports,Yoga Mat,2,600,0.1,Bank Transfer,Pending,,,1080.0,0.1,1080.0,False,False,0.0,2026-02-01
13300,C0623,2026-06-11 17:34:00,35.0,Male,Giza,Electronics,Headphones,1,850,0.2,Mastercard,Pending,,,680.0,0.2,680.0,False,False,0.0,2026-06-01
15737,C0907,2026-01-11 03:14:00,43.0,Female,Alexandria,Home,Bedsheet,1,700,0,Bank Transfer,Pending,,,700.0,0.0,700.0,False,False,0.0,2026-01-01
13159,C1217,2026-04-18 04:31:00,50.0,Male,Mansoura,Electronics,Laptop,1,18000,0.1,Bank Transfer,Pending,,,16200.0,0.1,16200.0,False,False,0.0,2026-04-01
16338,C1430,2026-02-18 22:47:00,65.0,Male,Cairo,Beauty,Perfume,4,1100,0.2,Cash,Pending,,,3520.0,0.2,3520.0,False,False,0.0,2026-02-01
15200,C1394,2026-06-29 18:42:00,43.0,Male,Giza,Fashion,Jacket,4,1200,0.15,Mastercard,Pending,,,4080.0,0.15,4080.0,False,False,0.0,2026-06-01
12020,C1819,2026-04-10 15:51:00,59.0,Female,Cairo,Fashion,Shoes,3,1500,0.1,Cash,Pending,,,4050.0,0.1,4050.0,False,False,0.0,2026-04-01
17240,C0200,2026-01-09 12:51:00,25.0,Female,Giza,Fashion,Bag,2,750,0.15,Bank Transfer,Cancelled,,,1275.0,0.15,1275.0,False,False,0.0,2026-01-01
13492,C1875,2026-06-08 09:37:00,67.0,Female,Giza,Beauty,Perfume,2,1100,0%,Visa,Cancelled,,,2200.0,0.0,2200.0,False,False,0.0,2026-06-01
13432,C0818,2026-06-19 12:24:00,61.0,Female,Giza,Beauty,Face Cream,1,450,0,Wallet,Pending,,,450.0,0.0,450.0,False,False,0.0,2026-06-01
13917,C0670,2026-03-11 14:33:00,29.0,Male,Tanta,Fashion,T-Shirt,4,500,0.15,Bank Transfer,Pending,,,1700.0,0.15,1700.0,False,False,0.0,2026-03-01
15774,C0679,2026-03-31 03:17:00,52.0,Female,Aswan,Sports,Dumbbells,1,1400,0.15,Bank Transfer,Pending,,,1190.0,0.15,1190.0,False,False,0.0,2026-03-01
12716,C1032,2026-04-22 03:55:00,43.0,Female,Alexandria,Electronics,Headphones,1,850,0.1,Mastercard,Cancelled,,,765.0,0.1,765.0,False,False,0.0,2026-04-01
17064,C1216,2026-05-03 04:42:00,59.0,Male,Cairo,Fashion,T-Shirt,1,500,0.15,Wallet,Pending,,,425.0,0.15,425.0,False,False,0.0,2026-05-01
16331,C1962,2026-01-25 15:42:00,35.0,Male,Giza,Home,Coffee Maker,1,1800,0.1,Bank Transfer,Cancelled,,,1620.0,0.1,1620.0,False,False,0.0,2026-01-01
11066,C0549,2026-05-01 05:25:00,19.0,Female,Aswan,Beauty,Perfume,3,1100,0.1,Wallet,Pending,,,2970.0,0.1,2970.0,False,False,0.0,2026-05-01
12678,C1513,2026-05-11 10:07:00,56.0,Female,Giza,Sports,Dumbbells,1,1400,0,Cash,Pending,,,1400.0,0.0,1400.0,False,False,0.0,2026-05-01
10900,C0452,2026-06-11 23:05:00,45.0,Female,Cairo,Fashion,Bag,4,750,0,Mastercard,Pending,,,3000.0,0.0,3000.0,False,False,0.0,2026-06-01
17500,C1980,2026-06-26 09:42:00,58.0,Male,Cairo,Electronics,Laptop,2,18000,0,Wallet,Pending,,,36000.0,0.0,36000.0,False,False,0.0,2026-06-01
10905,C0370,2026-01-21 23:37:00,20.0,Male,Cairo,Fashion,Jeans,2,900,0.05,Mastercard,Cancelled,,,1710.0,0.05,1710.0,False,False,0.0,2026-01-01
19891,C1738,2026-02-21 02:26:00,18.0,Female,Alexandria,Beauty,Makeup Kit,1,900,0,Visa,Pending,,,900.0,0.0,900.0,False,False,0.0,2026-02-01
15597,C1334,2026-06-11 18:02:00,18.0,Male,Tanta,Fashion,T-Shirt,2,500,0,Mastercard,Pending,,,1000.0,0.0,1000.0,False,False,0.0,2026-06-01
14284,C0525,2026-01-18 03:46:00,31.0,Male,Mansoura,Electronics,Headphones,1,850,0.1,Wallet,Cancelled,,,765.0,0.1,765.0,False,False,0.0,2026-01-01
19339,C1480,2026-04-18 10:28:00,50.0,Female,Cairo,Home,Blender,2,1200,0,Cash,Cancelled,,,2400.0,0.0,2400.0,False,False,0.0,2026-04-01
11323,C1041,2026-05-21 19:59:00,65.0,Male,Alexandria,Sports,Football,1,650,0,Visa,Pending,,,650.0,0.0,650.0,False,False,0.0,2026-05-01
11738,C0117,2026-06-29 10:25:00,38.0,Male,Mansoura,Sports,Running Shoes,1,1800,0.05,Visa,Cancelled,,,1710.0,0.05,1710.0,False,False,0.0,2026-06-01
11615,C1434,2026-02-02 03:03:00,26.0,Male,Tanta,Sports,Yoga Mat,3,600,0,Wallet,Cancelled,,,1800.0,0.0,1800.0,False,False,0.0,2026-02-01
10533,C1279,2026-06-28 02:17:00,22.0,Male,Cairo,Electronics,Smart Watch,4,2200,0.2,Visa,Pending,,,7040.0,0.2,7040.0,False,False,0.0,2026-06-01
16450,C1424,2026-04-09 08:58:00,61.0,Female,Aswan,Fashion,Jacket,1,1200,0.15,Mastercard,Cancelled,,,1020.0,0.15,1020.0,False,False,0.0,2026-04-01
11920,C0798,2026-05-31 01:54:00,24.0,Female,Tanta,Electronics,Smart Watch,1,2200,0.05,Cash,Pending,,,2090.0,0.05,2090.0,False,False,0.0,2026-05-01
19195,C1315,2026-04-09 14:12:00,57.0,Male,Alexandria,Electronics,Keyboard,3,900,0.1,Wallet,Pending,,,2430.0,0.1,2430.0,False,False,0.0,2026-04-01
19686,C1092,2026-01-29 13:25:00,36.0,Male,Cairo,Home,Coffee Maker,2,1800,0,Mastercard,Cancelled,,,3600.0,0.0,3600.0,False,False,0.0,2026-01-01
12105,C1675,2026-03-26 07:40:00,33.0,Male,Cairo,Electronics,Keyboard,1,900,0,Bank Transfer,Cancelled,,,900.0,0.0,900.0,False,False,0.0,2026-03-01
18974,C0561,2026-05-30 17:25:00,62.0,Female,Cairo,Electronics,Headphones,2,850,0.1,Cash,Pending,,,1530.0,0.1,1530.0,False,False,0.0,2026-05-01
14121,C1156,2026-02-21 18:03:00,30.0,Female,Mansoura,Fashion,Shoes,3,1500,0.1,Visa,Cancelled,,,4050.0,0.1,4050.0,False,False,0.0,2026-02-01
19438,C0984,2026-01-15 23:12:00,20.0,Female,Alexandria,Home,Blender,4,1200,0,Visa,Pending,,,4800.0,0.0,4800.0,False,False,0.0,2026-01-01
15641,C0027,2026-06-09 13:32:00,22.0,Male,Alexandria,Home,Blender,1,1200,0.15,Visa,Pending,,,1020.0,0.15,1020.0,False,False,0.0,2026-06-01
10963,C0300,2026-01-14 00:00:00,27.0,Male,Mansoura,Fashion,T-Shirt,3,500,0,Wallet,Cancelled,,,1500.0,0.0,1500.0,False,False,0.0,2026-01-01
11907,C0828,2026-01-02 03:05:00,40.0,Female,Tanta,Beauty,Hair Dryer,2,1300,0.15,Cash,Cancelled,,,2210.0,0.15,2210.0,False,False,0.0,2026-01-01
15847,C0586,2026-02-02 01:36:00,66.0,Female,Giza,Sports,Dumbbells,1,1400,0%,Cash,Pending,,,1400.0,0.0,1400.0,False,False,0.0,2026-02-01
17590,C1620,2026-02-02 05:43:00,18.0,Female,Tanta,Sports,Tennis Racket,4,1600,0.15,Wallet,Cancelled,,,5440.0,0.15,5440.0,False,False,0.0,2026-02-01
10988,C0317,2026-06-23 04:49:00,28.0,Male,Aswan,Electronics,Mouse,4,450,0,Bank Transfer,Cancelled,,,1800.0,0.0,1800.0,False,False,0.0,2026-06-01
17876,C1462,2026-02-22 19:30:00,33.0,Female,Aswan,Home,Lamp,4,300,0.1,Visa,Pending,,,1080.0,0.1,1080.0,False,False,0.0,2026-02-01
18592,C0706,2026-03-30 08:24:00,62.0,Female,Alexandria,Home,Chair,2,2500,0,Cash,Pending,,,5000.0,0.0,5000.0,False,False,0.0,2026-03-01
11777,C1475,2026-06-09 16:41:00,22.0,Female,Giza,Fashion,Shoes,1,1500,0,Visa,Cancelled,,,1500.0,0.0,1500.0,False,False,0.0,2026-06-01
13052,C0321,2026-05-11 19:16:00,54.0,Male,Mansoura,Home,Lamp,2,300,0.1,Wallet,Pending,,,540.0,0.1,540.0,False,False,0.0,2026-05-01
15978,C1559,2026-03-11 12:30:00,22.0,Male,Mansoura,Electronics,Keyboard,3,900,0,Mastercard,Cancelled,,,2700.0,0.0,2700.0,False,False,0.0,2026-03-01
11531,C1778,2026-03-04 07:50:00,20.0,Female,Alexandria,Sports,Tennis Racket,2,1600,0.05,Bank Transfer,Cancelled,,,3040.0,0.05,3040.0,False,False,0.0,2026-03-01
18599,C0209,2026-02-15 15:57:00,37.0,Female,Alexandria,Fashion,Jacket,2,1200,0.05,Cash,Pending,,,2280.0,0.05,2280.0,False,False,0.0,2026-02-01
11770,C1382,2026-02-13 05:26:00,52.0,Male,Cairo,Fashion,Jeans,2,900,0.05,Bank Transfer,Cancelled,,,1710.0,0.05,1710.0,False,False,0.0,2026-02-01
19779,C1309,2026-05-30 12:27:00,30.0,Male,Cairo,Home,Bedsheet,1,700,0.1,Cash,Pending,,,630.0,0.1,630.0,False,False,0.0,2026-05-01
10458,C0688,2026-01-21 21:55:00,56.0,Male,Aswan,Beauty,Makeup Kit,2,900,0,Cash,Cancelled,,,1800.0,0.0,1800.0,False,False,0.0,2026-01-01
13885,C0812,2026-02-09 12:42:00,60.0,Male,Mansoura,Beauty,Makeup Kit,2,900,0.05,Bank Transfer,Pending,,,1710.0,0.05,1710.0,False,False,0.0,2026-02-01
12106,C0764,2026-06-23 10:33:00,52.0,Female,Giza,Home,Lamp,2,300,0.1,Cash,Pending,,,540.0,0.1,540.0,False,False,0.0,2026-06-01
19809,C0444,2026-04-14 13:52:00,24.0,Male,Tanta,Beauty,Face Cream,3,450,0.05,Wallet,Cancelled,,,1282.5,0.05,1282.5,False,False,0.0,2026-04-01
19133,C1867,2026-02-15 16:55:00,52.0,Male,Mansoura,Sports,Yoga Mat,2,600,0.05,Visa,Cancelled,,,1140.0,0.05,1140.0,False,False,0.0,2026-02-01
15887,C0399,2026-03-11 15:13:00,61.0,Female,Cairo,Fashion,Bag,1,750,0.1,Mastercard,Cancelled,,,675.0,0.1,675.0,False,False,0.0,2026-03-01
10217,C0612,2026-03-13 02:18:00,47.0,Female,Cairo,Beauty,Hair Dryer,1,1300,0,Mastercard,Pending,,,1300.0,0.0,1300.0,False,False,0.0,2026-03-01
17792,C0520,2026-02-03 12:42:00,33.0,Male,Mansoura,Sports,Football,1,650,0.15,Bank Transfer,Pending,,,552.5,0.15,552.5,False,False,0.0,2026-02-01
18660,C0347,2026-05-30 13:54:00,34.0,Female,Cairo,Fashion,Shoes,1,1500,0.1,Bank Transfer,Pending,,,1350.0,0.1,1350.0,False,False,0.0,2026-05-01
16518,C0247,2026-05-09 12:09:00,34.0,Female,Cairo,Home,Lamp,1,300,0.1,Mastercard,Pending,,,270.0,0.1,270.0,False,False,0.0,2026-05-01
10409,C0710,2026-05-20 15:16:00,62.0,Female,Giza,Fashion,Shoes,3,1500,0,Wallet,Pending,,,4500.0,0.0,4500.0,False,False,0.0,2026-05-01
11019,C1047,2026-06-07 13:53:00,40.0,Female,Alexandria,Home,Lamp,2,300,0.1,Mastercard,Cancelled,,,540.0,0.1,540.0,False,False,0.0,2026-06-01
11416,C0116,2026-03-31 09:23:00,30.0,Female,Mansoura,Sports,Football,1,650,0.05,Cash,Cancelled,,,617.5,0.05,617.5,False,False,0.0,2026-03-01
14714,C0145,2026-01-14 08:37:00,47.0,Female,Cairo,Sports,Tennis Racket,1,1600,0.15,Wallet,Cancelled,,,1360.0,0.15,1360.0,False,False,0.0,2026-01-01
18998,C1812,2026-02-03 17:39:00,30.0,Female,Cairo,Sports,Yoga Mat,1,600,0,Bank Transfer,Pending,,,600.0,0.0,600.0,False,False,0.0,2026-02-01
16147,C0388,2026-02-11 22:56:00,53.0,Female,Giza,Sports,Tennis Racket,2,1600,0,Cash,Pending,,,3200.0,0.0,3200.0,False,False,0.0,2026-02-01
16251,C0551,2026-05-20 11:10:00,65.0,Male,Mansoura,Electronics,Laptop,1,18000,0.05,Mastercard,Cancelled,,,17100.0,0.05,17100.0,False,False,0.0,2026-05-01
16623,C1778,2026-05-30 00:00:00,53.0,Male,Tanta,Beauty,Hair Dryer,2,1300,0.1,Visa,Pending,,,2340.0,0.1,2340.0,False,False,0.0,2026-05-01
10792,C0514,2026-03-29 01:56:00,31.0,Male,Mansoura,Electronics,Smart Watch,1,2200,0.05,Mastercard,Cancelled,,,2090.0,0.05,2090.0,False,False,0.0,2026-03-01
19064,C1730,2026-05-06 00:13:00,25.0,Male,Giza,Sports,Tennis Racket,1,1600,0.05,Mastercard,Pending,,,1520.0,0.05,1520.0,False,False,0.0,2026-05-01
10786,C0172,2026-02-24 18:28:00,19.0,Male,Cairo,Home,Bedsheet,4,700,0,Cash,Cancelled,,,2800.0,0.0,2800.0,False,False,0.0,2026-02-01
12186,C0954,2026-01-28 03:40:00,47.0,Male,Tanta,Sports,Running Shoes,1,1800,0.05,Mastercard,Pending,,,1710.0,0.05,1710.0,False,False,0.0,2026-01-01
11832,C0827,2026-05-02 20:27:00,20.0,Male,Giza,Beauty,Shampoo,2,250,0,Wallet,Pending,,,500.0,0.0,500.0,False,False,0.0,2026-05-01
13460,C0545,2026-05-23 23:35:00,51.0,Male,Cairo,Sports,Running Shoes,1,1800,0.1,Cash,Pending,,,1620.0,0.1,1620.0,False,False,0.0,2026-05-01
14132,C1200,2026-01-17 21:15:00,63.0,Female,Mansoura,Electronics,Headphones,2,850,0,Mastercard,Cancelled,,,1700.0,0.0,1700.0,False,False,0.0,2026-01-01
16052,C0990,2026-05-21 07:05:00,29.0,Female,Aswan,Fashion,Jeans,2,900,0.15,Visa,Cancelled,,,1530.0,0.15,1530.0,False,False,0.0,2026-05-01
19896,C1193,2026-01-11 07:01:00,26.0,Female,Mansoura,Home,Chair,4,2500,0,Bank Transfer,Pending,,,10000.0,0.0,10000.0,False,False,0.0,2026-01-01
11271,C1597,2026-02-22 18:26:00,57.0,Male,Mansoura,Sports,Football,2,650,0,Cash,Cancelled,,,1300.0,0.0,1300.0,False,False,0.0,2026-02-01
15157,C0516,2026-05-23 01:48:00,70.0,Male,Alexandria,Beauty,Hair Dryer,1,1300,0,Visa,Pending,,,1300.0,0.0,1300.0,False,False,0.0,2026-05-01
12577,C1775,2026-01-10 00:21:00,69.0,Female,Alexandria,Sports,Tennis Racket,3,1600,0.05,Mastercard,Cancelled,,,4560.0,0.05,4560.0,False,False,0.0,2026-01-01
13627,C0235,2026-05-10 11:40:00,55.0,Male,Giza,Electronics,Laptop,4,18000,0.05,Wallet,Pending,,,68400.0,0.05,68400.0,False,False,0.0,2026-05-01
17013,C1019,2026-04-05 00:19:00,66.0,Male,Tanta,Electronics,Laptop,1,18000,0.1,Cash,Pending,,,16200.0,0.1,16200.0,False,False,0.0,2026-04-01
15683,C0187,2026-03-02 23:26:00,68.0,Male,Tanta,Sports,Running Shoes,4,1800,0.1,Mastercard,Cancelled,,,6480.0,0.1,6480.0,False,False,0.0,2026-03-01
14110,C1715,2026-05-02 23:56:00,54.0,Male,Giza,Fashion,T-Shirt,1,500,0.05,Cash,Cancelled,,,475.0,0.05,475.0,False,False,0.0,2026-05-01
14323,C1961,2026-03-08 15:57:00,40.0,Female,Cairo,Electronics,Smart Watch,1,2200,0.15,Mastercard,Pending,,,1870.0,0.15,1870.0,False,False,0.0,2026-03-01
19574,C0496,2026-01-20 12:09:00,23.0,Male,Cairo,Sports,Tennis Racket,2,1600,0.05,Wallet,Cancelled,,,3040.0,0.05,3040.0,False,False,0.0,2026-01-01
14514,C0301,2026-06-04 10:31:00,20.0,Female,Cairo,Electronics,Mouse,4,450,0,Wallet,Cancelled,,,1800.0,0.0,1800.0,False,False,0.0,2026-06-01
11058,C1001,2026-02-28 12:38:00,57.0,Male,Tanta,Beauty,Perfume,3,1100,0.05,Visa,Cancelled,,,3135.0,0.05,3135.0,False,False,0.0,2026-02-01
18124,C0791,2026-06-07 04:41:00,37.0,Female,Alexandria,Sports,Tennis Racket,1,1600,0.05,Bank Transfer,Cancelled,,,1520.0,0.05,1520.0,False,False,0.0,2026-06-01
19238,C0607,2026-01-24 08:26:00,25.0,Male,Mansoura,Sports,Tennis Racket,2,1600,0,Cash,Pending,,,3200.0,0.0,3200.0,False,False,0.0,2026-01-01
15992,C0479,2026-02-15 21:45:00,50.0,Female,Giza,Beauty,Makeup Kit,4,900,0.15,Wallet,Pending,,,3060.0,0.15,3060.0,False,False,0.0,2026-02-01
13534,C0106,2026-05-18 21:06:00,34.0,Female,Mansoura,Electronics,laptop,2,18000,0,Mastercard,Cancelled,,,36000.0,0.0,36000.0,False,False,0.0,2026-05-01
17563,C1288,2026-04-09 17:25:00,42.0,Male,Cairo,Electronics,Laptop,1,18000,0.15,Wallet,Cancelled,,,15300.0,0.15,15300.0,False,False,0.0,2026-04-01
12187,C1505,2026-02-14 05:21:00,34.0,Female,Cairo,Sports,Football,1,650,0.15,Bank Transfer,Cancelled,,,552.5,0.15,552.5,False,False,0.0,2026-02-01
13121,C1954,2026-10-04 00:00:00,42.0,Male,Mansoura,Home,Chair,2,2500,0,Bank Transfer,Pending,,,5000.0,0.0,5000.0,False,False,0.0,2026-10-01
15112,C1236,2026-05-28 20:40:00,57.0,Male,Cairo,Beauty,Shampoo,1,250,0,Mastercard,Pending,,,250.0,0.0,250.0,False,False,0.0,2026-05-01
16525,C1779,2026-01-24 08:42:00,28.0,Male,Alexandria,Electronics,Laptop,1,18000,0.1,Wallet,Pending,,,16200.0,0.1,16200.0,False,False,0.0,2026-01-01
10478,C1121,2026-01-23 00:00:00,30.0,Female,Cairo,Electronics,Headphones,4,850,0.1,Cash,Pending,,,3060.0,0.1,3060.0,False,False,0.0,2026-01-01
11461,C0713,2026-03-04 06:27:00,63.0,Female,Alexandria,Electronics,Mouse,4,450,0.1,Wallet,Cancelled,,,1620.0,0.1,1620.0,False,False,0.0,2026-03-01
16648,C0006,2026-02-17 07:03:00,30.0,Female,Alexandria,Beauty,Face Cream,2,450,0,Mastercard,Cancelled,,,900.0,0.0,900.0,False,False,0.0,2026-02-01
13248,C1959,2026-04-15 04:43:00,46.0,Male,Mansoura,Beauty,Shampoo,1,250,0.05,Visa,Pending,,,237.5,0.05,237.5,False,False,0.0,2026-04-01
12404,C0191,2026-01-18 08:51:00,21.0,Male,Giza,Electronics,Laptop,2,18000,0.1,Cash,Pending,,,32400.0,0.1,32400.0,False,False,0.0,2026-01-01
19452,C1315,2026-04-13 03:44:00,43.0,Female,Cairo,Beauty,Face Cream,1,450,0.15,Cash,Cancelled,,,382.5,0.15,382.5,False,False,0.0,2026-04-01
15169,C1354,2026-01-09 01:19:00,48.0,Female,Giza,Electronics,Headphones,1,850,0,Visa,Cancelled,,,850.0,0.0,850.0,False,False,0.0,2026-01-01
16486,C0731,2026-05-22 08:08:00,21.0,Female,Giza,Electronics,Mouse,2,450,0,Mastercard,Pending,,,900.0,0.0,900.0,False,False,0.0,2026-05-01
12256,C1777,2026-02-25 08:41:00,22.0,Male,Alexandria,Sports,Running Shoes,4,1800,0.05,Bank Transfer,Pending,,,6840.0,0.05,6840.0,False,False,0.0,2026-02-01
13214,C0828,2026-04-06 01:55:00,31.0,Male,Cairo,Sports,Tennis Racket,3,1600,0,Visa,Pending,,,4800.0,0.0,4800.0,False,False,0.0,2026-04-01
18929,C1058,2026-04-18 13:58:00,35.0,Male,Aswan,Sports,Dumbbells,4,1400,0.05,Cash,Cancelled,,,5320.0,0.05,5320.0,False,False,0.0,2026-04-01
10394,C0797,2026-05-23 03:46:00,63.0,Male,Cairo,Fashion,Bag,2,750,0.15,Cash,Pending,,,1275.0,0.15,1275.0,False,False,0.0,2026-05-01
18503,C1766,2026-03-15 02:58:00,22.0,Male,Cairo,Sports,Football,4,650,0.05,Bank Transfer,Cancelled,,,2470.0,0.05,2470.0,False,False,0.0,2026-03-01
17672,C0109,2026-01-14 02:37:00,37.0,Female,Cairo,Sports,Football,2,650,0,Wallet,Pending,,,1300.0,0.0,1300.0,False,False,0.0,2026-01-01
14524,C1457,2026-03-20 15:08:00,38.0,Female,Tanta,Sports,Dumbbells,4,1400,0,Visa,Pending,,,5600.0,0.0,5600.0,False,False,0.0,2026-03-01
19002,C1013,2026-02-02 00:00:00,37.0,Male,Cairo,Electronics,mouse,1,450,0.05,Mastercard,Cancelled,,,427.5,0.05,427.5,False,False,0.0,2026-02-01
18969,C1728,2026-02-11 21:14:00,33.0,Male,Cairo,Home,Coffee Maker,3,1800,0,Cash,Cancelled,,,5400.0,0.0,5400.0,False,False,0.0,2026-02-01
15342,C1855,2026-03-13 12:05:00,56.0,Male,Cairo,Fashion,Jacket,2,1200,0.1,Cash,Pending,,,2160.0,0.1,2160.0,False,False,0.0,2026-03-01
17946,C1180,2026-01-24 05:11:00,48.0,Female,Cairo,Home,Coffee Maker,1,1800,0%,Bank Transfer,Cancelled,,,1800.0,0.0,1800.0,False,False,0.0,2026-01-01
14169,C0318,2026-04-17 06:51:00,58.0,Male,Tanta,Electronics,Mouse,1,450,0,Cash,Cancelled,,,450.0,0.0,450.0,False,False,0.0,2026-04-01
17762,C0767,2026-05-02 08:55:00,42.0,Female,Aswan,Fashion,Bag,1,750,0,Bank Transfer,Pending,,,750.0,0.0,750.0,False,False,0.0,2026-05-01
15863,C1434,2026-03-08 00:38:00,37.0,Male,Cairo,Fashion,Jacket,2,1200,0,Cash,Pending,,,2400.0,0.0,2400.0,False,False,0.0,2026-03-01
12863,C1510,2026-04-13 20:40:00,62.0,Female,Alexandria,Beauty,Face Cream,4,450,0,Cash,Pending,,,1800.0,0.0,1800.0,False,False,0.0,2026-04-01
16636,C0862,2026-05-13 01:34:00,22.0,Female,Alexandria,Beauty,Makeup Kit,1,900,0.1,Mastercard,Cancelled,,,810.0,0.1,810.0,False,False,0.0,2026-05-01
11539,C0409,2026-04-01 13:37:00,49.0,Female,Giza,Electronics,Laptop,1,18000,0,Mastercard,Pending,,,18000.0,0.0,18000.0,False,False,0.0,2026-04-01
14475,C0531,2026-03-04 19:51:00,55.0,Male,Cairo,Home,Blender,2,1200,0.1,Bank Transfer,Cancelled,,,2160.0,0.1,2160.0,False,False,0.0,2026-03-01
12428,C1056,2026-02-12 21:56:00,32.0,Male,Mansoura,Home,Bedsheet,1,700,0.2,Mastercard,Cancelled,,,560.0,0.2,560.0,False,False,0.0,2026-02-01
10548,C1816,2026-04-01 12:26:00,43.0,Male,Giza,Home,Bedsheet,2,700,0,Bank Transfer,Pending,,,1400.0,0.0,1400.0,False,False,0.0,2026-04-01
18402,C1013,2026-04-03 11:52:00,32.0,Female,Giza,Sports,Dumbbells,1,1400,0,Wallet,Cancelled,,,1400.0,0.0,1400.0,False,False,0.0,2026-04-01
17459,C1258,2026-06-14 10:05:00,28.0,Male,Mansoura,Beauty,Makeup Kit,4,900,0,Wallet,Cancelled,,,3600.0,0.0,3600.0,False,False,0.0,2026-06-01
14534,C1628,2026-05-13 15:02:00,47.0,Female,Cairo,Sports,Running Shoes,2,1800,0.1,Cash,Pending,,,3240.0,0.1,3240.0,False,False,0.0,2026-05-01
13245,C1959,2026-03-27 10:10:00,62.0,Male,Cairo,Home,Coffee Maker,1,1800,15%,Wallet,Pending,,,1530.0,0.15,1530.0,False,False,0.0,2026-03-01
18598,C0864,2026-04-16 03:04:00,34.0,Male,Cairo,Sports,Tennis Racket,1,1600,0.05,Bank Transfer,Cancelled,,,1520.0,0.05,1520.0,False,False,0.0,2026-04-01
13564,C0921,2026-05-19 08:05:00,53.0,Male,Cairo,Fashion,Jeans,1,900,0.1,Cash,Pending,,,810.0,0.1,810.0,False,False,0.0,2026-05-01
13601,C1086,2026-05-26 08:15:00,46.0,Male,Cairo,Home,Bedsheet,3,700,0.1,Mastercard,Cancelled,,,1890.0,0.1,1890.0,False,False,0.0,2026-05-01
13431,C0776,2026-03-12 11:51:00,29.0,Female,Giza,Beauty,Makeup Kit,3,900,0.1,Cash,Pending,,,2430.0,0.1,2430.0,False,False,0.0,2026-03-01
10470,C0071,2026-05-26 09:06:00,57.0,Male,Cairo,Electronics,Headphones,2,850,0.2,Wallet,Cancelled,,,1360.0,0.2,1360.0,False,False,0.0,2026-05-01
16677,C0493,2026-04-27 01:12:00,61.0,Female,Giza,Fashion,Bag,1,750,0.05,Bank Transfer,Pending,,,712.5,0.05,712.5,False,False,0.0,2026-04-01
15073,C0610,2026-05-11 03:30:00,22.0,Male,Cairo,Electronics,Smart Watch,2,2200,0,Wallet,Cancelled,,,4400.0,0.0,4400.0,False,False,0.0,2026-05-01
11797,C0909,2026-06-22 08:55:00,41.0,Male,Cairo,Beauty,Makeup Kit,3,900,0.1,Bank Transfer,Pending,,,2430.0,0.1,2430.0,False,False,0.0,2026-06-01
12507,C0662,2026-03-02 11:11:00,43.0,Male,Cairo,Home,Coffee Maker,1,1800,0.15,Wallet,Pending,,,1530.0,0.15,1530.0,False,False,0.0,2026-03-01
11754,C1146,2026-04-26 03:35:00,20.0,Female,Cairo,Home,Lamp,1,300,0,Visa,Cancelled,,,300.0,0.0,300.0,False,False,0.0,2026-04-01
12181,C0543,2026-01-26 04:56:00,37.0,Female,Alexandria,Beauty,Makeup Kit,2,900,0.1,Wallet,Pending,,,1620.0,0.1,1620.0,False,False,0.0,2026-01-01
12921,C0759,2026-03-11 21:03:00,,Female,Alexandria,Electronics,Keyboard,1,900,0.1,Cash,Cancelled,,,810.0,0.1,810.0,False,False,0.0,2026-03-01
13208,C0901,2026-05-03 06:19:00,57.0,Female,Cairo,Fashion,Jacket,1,1200,0.1,,Pending,,,1080.0,0.1,1080.0,False,False,0.0,2026-05-01
15554,,2026-06-14 06:05:00,70.0,Female,Alexandria,Sports,Football,3,650,0.1,Bank Transfer,Cancelled,,,1755.0,0.1,1755.0,False,False,0.0,2026-06-01
11762,C0872,2026-02-23 18:24:00,20.0,Male,Alexandria,Electronics,Mouse,1,450,0.1,,Pending,,,405.0,0.1,405.0,False,False,0.0,2026-02-01
17694,C0861,2026-01-15 00:10:00,,Male,Alexandria,Electronics,Laptop,1,18000,0,Mastercard,Cancelled,,,18000.0,0.0,18000.0,False,False,0.0,2026-01-01
13254,C1574,2026-04-24 12:33:00,36.0,Male,Aswan,Electronics,Smart Watch,2,2200,0.1,,Cancelled,,,3960.0,0.1,3960.0,False,False,0.0,2026-04-01
16104,C0671,2026-04-25 01:44:00,,Male,Giza,Electronics,Smart Watch,3,2200,0.05,Bank Transfer,Pending,,,6270.0,0.05,6270.0,False,False,0.0,2026-04-01
16313,C1795,2026-01-03 22:08:00,,Male,Cairo,Electronics,Laptop,1,18000,0.15,Wallet,Cancelled,,,15300.0,0.15,15300.0,False,False,0.0,2026-01-01
16864,C1428,2026-01-25 17:57:00,31.0,Female,Cairo,Electronics,Laptop,1,18000,0,,Pending,,,18000.0,0.0,18000.0,False,False,0.0,2026-01-01
12706,C0964,2026-02-12 12:37:00,,Female,Cairo,Beauty,Shampoo,1,250,0,Mastercard,Cancelled,,,250.0,0.0,250.0,False,False,0.0,2026-02-01
16695,C1621,2026-04-02 16:48:00,32.0,Female,Giza,Electronics,Mouse,2,450,0.1,,Pending,,,810.0,0.1,810.0,False,False,0.0,2026-04-01
19454,C1357,2026-06-17 11:15:00,31.0,Male,Mansoura,Beauty,Face Cream,1,450,0,,Pending,,,450.0,0.0,450.0,False,False,0.0,2026-06-01
16546,C1085,2026-07-02 00:00:00,,Male,Alexandria,Sports,Tennis Racket,1,1600,0.2,Mastercard,Pending,,,1280.0,0.2,1280.0,False,False,0.0,2026-07-01
12542,C1612,2026-04-24 02:41:00,56.0,Female,Giza,Home,,3,1200,0,Mastercard,Pending,,,3600.0,0.0,3600.0,False,False,0.0,2026-04-01
16732,C1534,2026-02-10 17:48:00,24.0,Female,Aswan,Beauty,Hair Dryer,1,1300,0.15,,Pending,,,1105.0,0.15,1105.0,False,False,0.0,2026-02-01
19098,C1870,2026-01-25 06:58:00,37.0,Female,Cairo,Fashion,Bag,3,750,0.1,,Pending,,,2025.0,0.1,2025.0,False,False,0.0,2026-01-01
16111,C0766,2026-06-14 13:57:00,,Male,Cairo,Sports,Running Shoes,1,1800,0.1,Wallet,Cancelled,,,1620.0,0.1,1620.0,False,False,0.0,2026-06-01
16079,C1976,2026-01-18 14:49:00,,Male,Cairo,Beauty,Hair Dryer,1,1300,0,Visa,Cancelled,,,1300.0,0.0,1300.0,False,False,0.0,2026-01-01
